── Attaching packages ────────────────────────────────────── tidymodels 1.4.1 ──
✔ broom        1.0.12     ✔ recipes      1.3.2 
✔ dials        1.4.3      ✔ rsample      1.3.2 
✔ dplyr        1.2.1      ✔ tailor       0.1.0 
✔ ggplot2      4.0.2      ✔ tidyr        1.3.2 
✔ infer        1.1.0      ✔ tune         2.0.1 
✔ modeldata    1.5.1      ✔ workflows    1.3.0 
✔ parsnip      1.5.0      ✔ workflowsets 1.1.1 
✔ purrr        1.2.2      ✔ yardstick    1.4.0 
── Conflicts ───────────────────────────────────────── tidymodels_conflicts() ──
✖ purrr::discard() masks scales::discard()
✖ dplyr::filter()  masks stats::filter()
✖ dplyr::lag()     masks stats::lag()
✖ recipes::step()  masks stats::step()

Attaching package: ‘vip’

The following object is masked from ‘package:utils’:

    vi

── Attaching core tidyverse packages ──────────────────────── tidyverse 2.0.0 ──
✔ forcats   1.0.1     ✔ stringr   1.5.1
✔ lubridate 1.9.5     ✔ tibble    3.2.1
✔ readr     2.2.0     
── Conflicts ────────────────────────────────────────── tidyverse_conflicts() ──
✖ readr::col_factor() masks scales::col_factor()
✖ purrr::discard()    masks scales::discard()
✖ dplyr::filter()     masks stats::filter()
✖ stringr::fixed()    masks recipes::fixed()
✖ dplyr::lag()        masks stats::lag()
✖ readr::spec()       masks yardstick::spec()
ℹ Use the conflicted package (<http://conflicted.r-lib.org/>) to force all conflicts to become errors
Loading required package: foreach

Attaching package: ‘foreach’

The following objects are masked from ‘package:purrr’:

    accumulate, when

Loading required package: iterators
Loading required package: parallel
Rows: 107216 Columns: 11
── Column specification ────────────────────────────────────────────────────────
Delimiter: ","
chr (3): site, hybrid, previous_crop
dbl (8): yield_mg_ha, year, longitude, latitude, soilp_h, om_pct, soilk_ppm,...

ℹ Use `spec()` to retrieve the full column specification for this data.
ℹ Specify the column types or set `show_col_types = FALSE` to quiet this message.
Rows: 10057 Columns: 10
── Column specification ────────────────────────────────────────────────────────
Delimiter: ","
chr (3): site, hybrid, previous_crop
dbl (7): year, longitude, latitude, soilp_h, om_pct, soilk_ppm, soilp_ppm

ℹ Use `spec()` to retrieve the full column specification for this data.
ℹ Specify the column types or set `show_col_types = FALSE` to quiet this message.
Warning message:
In grid.Call.graphics(C_text, as.graphicsAnnot(x$label), x$x, x$y,  :
  for 'Missing Data — Training Set' in 'mbcsToSbcs': - substituted for — (U+2014)

── Recipe ──────────────────────────────────────────────────────────────────────

── Inputs 
Number of variables by role
outcome:    1
predictor: 10

── Operations 
• Novel factor level assignment for: all_nominal_predictors()
• Collapsing factor levels for: all_nominal_predictors()
• Median imputation for: all_numeric_predictors()
• Mode imputation for: all_nominal_predictors()
• Dummy variables from: all_nominal_predictors()
• Sparse, unbalanced variable filter on: all_predictors()

── Recipe ──────────────────────────────────────────────────────────────────────

── Inputs 
Number of variables by role
outcome:    1
predictor: 10

── Training information 
Training data contained 107216 data points and 35744 incomplete rows.

── Operations 
• Novel factor level assignment for: site, hybrid, previous_crop | Trained
• Collapsing factor levels for: site, hybrid, previous_crop | Trained
• Median imputation for: year, longitude, latitude, soilp_h, ... | Trained
• Mode imputation for: site, hybrid, previous_crop | Trained
• Dummy variables from: site, hybrid, previous_crop | Trained
• Sparse, unbalanced variable filter removed: site_ARH1, ... | Trained
i Fold07: preprocessor 1/1
i Fold07: preprocessor 1/1, model 1/1
i Fold07: preprocessor 1/1, model 1/1 (predictions)
i Fold09: preprocessor 1/1
i Fold09: preprocessor 1/1, model 1/1
i Fold09: preprocessor 1/1, model 1/1 (predictions)
i Fold05: preprocessor 1/1
i Fold05: preprocessor 1/1, model 1/1
i Fold05: preprocessor 1/1, model 1/1 (predictions)
i Fold07: preprocessor 1/1
i Fold07: preprocessor 1/1, model 1/1
i Fold07: preprocessor 1/1, model 1/1 (predictions)
i Fold09: preprocessor 1/1
i Fold09: preprocessor 1/1, model 1/1
i Fold09: preprocessor 1/1, model 1/1 (predictions)
i Fold05: preprocessor 1/1
i Fold05: preprocessor 1/1, model 1/1
i Fold05: preprocessor 1/1, model 1/1 (predictions)
i Fold07: preprocessor 1/1
i Fold07: preprocessor 1/1, model 1/1
i Fold07: preprocessor 1/1, model 1/1 (predictions)
i Fold09: preprocessor 1/1
i Fold09: preprocessor 1/1, model 1/1
i Fold09: preprocessor 1/1, model 1/1 (predictions)
i Fold05: preprocessor 1/1
i Fold05: preprocessor 1/1, model 1/1
i Fold05: preprocessor 1/1, model 1/1 (predictions)
i Fold07: preprocessor 1/1
i Fold07: preprocessor 1/1, model 1/1
i Fold07: preprocessor 1/1, model 1/1 (predictions)
i Fold09: preprocessor 1/1
i Fold09: preprocessor 1/1, model 1/1
i Fold09: preprocessor 1/1, model 1/1 (predictions)
i Fold05: preprocessor 1/1
i Fold05: preprocessor 1/1, model 1/1
i Fold05: preprocessor 1/1, model 1/1 (predictions)
i Fold07: preprocessor 1/1
i Fold07: preprocessor 1/1, model 1/1
i Fold07: preprocessor 1/1, model 1/1 (predictions)
i Fold09: preprocessor 1/1
i Fold09: preprocessor 1/1, model 1/1
i Fold09: preprocessor 1/1, model 1/1 (predictions)
i Fold05: preprocessor 1/1
i Fold05: preprocessor 1/1, model 1/1
i Fold05: preprocessor 1/1, model 1/1 (predictions)
i Fold07: preprocessor 1/1
i Fold07: preprocessor 1/1, model 1/1
i Fold07: preprocessor 1/1, model 1/1 (predictions)
i Fold09: preprocessor 1/1
i Fold09: preprocessor 1/1, model 1/1
i Fold09: preprocessor 1/1, model 1/1 (predictions)
i Fold05: preprocessor 1/1
i Fold05: preprocessor 1/1, model 1/1
i Fold05: preprocessor 1/1, model 1/1 (predictions)
i Fold07: preprocessor 1/1
i Fold07: preprocessor 1/1, model 1/1
i Fold07: preprocessor 1/1, model 1/1 (predictions)
i Fold09: preprocessor 1/1
i Fold09: preprocessor 1/1, model 1/1
i Fold09: preprocessor 1/1, model 1/1 (predictions)
i Fold05: preprocessor 1/1
i Fold05: preprocessor 1/1, model 1/1
i Fold05: preprocessor 1/1, model 1/1 (predictions)
i Fold07: preprocessor 1/1
i Fold07: preprocessor 1/1, model 1/1
i Fold07: preprocessor 1/1, model 1/1 (predictions)
i Fold09: preprocessor 1/1
i Fold09: preprocessor 1/1, model 1/1
i Fold09: preprocessor 1/1, model 1/1 (predictions)
i Fold05: preprocessor 1/1
i Fold05: preprocessor 1/1, model 1/1
i Fold05: preprocessor 1/1, model 1/1 (predictions)
i Fold07: preprocessor 1/1
i Fold07: preprocessor 1/1, model 1/1
i Fold07: preprocessor 1/1, model 1/1 (predictions)
i Fold09: preprocessor 1/1
i Fold09: preprocessor 1/1, model 1/1
i Fold09: preprocessor 1/1, model 1/1 (predictions)
i Fold05: preprocessor 1/1
i Fold05: preprocessor 1/1, model 1/1
i Fold05: preprocessor 1/1, model 1/1 (predictions)
i Fold07: preprocessor 1/1
i Fold07: preprocessor 1/1, model 1/1
i Fold07: preprocessor 1/1, model 1/1 (predictions)
i Fold09: preprocessor 1/1
i Fold09: preprocessor 1/1, model 1/1
i Fold09: preprocessor 1/1, model 1/1 (predictions)
i Fold05: preprocessor 1/1
i Fold05: preprocessor 1/1, model 1/1
i Fold05: preprocessor 1/1, model 1/1 (predictions)
i Fold07: preprocessor 1/1
i Fold07: preprocessor 1/1, model 1/1
i Fold07: preprocessor 1/1, model 1/1 (predictions)
i Fold09: preprocessor 1/1
i Fold09: preprocessor 1/1, model 1/1
i Fold09: preprocessor 1/1, model 1/1 (predictions)
i Fold05: preprocessor 1/1
i Fold05: preprocessor 1/1, model 1/1
i Fold05: preprocessor 1/1, model 1/1 (predictions)
i Fold07: preprocessor 1/1
i Fold07: preprocessor 1/1, model 1/1
i Fold07: preprocessor 1/1, model 1/1 (predictions)
i Fold09: preprocessor 1/1
i Fold09: preprocessor 1/1, model 1/1
i Fold09: preprocessor 1/1, model 1/1 (predictions)
i Fold05: preprocessor 1/1
i Fold05: preprocessor 1/1, model 1/1
i Fold05: preprocessor 1/1, model 1/1 (predictions)
i Fold07: preprocessor 1/1
i Fold07: preprocessor 1/1, model 1/1
i Fold07: preprocessor 1/1, model 1/1 (predictions)
i Fold09: preprocessor 1/1
i Fold09: preprocessor 1/1, model 1/1
i Fold09: preprocessor 1/1, model 1/1 (predictions)
i Fold05: preprocessor 1/1
i Fold05: preprocessor 1/1, model 1/1
i Fold05: preprocessor 1/1, model 1/1 (predictions)
i Fold07: preprocessor 1/1
i Fold07: preprocessor 1/1, model 1/1
i Fold07: preprocessor 1/1, model 1/1 (predictions)
i Fold09: preprocessor 1/1
i Fold09: preprocessor 1/1, model 1/1
i Fold09: preprocessor 1/1, model 1/1 (predictions)
i Fold05: preprocessor 1/1
i Fold05: preprocessor 1/1, model 1/1
i Fold05: preprocessor 1/1, model 1/1 (predictions)
i Fold07: preprocessor 1/1
i Fold07: preprocessor 1/1, model 1/1
i Fold07: preprocessor 1/1, model 1/1 (predictions)
i Fold09: preprocessor 1/1
i Fold09: preprocessor 1/1, model 1/1
i Fold09: preprocessor 1/1, model 1/1 (predictions)
i Fold05: preprocessor 1/1
i Fold05: preprocessor 1/1, model 1/1
i Fold05: preprocessor 1/1, model 1/1 (predictions)
i Fold07: preprocessor 1/1
i Fold07: preprocessor 1/1, model 1/1
i Fold07: preprocessor 1/1, model 1/1 (predictions)
i Fold09: preprocessor 1/1
i Fold09: preprocessor 1/1, model 1/1
i Fold09: preprocessor 1/1, model 1/1 (predictions)
i Fold05: preprocessor 1/1
i Fold05: preprocessor 1/1, model 1/1
i Fold05: preprocessor 1/1, model 1/1 (predictions)
i Fold07: preprocessor 1/1
i Fold07: preprocessor 1/1, model 1/1
i Fold07: preprocessor 1/1, model 1/1 (predictions)
i Fold09: preprocessor 1/1
i Fold09: preprocessor 1/1, model 1/1
i Fold09: preprocessor 1/1, model 1/1 (predictions)
i Fold05: preprocessor 1/1
i Fold05: preprocessor 1/1, model 1/1
i Fold05: preprocessor 1/1, model 1/1 (predictions)
i Fold07: preprocessor 1/1
i Fold07: preprocessor 1/1, model 1/1
i Fold07: preprocessor 1/1, model 1/1 (predictions)
i Fold09: preprocessor 1/1
i Fold09: preprocessor 1/1, model 1/1
i Fold09: preprocessor 1/1, model 1/1 (predictions)
i Fold05: preprocessor 1/1
i Fold05: preprocessor 1/1, model 1/1
i Fold05: preprocessor 1/1, model 1/1 (predictions)
i Fold07: preprocessor 1/1
i Fold07: preprocessor 1/1, model 1/1
i Fold07: preprocessor 1/1, model 1/1 (predictions)
i Fold09: preprocessor 1/1
i Fold09: preprocessor 1/1, model 1/1
i Fold09: preprocessor 1/1, model 1/1 (predictions)
i Fold05: preprocessor 1/1
i Fold05: preprocessor 1/1, model 1/1
i Fold05: preprocessor 1/1, model 1/1 (predictions)
i Fold07: preprocessor 1/1
i Fold07: preprocessor 1/1, model 1/1
i Fold07: preprocessor 1/1, model 1/1 (predictions)
i Fold09: preprocessor 1/1
i Fold09: preprocessor 1/1, model 1/1
i Fold09: preprocessor 1/1, model 1/1 (predictions)
i Fold05: preprocessor 1/1
i Fold05: preprocessor 1/1, model 1/1
i Fold05: preprocessor 1/1, model 1/1 (predictions)
i Fold07: preprocessor 1/1
i Fold07: preprocessor 1/1, model 1/1
i Fold07: preprocessor 1/1, model 1/1 (predictions)
i Fold09: preprocessor 1/1
i Fold09: preprocessor 1/1, model 1/1
i Fold09: preprocessor 1/1, model 1/1 (predictions)
i Fold05: preprocessor 1/1
i Fold05: preprocessor 1/1, model 1/1
i Fold05: preprocessor 1/1, model 1/1 (predictions)
i Fold07: preprocessor 1/1
i Fold07: preprocessor 1/1, model 1/1
i Fold07: preprocessor 1/1, model 1/1 (predictions)
i Fold09: preprocessor 1/1
i Fold09: preprocessor 1/1, model 1/1
i Fold09: preprocessor 1/1, model 1/1 (predictions)
i Fold05: preprocessor 1/1
i Fold05: preprocessor 1/1, model 1/1
i Fold05: preprocessor 1/1, model 1/1 (predictions)
i Fold07: preprocessor 1/1
i Fold07: preprocessor 1/1, model 1/1
i Fold07: preprocessor 1/1, model 1/1 (predictions)
i Fold09: preprocessor 1/1
i Fold09: preprocessor 1/1, model 1/1
i Fold09: preprocessor 1/1, model 1/1 (predictions)
i Fold05: preprocessor 1/1
i Fold05: preprocessor 1/1, model 1/1
i Fold05: preprocessor 1/1, model 1/1 (predictions)
i Fold07: preprocessor 1/1
i Fold07: preprocessor 1/1, model 1/1
i Fold07: preprocessor 1/1, model 1/1 (predictions)
i Fold09: preprocessor 1/1
i Fold09: preprocessor 1/1, model 1/1
i Fold09: preprocessor 1/1, model 1/1 (predictions)
i Fold05: preprocessor 1/1
i Fold05: preprocessor 1/1, model 1/1
i Fold05: preprocessor 1/1, model 1/1 (predictions)
i Fold07: preprocessor 1/1
i Fold07: preprocessor 1/1, model 1/1
i Fold07: preprocessor 1/1, model 1/1 (predictions)
i Fold09: preprocessor 1/1
i Fold09: preprocessor 1/1, model 1/1
i Fold09: preprocessor 1/1, model 1/1 (predictions)
i Fold05: preprocessor 1/1
i Fold05: preprocessor 1/1, model 1/1
i Fold05: preprocessor 1/1, model 1/1 (predictions)
i Fold07: preprocessor 1/1
i Fold07: preprocessor 1/1, model 1/1
i Fold07: preprocessor 1/1, model 1/1 (predictions)
i Fold09: preprocessor 1/1
i Fold09: preprocessor 1/1, model 1/1
i Fold09: preprocessor 1/1, model 1/1 (predictions)
i Fold05: preprocessor 1/1
i Fold05: preprocessor 1/1, model 1/1
i Fold05: preprocessor 1/1, model 1/1 (predictions)
i Fold07: preprocessor 1/1
i Fold07: preprocessor 1/1, model 1/1
i Fold07: preprocessor 1/1, model 1/1 (predictions)
i Fold09: preprocessor 1/1
i Fold09: preprocessor 1/1, model 1/1
i Fold09: preprocessor 1/1, model 1/1 (predictions)
i Fold05: preprocessor 1/1
i Fold05: preprocessor 1/1, model 1/1
i Fold05: preprocessor 1/1, model 1/1 (predictions)
i Fold07: preprocessor 1/1
i Fold07: preprocessor 1/1, model 1/1
i Fold07: preprocessor 1/1, model 1/1 (predictions)
i Fold09: preprocessor 1/1
i Fold09: preprocessor 1/1, model 1/1
i Fold09: preprocessor 1/1, model 1/1 (predictions)
i Fold05: preprocessor 1/1
i Fold05: preprocessor 1/1, model 1/1
i Fold05: preprocessor 1/1, model 1/1 (predictions)
i Fold07: preprocessor 1/1
i Fold07: preprocessor 1/1, model 1/1
i Fold07: preprocessor 1/1, model 1/1 (predictions)
i Fold09: preprocessor 1/1
i Fold09: preprocessor 1/1, model 1/1
i Fold09: preprocessor 1/1, model 1/1 (predictions)
i Fold05: preprocessor 1/1
i Fold05: preprocessor 1/1, model 1/1
i Fold05: preprocessor 1/1, model 1/1 (predictions)
i Fold07: preprocessor 1/1
i Fold07: preprocessor 1/1, model 1/1
i Fold07: preprocessor 1/1, model 1/1 (predictions)
i Fold09: preprocessor 1/1
i Fold09: preprocessor 1/1, model 1/1
i Fold09: preprocessor 1/1, model 1/1 (predictions)
i Fold05: preprocessor 1/1
i Fold05: preprocessor 1/1, model 1/1
i Fold05: preprocessor 1/1, model 1/1 (predictions)
i Fold07: preprocessor 1/1
i Fold07: preprocessor 1/1, model 1/1
i Fold07: preprocessor 1/1, model 1/1 (predictions)
i Fold09: preprocessor 1/1
i Fold09: preprocessor 1/1, model 1/1
i Fold09: preprocessor 1/1, model 1/1 (predictions)
i Fold05: preprocessor 1/1
i Fold05: preprocessor 1/1, model 1/1
i Fold05: preprocessor 1/1, model 1/1 (predictions)
i Fold07: preprocessor 1/1
i Fold07: preprocessor 1/1, model 1/1
i Fold07: preprocessor 1/1, model 1/1 (predictions)
i Fold09: preprocessor 1/1
i Fold09: preprocessor 1/1, model 1/1
i Fold09: preprocessor 1/1, model 1/1 (predictions)
i Fold05: preprocessor 1/1
i Fold05: preprocessor 1/1, model 1/1
i Fold05: preprocessor 1/1, model 1/1 (predictions)
i Fold07: preprocessor 1/1
i Fold07: preprocessor 1/1, model 1/1
i Fold07: preprocessor 1/1, model 1/1 (predictions)
i Fold09: preprocessor 1/1
i Fold09: preprocessor 1/1, model 1/1
i Fold09: preprocessor 1/1, model 1/1 (predictions)
i Fold05: preprocessor 1/1
i Fold05: preprocessor 1/1, model 1/1
i Fold05: preprocessor 1/1, model 1/1 (predictions)
i Fold07: preprocessor 1/1
i Fold07: preprocessor 1/1, model 1/1
i Fold07: preprocessor 1/1, model 1/1 (predictions)
i Fold09: preprocessor 1/1
i Fold09: preprocessor 1/1, model 1/1
i Fold09: preprocessor 1/1, model 1/1 (predictions)
i Fold05: preprocessor 1/1
i Fold05: preprocessor 1/1, model 1/1
i Fold05: preprocessor 1/1, model 1/1 (predictions)
i Fold07: preprocessor 1/1
i Fold07: preprocessor 1/1, model 1/1
i Fold07: preprocessor 1/1, model 1/1 (predictions)
i Fold09: preprocessor 1/1
i Fold09: preprocessor 1/1, model 1/1
i Fold09: preprocessor 1/1, model 1/1 (predictions)
i Fold05: preprocessor 1/1
i Fold05: preprocessor 1/1, model 1/1
i Fold05: preprocessor 1/1, model 1/1 (predictions)
i Fold07: preprocessor 1/1
i Fold07: preprocessor 1/1, model 1/1
i Fold07: preprocessor 1/1, model 1/1 (predictions)
i Fold09: preprocessor 1/1
i Fold09: preprocessor 1/1, model 1/1
i Fold09: preprocessor 1/1, model 1/1 (predictions)
i Fold05: preprocessor 1/1
i Fold05: preprocessor 1/1, model 1/1
i Fold05: preprocessor 1/1, model 1/1 (predictions)
i Fold07: preprocessor 1/1
i Fold07: preprocessor 1/1, model 1/1
i Fold07: preprocessor 1/1, model 1/1 (predictions)
i Fold09: preprocessor 1/1
i Fold09: preprocessor 1/1, model 1/1
i Fold09: preprocessor 1/1, model 1/1 (predictions)
i Fold05: preprocessor 1/1
i Fold05: preprocessor 1/1, model 1/1
i Fold05: preprocessor 1/1, model 1/1 (predictions)
i Fold07: preprocessor 1/1
i Fold07: preprocessor 1/1, model 1/1
i Fold07: preprocessor 1/1, model 1/1 (predictions)
i Fold09: preprocessor 1/1
i Fold09: preprocessor 1/1, model 1/1
i Fold09: preprocessor 1/1, model 1/1 (predictions)
i Fold05: preprocessor 1/1
i Fold05: preprocessor 1/1, model 1/1
i Fold05: preprocessor 1/1, model 1/1 (predictions)
i Fold07: preprocessor 1/1
i Fold07: preprocessor 1/1, model 1/1
i Fold07: preprocessor 1/1, model 1/1 (predictions)
i Fold09: preprocessor 1/1
i Fold09: preprocessor 1/1, model 1/1
i Fold09: preprocessor 1/1, model 1/1 (predictions)
i Fold05: preprocessor 1/1
i Fold05: preprocessor 1/1, model 1/1
i Fold05: preprocessor 1/1, model 1/1 (predictions)
i Fold07: preprocessor 1/1
i Fold07: preprocessor 1/1, model 1/1
i Fold07: preprocessor 1/1, model 1/1 (predictions)
i Fold09: preprocessor 1/1
i Fold09: preprocessor 1/1, model 1/1
i Fold09: preprocessor 1/1, model 1/1 (predictions)
i Fold05: preprocessor 1/1
i Fold05: preprocessor 1/1, model 1/1
i Fold05: preprocessor 1/1, model 1/1 (predictions)
i Fold07: preprocessor 1/1
i Fold07: preprocessor 1/1, model 1/1
i Fold07: preprocessor 1/1, model 1/1 (predictions)
i Fold09: preprocessor 1/1
i Fold09: preprocessor 1/1, model 1/1
i Fold09: preprocessor 1/1, model 1/1 (predictions)
i Fold05: preprocessor 1/1
i Fold05: preprocessor 1/1, model 1/1
i Fold05: preprocessor 1/1, model 1/1 (predictions)
i Fold07: preprocessor 1/1
i Fold07: preprocessor 1/1, model 1/1
i Fold07: preprocessor 1/1, model 1/1 (predictions)
i Fold09: preprocessor 1/1
i Fold09: preprocessor 1/1, model 1/1
i Fold09: preprocessor 1/1, model 1/1 (predictions)
i Fold05: preprocessor 1/1
i Fold05: preprocessor 1/1, model 1/1
i Fold05: preprocessor 1/1, model 1/1 (predictions)
i Fold07: preprocessor 1/1
i Fold07: preprocessor 1/1, model 1/1
i Fold07: preprocessor 1/1, model 1/1 (predictions)
i Fold09: preprocessor 1/1
i Fold09: preprocessor 1/1, model 1/1
i Fold09: preprocessor 1/1, model 1/1 (predictions)
i Fold05: preprocessor 1/1
i Fold05: preprocessor 1/1, model 1/1
i Fold05: preprocessor 1/1, model 1/1 (predictions)
i Fold07: preprocessor 1/1
i Fold07: preprocessor 1/1, model 1/1
i Fold07: preprocessor 1/1, model 1/1 (predictions)
i Fold09: preprocessor 1/1
i Fold09: preprocessor 1/1, model 1/1
i Fold09: preprocessor 1/1, model 1/1 (predictions)
i Fold05: preprocessor 1/1
i Fold05: preprocessor 1/1, model 1/1
i Fold05: preprocessor 1/1, model 1/1 (predictions)
i Fold07: preprocessor 1/1
i Fold07: preprocessor 1/1, model 1/1
i Fold07: preprocessor 1/1, model 1/1 (predictions)
i Fold09: preprocessor 1/1
i Fold09: preprocessor 1/1, model 1/1
i Fold09: preprocessor 1/1, model 1/1 (predictions)
i Fold05: preprocessor 1/1
i Fold05: preprocessor 1/1, model 1/1
i Fold05: preprocessor 1/1, model 1/1 (predictions)
i Fold07: preprocessor 1/1
i Fold07: preprocessor 1/1, model 1/1
i Fold07: preprocessor 1/1, model 1/1 (predictions)
i Fold09: preprocessor 1/1
i Fold09: preprocessor 1/1, model 1/1
i Fold09: preprocessor 1/1, model 1/1 (predictions)
i Fold05: preprocessor 1/1
i Fold05: preprocessor 1/1, model 1/1
i Fold05: preprocessor 1/1, model 1/1 (predictions)
i Fold07: preprocessor 1/1
i Fold07: preprocessor 1/1, model 1/1
i Fold07: preprocessor 1/1, model 1/1 (predictions)
i Fold09: preprocessor 1/1
i Fold09: preprocessor 1/1, model 1/1
i Fold09: preprocessor 1/1, model 1/1 (predictions)
i Fold05: preprocessor 1/1
i Fold05: preprocessor 1/1, model 1/1
i Fold05: preprocessor 1/1, model 1/1 (predictions)
i Fold07: preprocessor 1/1
i Fold07: preprocessor 1/1, model 1/1
i Fold07: preprocessor 1/1, model 1/1 (predictions)
i Fold09: preprocessor 1/1
i Fold09: preprocessor 1/1, model 1/1
i Fold09: preprocessor 1/1, model 1/1 (predictions)
i Fold05: preprocessor 1/1
i Fold05: preprocessor 1/1, model 1/1
i Fold05: preprocessor 1/1, model 1/1 (predictions)
i Fold07: preprocessor 1/1
i Fold07: preprocessor 1/1, model 1/1
i Fold07: preprocessor 1/1, model 1/1 (predictions)
i Fold09: preprocessor 1/1
i Fold09: preprocessor 1/1, model 1/1
i Fold09: preprocessor 1/1, model 1/1 (predictions)
i Fold05: preprocessor 1/1
i Fold05: preprocessor 1/1, model 1/1
i Fold05: preprocessor 1/1, model 1/1 (predictions)
i Fold07: preprocessor 1/1
i Fold07: preprocessor 1/1, model 1/1
i Fold07: preprocessor 1/1, model 1/1 (predictions)
i Fold09: preprocessor 1/1
i Fold09: preprocessor 1/1, model 1/1
i Fold09: preprocessor 1/1, model 1/1 (predictions)
i Fold05: preprocessor 1/1
i Fold05: preprocessor 1/1, model 1/1
i Fold05: preprocessor 1/1, model 1/1 (predictions)
i Fold07: preprocessor 1/1
i Fold07: preprocessor 1/1, model 1/1
i Fold07: preprocessor 1/1, model 1/1 (predictions)
i Fold09: preprocessor 1/1
i Fold09: preprocessor 1/1, model 1/1
i Fold09: preprocessor 1/1, model 1/1 (predictions)
i Fold05: preprocessor 1/1
i Fold05: preprocessor 1/1, model 1/1
i Fold05: preprocessor 1/1, model 1/1 (predictions)
i Fold07: preprocessor 1/1
i Fold07: preprocessor 1/1, model 1/1
i Fold07: preprocessor 1/1, model 1/1 (predictions)
i Fold09: preprocessor 1/1
i Fold09: preprocessor 1/1, model 1/1
i Fold09: preprocessor 1/1, model 1/1 (predictions)
i Fold05: preprocessor 1/1
i Fold05: preprocessor 1/1, model 1/1
i Fold05: preprocessor 1/1, model 1/1 (predictions)
i Fold07: preprocessor 1/1
i Fold07: preprocessor 1/1, model 1/1
i Fold07: preprocessor 1/1, model 1/1 (predictions)
i Fold09: preprocessor 1/1
i Fold09: preprocessor 1/1, model 1/1
i Fold09: preprocessor 1/1, model 1/1 (predictions)
i Fold05: preprocessor 1/1
i Fold05: preprocessor 1/1, model 1/1
i Fold05: preprocessor 1/1, model 1/1 (predictions)
i Fold07: preprocessor 1/1
i Fold07: preprocessor 1/1, model 1/1
i Fold07: preprocessor 1/1, model 1/1 (predictions)
i Fold09: preprocessor 1/1
i Fold09: preprocessor 1/1, model 1/1
i Fold09: preprocessor 1/1, model 1/1 (predictions)
i Fold05: preprocessor 1/1
i Fold05: preprocessor 1/1, model 1/1
i Fold05: preprocessor 1/1, model 1/1 (predictions)
i Fold07: preprocessor 1/1
i Fold07: preprocessor 1/1, model 1/1
i Fold07: preprocessor 1/1, model 1/1 (predictions)
i Fold09: preprocessor 1/1
i Fold09: preprocessor 1/1, model 1/1
i Fold09: preprocessor 1/1, model 1/1 (predictions)
i Fold05: preprocessor 1/1
i Fold05: preprocessor 1/1, model 1/1
i Fold05: preprocessor 1/1, model 1/1 (predictions)
i Fold07: preprocessor 1/1
i Fold07: preprocessor 1/1, model 1/1
i Fold07: preprocessor 1/1, model 1/1 (predictions)
i Fold09: preprocessor 1/1
i Fold09: preprocessor 1/1, model 1/1
i Fold09: preprocessor 1/1, model 1/1 (predictions)
i Fold05: preprocessor 1/1
i Fold05: preprocessor 1/1, model 1/1
i Fold05: preprocessor 1/1, model 1/1 (predictions)
i Fold07: preprocessor 1/1
i Fold07: preprocessor 1/1, model 1/1
i Fold07: preprocessor 1/1, model 1/1 (predictions)
i Fold09: preprocessor 1/1
i Fold09: preprocessor 1/1, model 1/1
i Fold09: preprocessor 1/1, model 1/1 (predictions)
i Fold05: preprocessor 1/1
i Fold05: preprocessor 1/1, model 1/1
i Fold05: preprocessor 1/1, model 1/1 (predictions)
i Fold07: preprocessor 1/1
i Fold07: preprocessor 1/1, model 1/1
i Fold07: preprocessor 1/1, model 1/1 (predictions)
i Fold09: preprocessor 1/1
i Fold09: preprocessor 1/1, model 1/1
i Fold09: preprocessor 1/1, model 1/1 (predictions)
i Fold05: preprocessor 1/1
i Fold05: preprocessor 1/1, model 1/1
i Fold05: preprocessor 1/1, model 1/1 (predictions)
i Fold07: preprocessor 1/1
i Fold07: preprocessor 1/1, model 1/1
i Fold07: preprocessor 1/1, model 1/1 (predictions)
i Fold09: preprocessor 1/1
i Fold09: preprocessor 1/1, model 1/1
i Fold09: preprocessor 1/1, model 1/1 (predictions)
i Fold05: preprocessor 1/1
i Fold05: preprocessor 1/1, model 1/1
i Fold05: preprocessor 1/1, model 1/1 (predictions)
i Fold07: preprocessor 1/1
i Fold07: preprocessor 1/1, model 1/1
i Fold07: preprocessor 1/1, model 1/1 (predictions)
i Fold09: preprocessor 1/1
i Fold09: preprocessor 1/1, model 1/1
i Fold09: preprocessor 1/1, model 1/1 (predictions)
i Fold05: preprocessor 1/1
i Fold05: preprocessor 1/1, model 1/1
i Fold05: preprocessor 1/1, model 1/1 (predictions)
i Fold07: preprocessor 1/1
i Fold07: preprocessor 1/1, model 1/1
i Fold07: preprocessor 1/1, model 1/1 (predictions)
i Fold09: preprocessor 1/1
i Fold09: preprocessor 1/1, model 1/1
i Fold09: preprocessor 1/1, model 1/1 (predictions)
i Fold05: preprocessor 1/1
i Fold05: preprocessor 1/1, model 1/1
i Fold05: preprocessor 1/1, model 1/1 (predictions)
i Fold07: preprocessor 1/1
i Fold07: preprocessor 1/1, model 1/1
i Fold07: preprocessor 1/1, model 1/1 (predictions)
i Fold09: preprocessor 1/1
i Fold09: preprocessor 1/1, model 1/1
i Fold09: preprocessor 1/1, model 1/1 (predictions)
i Fold05: preprocessor 1/1
i Fold05: preprocessor 1/1, model 1/1
i Fold05: preprocessor 1/1, model 1/1 (predictions)
i Fold07: preprocessor 1/1
i Fold07: preprocessor 1/1, model 1/1
i Fold07: preprocessor 1/1, model 1/1 (predictions)
i Fold09: preprocessor 1/1
i Fold09: preprocessor 1/1, model 1/1
i Fold09: preprocessor 1/1, model 1/1 (predictions)
i Fold05: preprocessor 1/1
i Fold05: preprocessor 1/1, model 1/1
i Fold05: preprocessor 1/1, model 1/1 (predictions)
i Fold07: preprocessor 1/1
i Fold07: preprocessor 1/1, model 1/1
i Fold07: preprocessor 1/1, model 1/1 (predictions)
i Fold09: preprocessor 1/1
i Fold09: preprocessor 1/1, model 1/1
i Fold09: preprocessor 1/1, model 1/1 (predictions)
i Fold05: preprocessor 1/1
i Fold05: preprocessor 1/1, model 1/1
i Fold05: preprocessor 1/1, model 1/1 (predictions)
i Fold07: preprocessor 1/1
i Fold07: preprocessor 1/1, model 1/1
i Fold07: preprocessor 1/1, model 1/1 (predictions)
i Fold09: preprocessor 1/1
i Fold09: preprocessor 1/1, model 1/1
i Fold09: preprocessor 1/1, model 1/1 (predictions)
i Fold05: preprocessor 1/1
i Fold05: preprocessor 1/1, model 1/1
i Fold05: preprocessor 1/1, model 1/1 (predictions)
i Fold07: preprocessor 1/1
i Fold07: preprocessor 1/1, model 1/1
i Fold07: preprocessor 1/1, model 1/1 (predictions)
i Fold09: preprocessor 1/1
i Fold09: preprocessor 1/1, model 1/1
i Fold09: preprocessor 1/1, model 1/1 (predictions)
i Fold05: preprocessor 1/1
i Fold05: preprocessor 1/1, model 1/1
i Fold05: preprocessor 1/1, model 1/1 (predictions)
i Fold07: preprocessor 1/1
i Fold07: preprocessor 1/1, model 1/1
i Fold07: preprocessor 1/1, model 1/1 (predictions)
i Fold09: preprocessor 1/1
i Fold09: preprocessor 1/1, model 1/1
i Fold09: preprocessor 1/1, model 1/1 (predictions)
i Fold05: preprocessor 1/1
i Fold05: preprocessor 1/1, model 1/1
i Fold05: preprocessor 1/1, model 1/1 (predictions)
i Fold07: preprocessor 1/1
i Fold07: preprocessor 1/1, model 1/1
i Fold07: preprocessor 1/1, model 1/1 (predictions)
i Fold09: preprocessor 1/1
i Fold09: preprocessor 1/1, model 1/1
i Fold09: preprocessor 1/1, model 1/1 (predictions)
i Fold05: preprocessor 1/1
i Fold05: preprocessor 1/1, model 1/1
i Fold05: preprocessor 1/1, model 1/1 (predictions)
i Fold07: preprocessor 1/1
i Fold07: preprocessor 1/1, model 1/1
i Fold07: preprocessor 1/1, model 1/1 (predictions)
i Fold09: preprocessor 1/1
i Fold09: preprocessor 1/1, model 1/1
i Fold09: preprocessor 1/1, model 1/1 (predictions)
i Fold05: preprocessor 1/1
i Fold05: preprocessor 1/1, model 1/1
i Fold05: preprocessor 1/1, model 1/1 (predictions)
i Fold07: preprocessor 1/1
i Fold07: preprocessor 1/1, model 1/1
i Fold07: preprocessor 1/1, model 1/1 (predictions)
i Fold09: preprocessor 1/1
i Fold09: preprocessor 1/1, model 1/1
i Fold09: preprocessor 1/1, model 1/1 (predictions)
i Fold05: preprocessor 1/1
i Fold05: preprocessor 1/1, model 1/1
i Fold05: preprocessor 1/1, model 1/1 (predictions)
i Fold07: preprocessor 1/1
i Fold07: preprocessor 1/1, model 1/1
i Fold07: preprocessor 1/1, model 1/1 (predictions)
i Fold09: preprocessor 1/1
i Fold09: preprocessor 1/1, model 1/1
i Fold09: preprocessor 1/1, model 1/1 (predictions)
i Fold05: preprocessor 1/1
i Fold05: preprocessor 1/1, model 1/1
i Fold05: preprocessor 1/1, model 1/1 (predictions)
i Fold07: preprocessor 1/1
i Fold07: preprocessor 1/1, model 1/1
i Fold07: preprocessor 1/1, model 1/1 (predictions)
i Fold09: preprocessor 1/1
i Fold09: preprocessor 1/1, model 1/1
i Fold09: preprocessor 1/1, model 1/1 (predictions)
i Fold05: preprocessor 1/1
i Fold05: preprocessor 1/1, model 1/1
i Fold05: preprocessor 1/1, model 1/1 (predictions)
i Fold07: preprocessor 1/1
i Fold07: preprocessor 1/1, model 1/1
i Fold07: preprocessor 1/1, model 1/1 (predictions)
i Fold09: preprocessor 1/1
i Fold09: preprocessor 1/1, model 1/1
i Fold09: preprocessor 1/1, model 1/1 (predictions)
i Fold05: preprocessor 1/1
i Fold05: preprocessor 1/1, model 1/1
i Fold05: preprocessor 1/1, model 1/1 (predictions)
i Fold07: preprocessor 1/1
i Fold07: preprocessor 1/1, model 1/1
i Fold07: preprocessor 1/1, model 1/1 (predictions)
i Fold09: preprocessor 1/1
i Fold09: preprocessor 1/1, model 1/1
i Fold09: preprocessor 1/1, model 1/1 (predictions)
i Fold05: preprocessor 1/1
i Fold05: preprocessor 1/1, model 1/1
i Fold05: preprocessor 1/1, model 1/1 (predictions)
i Fold07: preprocessor 1/1
i Fold07: preprocessor 1/1, model 1/1
i Fold07: preprocessor 1/1, model 1/1 (predictions)
i Fold09: preprocessor 1/1
i Fold09: preprocessor 1/1, model 1/1
i Fold09: preprocessor 1/1, model 1/1 (predictions)
i Fold05: preprocessor 1/1
i Fold05: preprocessor 1/1, model 1/1
i Fold05: preprocessor 1/1, model 1/1 (predictions)
i Fold07: preprocessor 1/1
i Fold07: preprocessor 1/1, model 1/1
i Fold07: preprocessor 1/1, model 1/1 (predictions)
i Fold09: preprocessor 1/1
i Fold09: preprocessor 1/1, model 1/1
i Fold09: preprocessor 1/1, model 1/1 (predictions)
i Fold05: preprocessor 1/1
i Fold05: preprocessor 1/1, model 1/1
i Fold05: preprocessor 1/1, model 1/1 (predictions)
i Fold07: preprocessor 1/1
i Fold07: preprocessor 1/1, model 1/1
i Fold07: preprocessor 1/1, model 1/1 (predictions)
i Fold09: preprocessor 1/1
i Fold09: preprocessor 1/1, model 1/1
i Fold09: preprocessor 1/1, model 1/1 (predictions)
i Fold05: preprocessor 1/1
i Fold05: preprocessor 1/1, model 1/1
i Fold05: preprocessor 1/1, model 1/1 (predictions)
i Fold07: preprocessor 1/1
i Fold07: preprocessor 1/1, model 1/1
i Fold07: preprocessor 1/1, model 1/1 (predictions)
i Fold09: preprocessor 1/1
i Fold09: preprocessor 1/1, model 1/1
i Fold09: preprocessor 1/1, model 1/1 (predictions)
i Fold05: preprocessor 1/1
i Fold05: preprocessor 1/1, model 1/1
i Fold05: preprocessor 1/1, model 1/1 (predictions)
i Fold07: preprocessor 1/1
i Fold07: preprocessor 1/1, model 1/1
i Fold07: preprocessor 1/1, model 1/1 (predictions)
i Fold09: preprocessor 1/1
i Fold09: preprocessor 1/1, model 1/1
i Fold09: preprocessor 1/1, model 1/1 (predictions)
i Fold05: preprocessor 1/1
i Fold05: preprocessor 1/1, model 1/1
i Fold05: preprocessor 1/1, model 1/1 (predictions)
i Fold07: preprocessor 1/1
i Fold07: preprocessor 1/1, model 1/1
i Fold07: preprocessor 1/1, model 1/1 (predictions)
i Fold09: preprocessor 1/1
i Fold09: preprocessor 1/1, model 1/1
i Fold09: preprocessor 1/1, model 1/1 (predictions)
i Fold05: preprocessor 1/1
i Fold05: preprocessor 1/1, model 1/1
i Fold05: preprocessor 1/1, model 1/1 (predictions)
i Fold07: preprocessor 1/1
i Fold07: preprocessor 1/1, model 1/1
i Fold07: preprocessor 1/1, model 1/1 (predictions)
i Fold09: preprocessor 1/1
i Fold09: preprocessor 1/1, model 1/1
i Fold09: preprocessor 1/1, model 1/1 (predictions)
i Fold05: preprocessor 1/1
i Fold05: preprocessor 1/1, model 1/1
i Fold05: preprocessor 1/1, model 1/1 (predictions)
i Fold07: preprocessor 1/1
i Fold07: preprocessor 1/1, model 1/1
i Fold07: preprocessor 1/1, model 1/1 (predictions)
i Fold09: preprocessor 1/1
i Fold09: preprocessor 1/1, model 1/1
i Fold09: preprocessor 1/1, model 1/1 (predictions)
i Fold05: preprocessor 1/1
i Fold05: preprocessor 1/1, model 1/1
i Fold05: preprocessor 1/1, model 1/1 (predictions)
i Fold07: preprocessor 1/1
i Fold07: preprocessor 1/1, model 1/1
i Fold07: preprocessor 1/1, model 1/1 (predictions)
i Fold09: preprocessor 1/1
i Fold09: preprocessor 1/1, model 1/1
i Fold09: preprocessor 1/1, model 1/1 (predictions)
i Fold05: preprocessor 1/1
i Fold05: preprocessor 1/1, model 1/1
i Fold05: preprocessor 1/1, model 1/1 (predictions)
i Fold07: preprocessor 1/1
i Fold07: preprocessor 1/1, model 1/1
i Fold07: preprocessor 1/1, model 1/1 (predictions)
i Fold09: preprocessor 1/1
i Fold09: preprocessor 1/1, model 1/1
i Fold09: preprocessor 1/1, model 1/1 (predictions)
i Fold05: preprocessor 1/1
i Fold05: preprocessor 1/1, model 1/1
i Fold05: preprocessor 1/1, model 1/1 (predictions)
i Fold07: preprocessor 1/1
i Fold07: preprocessor 1/1, model 1/1
i Fold07: preprocessor 1/1, model 1/1 (predictions)
i Fold09: preprocessor 1/1
i Fold09: preprocessor 1/1, model 1/1
i Fold09: preprocessor 1/1, model 1/1 (predictions)
i Fold05: preprocessor 1/1
i Fold05: preprocessor 1/1, model 1/1
i Fold05: preprocessor 1/1, model 1/1 (predictions)
i Fold07: preprocessor 1/1
i Fold07: preprocessor 1/1, model 1/1
i Fold07: preprocessor 1/1, model 1/1 (predictions)
i Fold09: preprocessor 1/1
i Fold09: preprocessor 1/1, model 1/1
i Fold09: preprocessor 1/1, model 1/1 (predictions)
i Fold05: preprocessor 1/1
i Fold05: preprocessor 1/1, model 1/1
i Fold05: preprocessor 1/1, model 1/1 (predictions)
i Fold07: preprocessor 1/1
i Fold07: preprocessor 1/1, model 1/1
i Fold07: preprocessor 1/1, model 1/1 (predictions)
i Fold09: preprocessor 1/1
i Fold09: preprocessor 1/1, model 1/1
i Fold09: preprocessor 1/1, model 1/1 (predictions)
i Fold05: preprocessor 1/1
i Fold05: preprocessor 1/1, model 1/1
i Fold05: preprocessor 1/1, model 1/1 (predictions)
i Fold07: preprocessor 1/1
i Fold07: preprocessor 1/1, model 1/1
i Fold07: preprocessor 1/1, model 1/1 (predictions)
i Fold09: preprocessor 1/1
i Fold09: preprocessor 1/1, model 1/1
i Fold09: preprocessor 1/1, model 1/1 (predictions)
i Fold05: preprocessor 1/1
i Fold05: preprocessor 1/1, model 1/1
i Fold05: preprocessor 1/1, model 1/1 (predictions)
i Fold07: preprocessor 1/1
i Fold07: preprocessor 1/1, model 1/1
i Fold07: preprocessor 1/1, model 1/1 (predictions)
i Fold09: preprocessor 1/1
i Fold09: preprocessor 1/1, model 1/1
i Fold09: preprocessor 1/1, model 1/1 (predictions)
i Fold05: preprocessor 1/1
i Fold05: preprocessor 1/1, model 1/1
i Fold05: preprocessor 1/1, model 1/1 (predictions)
i Fold07: preprocessor 1/1
i Fold07: preprocessor 1/1, model 1/1
i Fold07: preprocessor 1/1, model 1/1 (predictions)
i Fold09: preprocessor 1/1
i Fold09: preprocessor 1/1, model 1/1
i Fold09: preprocessor 1/1, model 1/1 (predictions)
i Fold05: preprocessor 1/1
i Fold05: preprocessor 1/1, model 1/1
i Fold05: preprocessor 1/1, model 1/1 (predictions)
i Fold07: preprocessor 1/1
i Fold07: preprocessor 1/1, model 1/1
i Fold07: preprocessor 1/1, model 1/1 (predictions)
i Fold09: preprocessor 1/1
i Fold09: preprocessor 1/1, model 1/1
i Fold09: preprocessor 1/1, model 1/1 (predictions)
i Fold05: preprocessor 1/1
i Fold05: preprocessor 1/1, model 1/1
i Fold05: preprocessor 1/1, model 1/1 (predictions)
i Fold07: preprocessor 1/1
i Fold07: preprocessor 1/1, model 1/1
i Fold07: preprocessor 1/1, model 1/1 (predictions)
i Fold09: preprocessor 1/1
i Fold09: preprocessor 1/1, model 1/1
i Fold09: preprocessor 1/1, model 1/1 (predictions)
i Fold05: preprocessor 1/1
i Fold05: preprocessor 1/1, model 1/1
i Fold05: preprocessor 1/1, model 1/1 (predictions)
i Fold07: preprocessor 1/1
i Fold07: preprocessor 1/1, model 1/1
i Fold07: preprocessor 1/1, model 1/1 (predictions)
i Fold09: preprocessor 1/1
i Fold09: preprocessor 1/1, model 1/1
i Fold09: preprocessor 1/1, model 1/1 (predictions)
i Fold05: preprocessor 1/1
i Fold05: preprocessor 1/1, model 1/1
i Fold05: preprocessor 1/1, model 1/1 (predictions)
i Fold07: preprocessor 1/1
i Fold07: preprocessor 1/1, model 1/1
i Fold07: preprocessor 1/1, model 1/1 (predictions)
i Fold09: preprocessor 1/1
i Fold09: preprocessor 1/1, model 1/1
i Fold09: preprocessor 1/1, model 1/1 (predictions)
i Fold05: preprocessor 1/1
i Fold05: preprocessor 1/1, model 1/1
i Fold05: preprocessor 1/1, model 1/1 (predictions)
i Fold07: preprocessor 1/1
i Fold07: preprocessor 1/1, model 1/1
i Fold07: preprocessor 1/1, model 1/1 (predictions)
i Fold09: preprocessor 1/1
i Fold09: preprocessor 1/1, model 1/1
i Fold09: preprocessor 1/1, model 1/1 (predictions)
i Fold05: preprocessor 1/1
i Fold05: preprocessor 1/1, model 1/1
i Fold05: preprocessor 1/1, model 1/1 (predictions)
i Fold07: preprocessor 1/1
i Fold07: preprocessor 1/1, model 1/1
i Fold07: preprocessor 1/1, model 1/1 (predictions)
i Fold09: preprocessor 1/1
i Fold09: preprocessor 1/1, model 1/1
i Fold09: preprocessor 1/1, model 1/1 (predictions)
i Fold05: preprocessor 1/1
i Fold05: preprocessor 1/1, model 1/1
i Fold05: preprocessor 1/1, model 1/1 (predictions)
i Fold07: preprocessor 1/1
i Fold07: preprocessor 1/1, model 1/1
i Fold07: preprocessor 1/1, model 1/1 (predictions)
i Fold09: preprocessor 1/1
i Fold09: preprocessor 1/1, model 1/1
i Fold09: preprocessor 1/1, model 1/1 (predictions)
i Fold05: preprocessor 1/1
i Fold05: preprocessor 1/1, model 1/1
i Fold05: preprocessor 1/1, model 1/1 (predictions)
i Fold07: preprocessor 1/1
i Fold07: preprocessor 1/1, model 1/1
i Fold07: preprocessor 1/1, model 1/1 (predictions)
i Fold09: preprocessor 1/1
i Fold09: preprocessor 1/1, model 1/1
i Fold09: preprocessor 1/1, model 1/1 (predictions)
i Fold05: preprocessor 1/1
i Fold05: preprocessor 1/1, model 1/1
i Fold05: preprocessor 1/1, model 1/1 (predictions)
i Fold07: preprocessor 1/1
i Fold07: preprocessor 1/1, model 1/1
i Fold07: preprocessor 1/1, model 1/1 (predictions)
i Fold09: preprocessor 1/1
i Fold09: preprocessor 1/1, model 1/1
i Fold09: preprocessor 1/1, model 1/1 (predictions)
i Fold05: preprocessor 1/1
i Fold05: preprocessor 1/1, model 1/1
i Fold05: preprocessor 1/1, model 1/1 (predictions)
i Fold07: preprocessor 1/1
i Fold07: preprocessor 1/1, model 1/1
i Fold07: preprocessor 1/1, model 1/1 (predictions)
i Fold09: preprocessor 1/1
i Fold09: preprocessor 1/1, model 1/1
i Fold09: preprocessor 1/1, model 1/1 (predictions)
i Fold05: preprocessor 1/1
i Fold05: preprocessor 1/1, model 1/1
i Fold05: preprocessor 1/1, model 1/1 (predictions)
i Fold04: preprocessor 1/1
i Fold04: preprocessor 1/1, model 1/1
i Fold04: preprocessor 1/1, model 1/1 (predictions)
i Fold04: preprocessor 1/1
i Fold04: preprocessor 1/1, model 1/1
i Fold04: preprocessor 1/1, model 1/1 (predictions)
i Fold04: preprocessor 1/1
i Fold04: preprocessor 1/1, model 1/1
i Fold04: preprocessor 1/1, model 1/1 (predictions)
i Fold04: preprocessor 1/1
i Fold04: preprocessor 1/1, model 1/1
i Fold04: preprocessor 1/1, model 1/1 (predictions)
i Fold04: preprocessor 1/1
i Fold04: preprocessor 1/1, model 1/1
i Fold04: preprocessor 1/1, model 1/1 (predictions)
i Fold04: preprocessor 1/1
i Fold04: preprocessor 1/1, model 1/1
i Fold04: preprocessor 1/1, model 1/1 (predictions)
i Fold04: preprocessor 1/1
i Fold04: preprocessor 1/1, model 1/1
i Fold04: preprocessor 1/1, model 1/1 (predictions)
i Fold04: preprocessor 1/1
i Fold04: preprocessor 1/1, model 1/1
i Fold04: preprocessor 1/1, model 1/1 (predictions)
i Fold04: preprocessor 1/1
i Fold04: preprocessor 1/1, model 1/1
i Fold04: preprocessor 1/1, model 1/1 (predictions)
i Fold04: preprocessor 1/1
i Fold04: preprocessor 1/1, model 1/1
i Fold04: preprocessor 1/1, model 1/1 (predictions)
i Fold04: preprocessor 1/1
i Fold04: preprocessor 1/1, model 1/1
i Fold04: preprocessor 1/1, model 1/1 (predictions)
i Fold04: preprocessor 1/1
i Fold04: preprocessor 1/1, model 1/1
i Fold04: preprocessor 1/1, model 1/1 (predictions)
i Fold04: preprocessor 1/1
i Fold04: preprocessor 1/1, model 1/1
i Fold04: preprocessor 1/1, model 1/1 (predictions)
i Fold04: preprocessor 1/1
i Fold04: preprocessor 1/1, model 1/1
i Fold04: preprocessor 1/1, model 1/1 (predictions)
i Fold04: preprocessor 1/1
i Fold04: preprocessor 1/1, model 1/1
i Fold04: preprocessor 1/1, model 1/1 (predictions)
i Fold04: preprocessor 1/1
i Fold04: preprocessor 1/1, model 1/1
i Fold04: preprocessor 1/1, model 1/1 (predictions)
i Fold04: preprocessor 1/1
i Fold04: preprocessor 1/1, model 1/1
i Fold04: preprocessor 1/1, model 1/1 (predictions)
i Fold04: preprocessor 1/1
i Fold04: preprocessor 1/1, model 1/1
i Fold04: preprocessor 1/1, model 1/1 (predictions)
i Fold04: preprocessor 1/1
i Fold04: preprocessor 1/1, model 1/1
i Fold04: preprocessor 1/1, model 1/1 (predictions)
i Fold04: preprocessor 1/1
i Fold04: preprocessor 1/1, model 1/1
i Fold04: preprocessor 1/1, model 1/1 (predictions)
i Fold04: preprocessor 1/1
i Fold04: preprocessor 1/1, model 1/1
i Fold04: preprocessor 1/1, model 1/1 (predictions)
i Fold04: preprocessor 1/1
i Fold04: preprocessor 1/1, model 1/1
i Fold04: preprocessor 1/1, model 1/1 (predictions)
i Fold04: preprocessor 1/1
i Fold04: preprocessor 1/1, model 1/1
i Fold04: preprocessor 1/1, model 1/1 (predictions)
i Fold04: preprocessor 1/1
i Fold04: preprocessor 1/1, model 1/1
i Fold04: preprocessor 1/1, model 1/1 (predictions)
i Fold04: preprocessor 1/1
i Fold04: preprocessor 1/1, model 1/1
i Fold04: preprocessor 1/1, model 1/1 (predictions)
i Fold04: preprocessor 1/1
i Fold04: preprocessor 1/1, model 1/1
i Fold04: preprocessor 1/1, model 1/1 (predictions)
i Fold04: preprocessor 1/1
i Fold04: preprocessor 1/1, model 1/1
i Fold04: preprocessor 1/1, model 1/1 (predictions)
i Fold04: preprocessor 1/1
i Fold04: preprocessor 1/1, model 1/1
i Fold04: preprocessor 1/1, model 1/1 (predictions)
i Fold04: preprocessor 1/1
i Fold04: preprocessor 1/1, model 1/1
i Fold04: preprocessor 1/1, model 1/1 (predictions)
i Fold04: preprocessor 1/1
i Fold04: preprocessor 1/1, model 1/1
i Fold04: preprocessor 1/1, model 1/1 (predictions)
i Fold04: preprocessor 1/1
i Fold04: preprocessor 1/1, model 1/1
i Fold04: preprocessor 1/1, model 1/1 (predictions)
i Fold04: preprocessor 1/1
i Fold04: preprocessor 1/1, model 1/1
i Fold04: preprocessor 1/1, model 1/1 (predictions)
i Fold04: preprocessor 1/1
i Fold04: preprocessor 1/1, model 1/1
i Fold04: preprocessor 1/1, model 1/1 (predictions)
i Fold04: preprocessor 1/1
i Fold04: preprocessor 1/1, model 1/1
i Fold04: preprocessor 1/1, model 1/1 (predictions)
i Fold04: preprocessor 1/1
i Fold04: preprocessor 1/1, model 1/1
i Fold04: preprocessor 1/1, model 1/1 (predictions)
i Fold04: preprocessor 1/1
i Fold04: preprocessor 1/1, model 1/1
i Fold04: preprocessor 1/1, model 1/1 (predictions)
i Fold04: preprocessor 1/1
i Fold04: preprocessor 1/1, model 1/1
i Fold04: preprocessor 1/1, model 1/1 (predictions)
i Fold04: preprocessor 1/1
i Fold04: preprocessor 1/1, model 1/1
i Fold04: preprocessor 1/1, model 1/1 (predictions)
i Fold04: preprocessor 1/1
i Fold04: preprocessor 1/1, model 1/1
i Fold04: preprocessor 1/1, model 1/1 (predictions)
i Fold04: preprocessor 1/1
i Fold04: preprocessor 1/1, model 1/1
i Fold04: preprocessor 1/1, model 1/1 (predictions)
i Fold04: preprocessor 1/1
i Fold04: preprocessor 1/1, model 1/1
i Fold04: preprocessor 1/1, model 1/1 (predictions)
i Fold01: preprocessor 1/1
i Fold01: preprocessor 1/1, model 1/1
i Fold01: preprocessor 1/1, model 1/1 (predictions)
i Fold01: preprocessor 1/1
i Fold01: preprocessor 1/1, model 1/1
i Fold01: preprocessor 1/1, model 1/1 (predictions)
i Fold01: preprocessor 1/1
i Fold01: preprocessor 1/1, model 1/1
i Fold01: preprocessor 1/1, model 1/1 (predictions)
i Fold01: preprocessor 1/1
i Fold01: preprocessor 1/1, model 1/1
i Fold01: preprocessor 1/1, model 1/1 (predictions)
i Fold01: preprocessor 1/1
i Fold01: preprocessor 1/1, model 1/1
i Fold01: preprocessor 1/1, model 1/1 (predictions)
i Fold01: preprocessor 1/1
i Fold01: preprocessor 1/1, model 1/1
i Fold01: preprocessor 1/1, model 1/1 (predictions)
i Fold01: preprocessor 1/1
i Fold01: preprocessor 1/1, model 1/1
i Fold01: preprocessor 1/1, model 1/1 (predictions)
i Fold01: preprocessor 1/1
i Fold01: preprocessor 1/1, model 1/1
i Fold01: preprocessor 1/1, model 1/1 (predictions)
i Fold01: preprocessor 1/1
i Fold01: preprocessor 1/1, model 1/1
i Fold01: preprocessor 1/1, model 1/1 (predictions)
i Fold01: preprocessor 1/1
i Fold01: preprocessor 1/1, model 1/1
i Fold01: preprocessor 1/1, model 1/1 (predictions)
i Fold01: preprocessor 1/1
i Fold01: preprocessor 1/1, model 1/1
i Fold01: preprocessor 1/1, model 1/1 (predictions)
i Fold01: preprocessor 1/1
i Fold01: preprocessor 1/1, model 1/1
i Fold01: preprocessor 1/1, model 1/1 (predictions)
i Fold01: preprocessor 1/1
i Fold01: preprocessor 1/1, model 1/1
i Fold01: preprocessor 1/1, model 1/1 (predictions)
i Fold01: preprocessor 1/1
i Fold01: preprocessor 1/1, model 1/1
i Fold01: preprocessor 1/1, model 1/1 (predictions)
i Fold01: preprocessor 1/1
i Fold01: preprocessor 1/1, model 1/1
i Fold01: preprocessor 1/1, model 1/1 (predictions)
i Fold01: preprocessor 1/1
i Fold01: preprocessor 1/1, model 1/1
i Fold01: preprocessor 1/1, model 1/1 (predictions)
i Fold01: preprocessor 1/1
i Fold01: preprocessor 1/1, model 1/1
i Fold01: preprocessor 1/1, model 1/1 (predictions)
i Fold01: preprocessor 1/1
i Fold01: preprocessor 1/1, model 1/1
i Fold01: preprocessor 1/1, model 1/1 (predictions)
i Fold01: preprocessor 1/1
i Fold01: preprocessor 1/1, model 1/1
i Fold01: preprocessor 1/1, model 1/1 (predictions)
i Fold01: preprocessor 1/1
i Fold01: preprocessor 1/1, model 1/1
i Fold01: preprocessor 1/1, model 1/1 (predictions)
i Fold01: preprocessor 1/1
i Fold01: preprocessor 1/1, model 1/1
i Fold01: preprocessor 1/1, model 1/1 (predictions)
i Fold01: preprocessor 1/1
i Fold01: preprocessor 1/1, model 1/1
i Fold01: preprocessor 1/1, model 1/1 (predictions)
i Fold01: preprocessor 1/1
i Fold01: preprocessor 1/1, model 1/1
i Fold01: preprocessor 1/1, model 1/1 (predictions)
i Fold01: preprocessor 1/1
i Fold01: preprocessor 1/1, model 1/1
i Fold01: preprocessor 1/1, model 1/1 (predictions)
i Fold01: preprocessor 1/1
i Fold01: preprocessor 1/1, model 1/1
i Fold01: preprocessor 1/1, model 1/1 (predictions)
i Fold01: preprocessor 1/1
i Fold01: preprocessor 1/1, model 1/1
i Fold01: preprocessor 1/1, model 1/1 (predictions)
i Fold01: preprocessor 1/1
i Fold01: preprocessor 1/1, model 1/1
i Fold01: preprocessor 1/1, model 1/1 (predictions)
i Fold02: preprocessor 1/1
i Fold02: preprocessor 1/1, model 1/1
i Fold02: preprocessor 1/1, model 1/1 (predictions)
i Fold02: preprocessor 1/1
i Fold02: preprocessor 1/1, model 1/1
i Fold02: preprocessor 1/1, model 1/1 (predictions)
i Fold02: preprocessor 1/1
i Fold02: preprocessor 1/1, model 1/1
i Fold02: preprocessor 1/1, model 1/1 (predictions)
i Fold02: preprocessor 1/1
i Fold02: preprocessor 1/1, model 1/1
i Fold02: preprocessor 1/1, model 1/1 (predictions)
i Fold02: preprocessor 1/1
i Fold02: preprocessor 1/1, model 1/1
i Fold02: preprocessor 1/1, model 1/1 (predictions)
i Fold02: preprocessor 1/1
i Fold02: preprocessor 1/1, model 1/1
i Fold02: preprocessor 1/1, model 1/1 (predictions)
i Fold02: preprocessor 1/1
i Fold02: preprocessor 1/1, model 1/1
i Fold02: preprocessor 1/1, model 1/1 (predictions)
i Fold02: preprocessor 1/1
i Fold02: preprocessor 1/1, model 1/1
i Fold02: preprocessor 1/1, model 1/1 (predictions)
i Fold02: preprocessor 1/1
i Fold02: preprocessor 1/1, model 1/1
i Fold02: preprocessor 1/1, model 1/1 (predictions)
i Fold02: preprocessor 1/1
i Fold02: preprocessor 1/1, model 1/1
i Fold02: preprocessor 1/1, model 1/1 (predictions)
i Fold02: preprocessor 1/1
i Fold02: preprocessor 1/1, model 1/1
i Fold02: preprocessor 1/1, model 1/1 (predictions)
i Fold02: preprocessor 1/1
i Fold02: preprocessor 1/1, model 1/1
i Fold02: preprocessor 1/1, model 1/1 (predictions)
i Fold02: preprocessor 1/1
i Fold02: preprocessor 1/1, model 1/1
i Fold02: preprocessor 1/1, model 1/1 (predictions)
i Fold02: preprocessor 1/1
i Fold02: preprocessor 1/1, model 1/1
i Fold02: preprocessor 1/1, model 1/1 (predictions)
i Fold02: preprocessor 1/1
i Fold02: preprocessor 1/1, model 1/1
i Fold02: preprocessor 1/1, model 1/1 (predictions)
i Fold06: preprocessor 1/1
i Fold06: preprocessor 1/1, model 1/1
i Fold06: preprocessor 1/1, model 1/1 (predictions)
i Fold06: preprocessor 1/1
i Fold06: preprocessor 1/1, model 1/1
i Fold06: preprocessor 1/1, model 1/1 (predictions)
i Fold06: preprocessor 1/1
i Fold06: preprocessor 1/1, model 1/1
i Fold06: preprocessor 1/1, model 1/1 (predictions)
i Fold06: preprocessor 1/1
i Fold06: preprocessor 1/1, model 1/1
i Fold06: preprocessor 1/1, model 1/1 (predictions)
i Fold06: preprocessor 1/1
i Fold06: preprocessor 1/1, model 1/1
i Fold06: preprocessor 1/1, model 1/1 (predictions)
i Fold06: preprocessor 1/1
i Fold06: preprocessor 1/1, model 1/1
i Fold06: preprocessor 1/1, model 1/1 (predictions)
i Fold06: preprocessor 1/1
i Fold06: preprocessor 1/1, model 1/1
i Fold06: preprocessor 1/1, model 1/1 (predictions)
i Fold06: preprocessor 1/1
i Fold06: preprocessor 1/1, model 1/1
i Fold06: preprocessor 1/1, model 1/1 (predictions)
i Fold06: preprocessor 1/1
i Fold06: preprocessor 1/1, model 1/1
i Fold06: preprocessor 1/1, model 1/1 (predictions)
i Fold06: preprocessor 1/1
i Fold06: preprocessor 1/1, model 1/1
i Fold06: preprocessor 1/1, model 1/1 (predictions)
i Fold06: preprocessor 1/1
i Fold06: preprocessor 1/1, model 1/1
i Fold06: preprocessor 1/1, model 1/1 (predictions)
i Fold10: preprocessor 1/1
i Fold10: preprocessor 1/1, model 1/1
i Fold10: preprocessor 1/1, model 1/1 (predictions)
i Fold10: preprocessor 1/1
i Fold10: preprocessor 1/1, model 1/1
i Fold10: preprocessor 1/1, model 1/1 (predictions)
i Fold10: preprocessor 1/1
i Fold10: preprocessor 1/1, model 1/1
i Fold10: preprocessor 1/1, model 1/1 (predictions)
i Fold10: preprocessor 1/1
i Fold10: preprocessor 1/1, model 1/1
i Fold10: preprocessor 1/1, model 1/1 (predictions)
i Fold10: preprocessor 1/1
i Fold10: preprocessor 1/1, model 1/1
i Fold10: preprocessor 1/1, model 1/1 (predictions)
i Fold10: preprocessor 1/1
i Fold10: preprocessor 1/1, model 1/1
i Fold10: preprocessor 1/1, model 1/1 (predictions)
i Fold10: preprocessor 1/1
i Fold10: preprocessor 1/1, model 1/1
i Fold10: preprocessor 1/1, model 1/1 (predictions)
i Fold10: preprocessor 1/1
i Fold10: preprocessor 1/1, model 1/1
i Fold10: preprocessor 1/1, model 1/1 (predictions)
i Fold10: preprocessor 1/1
i Fold10: preprocessor 1/1, model 1/1
i Fold10: preprocessor 1/1, model 1/1 (predictions)
i Fold10: preprocessor 1/1
i Fold10: preprocessor 1/1, model 1/1
i Fold10: preprocessor 1/1, model 1/1 (predictions)
i Fold03: preprocessor 1/1
i Fold03: preprocessor 1/1, model 1/1
i Fold03: preprocessor 1/1, model 1/1 (predictions)
i Fold03: preprocessor 1/1
i Fold03: preprocessor 1/1, model 1/1
i Fold03: preprocessor 1/1, model 1/1 (predictions)
i Fold03: preprocessor 1/1
i Fold03: preprocessor 1/1, model 1/1
i Fold03: preprocessor 1/1, model 1/1 (predictions)
i Fold03: preprocessor 1/1
i Fold03: preprocessor 1/1, model 1/1
i Fold03: preprocessor 1/1, model 1/1 (predictions)
i Fold03: preprocessor 1/1
i Fold03: preprocessor 1/1, model 1/1
i Fold03: preprocessor 1/1, model 1/1 (predictions)
i Fold03: preprocessor 1/1
i Fold03: preprocessor 1/1, model 1/1
i Fold03: preprocessor 1/1, model 1/1 (predictions)
i Fold03: preprocessor 1/1
i Fold03: preprocessor 1/1, model 1/1
i Fold03: preprocessor 1/1, model 1/1 (predictions)
i Fold03: preprocessor 1/1
i Fold03: preprocessor 1/1, model 1/1
i Fold03: preprocessor 1/1, model 1/1 (predictions)
i Fold03: preprocessor 1/1
i Fold03: preprocessor 1/1, model 1/1
i Fold03: preprocessor 1/1, model 1/1 (predictions)
i Fold08: preprocessor 1/1
i Fold08: preprocessor 1/1, model 1/1
i Fold08: preprocessor 1/1, model 1/1 (predictions)
i Fold08: preprocessor 1/1
i Fold08: preprocessor 1/1, model 1/1
i Fold08: preprocessor 1/1, model 1/1 (predictions)
i Fold08: preprocessor 1/1
i Fold08: preprocessor 1/1, model 1/1
i Fold08: preprocessor 1/1, model 1/1 (predictions)
i Fold08: preprocessor 1/1
i Fold08: preprocessor 1/1, model 1/1
i Fold08: preprocessor 1/1, model 1/1 (predictions)
i Fold08: preprocessor 1/1
i Fold08: preprocessor 1/1, model 1/1
i Fold08: preprocessor 1/1, model 1/1 (predictions)
i Fold08: preprocessor 1/1
i Fold08: preprocessor 1/1, model 1/1
i Fold08: preprocessor 1/1, model 1/1 (predictions)
i Fold08: preprocessor 1/1
i Fold08: preprocessor 1/1, model 1/1
i Fold08: preprocessor 1/1, model 1/1 (predictions)
i Fold08: preprocessor 1/1
i Fold08: preprocessor 1/1, model 1/1
i Fold08: preprocessor 1/1, model 1/1 (predictions)
i Fold08: preprocessor 1/1
i Fold08: preprocessor 1/1, model 1/1
i Fold08: preprocessor 1/1, model 1/1 (predictions)
i Fold06: preprocessor 1/1
i Fold06: preprocessor 1/1, model 1/1
i Fold06: preprocessor 1/1, model 1/1 (predictions)
i Fold04: preprocessor 1/1
i Fold04: preprocessor 1/1, model 1/1
i Fold04: preprocessor 1/1, model 1/1 (predictions)
i Fold08: preprocessor 1/1
i Fold08: preprocessor 1/1, model 1/1
i Fold08: preprocessor 1/1, model 1/1 (predictions)
i Fold06: preprocessor 1/1
i Fold06: preprocessor 1/1, model 1/1
i Fold06: preprocessor 1/1, model 1/1 (predictions)
i Fold04: preprocessor 1/1
i Fold04: preprocessor 1/1, model 1/1
i Fold04: preprocessor 1/1, model 1/1 (predictions)
i Fold08: preprocessor 1/1
i Fold08: preprocessor 1/1, model 1/1
i Fold08: preprocessor 1/1, model 1/1 (predictions)
i Fold06: preprocessor 1/1
i Fold06: preprocessor 1/1, model 1/1
i Fold06: preprocessor 1/1, model 1/1 (predictions)
i Fold04: preprocessor 1/1
i Fold04: preprocessor 1/1, model 1/1
i Fold04: preprocessor 1/1, model 1/1 (predictions)
i Fold08: preprocessor 1/1
i Fold08: preprocessor 1/1, model 1/1
i Fold08: preprocessor 1/1, model 1/1 (predictions)
i Fold06: preprocessor 1/1
i Fold06: preprocessor 1/1, model 1/1
i Fold06: preprocessor 1/1, model 1/1 (predictions)
i Fold04: preprocessor 1/1
i Fold04: preprocessor 1/1, model 1/1
i Fold04: preprocessor 1/1, model 1/1 (predictions)
i Fold08: preprocessor 1/1
i Fold08: preprocessor 1/1, model 1/1
i Fold08: preprocessor 1/1, model 1/1 (predictions)
i Fold06: preprocessor 1/1
i Fold06: preprocessor 1/1, model 1/1
i Fold06: preprocessor 1/1, model 1/1 (predictions)
i Fold04: preprocessor 1/1
i Fold04: preprocessor 1/1, model 1/1
i Fold04: preprocessor 1/1, model 1/1 (predictions)
i Fold08: preprocessor 1/1
i Fold08: preprocessor 1/1, model 1/1
i Fold08: preprocessor 1/1, model 1/1 (predictions)
i Fold06: preprocessor 1/1
i Fold06: preprocessor 1/1, model 1/1
i Fold06: preprocessor 1/1, model 1/1 (predictions)
i Fold04: preprocessor 1/1
i Fold04: preprocessor 1/1, model 1/1
i Fold04: preprocessor 1/1, model 1/1 (predictions)
i Fold08: preprocessor 1/1
i Fold08: preprocessor 1/1, model 1/1
i Fold08: preprocessor 1/1, model 1/1 (predictions)
i Fold06: preprocessor 1/1
i Fold06: preprocessor 1/1, model 1/1
i Fold06: preprocessor 1/1, model 1/1 (predictions)
i Fold04: preprocessor 1/1
i Fold04: preprocessor 1/1, model 1/1
i Fold04: preprocessor 1/1, model 1/1 (predictions)
i Fold08: preprocessor 1/1
i Fold08: preprocessor 1/1, model 1/1
i Fold08: preprocessor 1/1, model 1/1 (predictions)
i Fold06: preprocessor 1/1
i Fold06: preprocessor 1/1, model 1/1
i Fold06: preprocessor 1/1, model 1/1 (predictions)
i Fold04: preprocessor 1/1
i Fold04: preprocessor 1/1, model 1/1
i Fold04: preprocessor 1/1, model 1/1 (predictions)
i Fold08: preprocessor 1/1
i Fold08: preprocessor 1/1, model 1/1
i Fold08: preprocessor 1/1, model 1/1 (predictions)
i Fold06: preprocessor 1/1
i Fold06: preprocessor 1/1, model 1/1
i Fold06: preprocessor 1/1, model 1/1 (predictions)
i Fold04: preprocessor 1/1
i Fold04: preprocessor 1/1, model 1/1
i Fold04: preprocessor 1/1, model 1/1 (predictions)
i Fold08: preprocessor 1/1
i Fold08: preprocessor 1/1, model 1/1
i Fold08: preprocessor 1/1, model 1/1 (predictions)
i Fold06: preprocessor 1/1
i Fold06: preprocessor 1/1, model 1/1
i Fold06: preprocessor 1/1, model 1/1 (predictions)
i Fold04: preprocessor 1/1
i Fold04: preprocessor 1/1, model 1/1
i Fold04: preprocessor 1/1, model 1/1 (predictions)
i Fold08: preprocessor 1/1
i Fold08: preprocessor 1/1, model 1/1
i Fold08: preprocessor 1/1, model 1/1 (predictions)
i Fold06: preprocessor 1/1
i Fold06: preprocessor 1/1, model 1/1
i Fold06: preprocessor 1/1, model 1/1 (predictions)
i Fold04: preprocessor 1/1
i Fold04: preprocessor 1/1, model 1/1
i Fold04: preprocessor 1/1, model 1/1 (predictions)
i Fold08: preprocessor 1/1
i Fold08: preprocessor 1/1, model 1/1
i Fold08: preprocessor 1/1, model 1/1 (predictions)
i Fold06: preprocessor 1/1
i Fold06: preprocessor 1/1, model 1/1
i Fold06: preprocessor 1/1, model 1/1 (predictions)
i Fold04: preprocessor 1/1
i Fold04: preprocessor 1/1, model 1/1
i Fold04: preprocessor 1/1, model 1/1 (predictions)
i Fold08: preprocessor 1/1
i Fold08: preprocessor 1/1, model 1/1
i Fold08: preprocessor 1/1, model 1/1 (predictions)
i Fold06: preprocessor 1/1
i Fold06: preprocessor 1/1, model 1/1
i Fold06: preprocessor 1/1, model 1/1 (predictions)
i Fold04: preprocessor 1/1
i Fold04: preprocessor 1/1, model 1/1
i Fold04: preprocessor 1/1, model 1/1 (predictions)
i Fold08: preprocessor 1/1
i Fold08: preprocessor 1/1, model 1/1
i Fold08: preprocessor 1/1, model 1/1 (predictions)
i Fold06: preprocessor 1/1
i Fold06: preprocessor 1/1, model 1/1
i Fold06: preprocessor 1/1, model 1/1 (predictions)
i Fold04: preprocessor 1/1
i Fold04: preprocessor 1/1, model 1/1
i Fold04: preprocessor 1/1, model 1/1 (predictions)
i Fold08: preprocessor 1/1
i Fold08: preprocessor 1/1, model 1/1
i Fold08: preprocessor 1/1, model 1/1 (predictions)
i Fold06: preprocessor 1/1
i Fold06: preprocessor 1/1, model 1/1
i Fold06: preprocessor 1/1, model 1/1 (predictions)
i Fold04: preprocessor 1/1
i Fold04: preprocessor 1/1, model 1/1
i Fold04: preprocessor 1/1, model 1/1 (predictions)
i Fold08: preprocessor 1/1
i Fold08: preprocessor 1/1, model 1/1
i Fold08: preprocessor 1/1, model 1/1 (predictions)
i Fold06: preprocessor 1/1
i Fold06: preprocessor 1/1, model 1/1
i Fold06: preprocessor 1/1, model 1/1 (predictions)
i Fold04: preprocessor 1/1
i Fold04: preprocessor 1/1, model 1/1
i Fold04: preprocessor 1/1, model 1/1 (predictions)
i Fold08: preprocessor 1/1
i Fold08: preprocessor 1/1, model 1/1
i Fold08: preprocessor 1/1, model 1/1 (predictions)
i Fold06: preprocessor 1/1
i Fold06: preprocessor 1/1, model 1/1
i Fold06: preprocessor 1/1, model 1/1 (predictions)
i Fold04: preprocessor 1/1
i Fold04: preprocessor 1/1, model 1/1
i Fold04: preprocessor 1/1, model 1/1 (predictions)
i Fold08: preprocessor 1/1
i Fold08: preprocessor 1/1, model 1/1
i Fold08: preprocessor 1/1, model 1/1 (predictions)
i Fold06: preprocessor 1/1
i Fold06: preprocessor 1/1, model 1/1
i Fold06: preprocessor 1/1, model 1/1 (predictions)
i Fold04: preprocessor 1/1
i Fold04: preprocessor 1/1, model 1/1
i Fold04: preprocessor 1/1, model 1/1 (predictions)
i Fold08: preprocessor 1/1
i Fold08: preprocessor 1/1, model 1/1
i Fold08: preprocessor 1/1, model 1/1 (predictions)
i Fold06: preprocessor 1/1
i Fold06: preprocessor 1/1, model 1/1
i Fold06: preprocessor 1/1, model 1/1 (predictions)
i Fold04: preprocessor 1/1
i Fold04: preprocessor 1/1, model 1/1
i Fold04: preprocessor 1/1, model 1/1 (predictions)
i Fold08: preprocessor 1/1
i Fold08: preprocessor 1/1, model 1/1
i Fold08: preprocessor 1/1, model 1/1 (predictions)
i Fold06: preprocessor 1/1
i Fold06: preprocessor 1/1, model 1/1
i Fold06: preprocessor 1/1, model 1/1 (predictions)
i Fold04: preprocessor 1/1
i Fold04: preprocessor 1/1, model 1/1
i Fold04: preprocessor 1/1, model 1/1 (predictions)
i Fold08: preprocessor 1/1
i Fold08: preprocessor 1/1, model 1/1
i Fold08: preprocessor 1/1, model 1/1 (predictions)
i Fold06: preprocessor 1/1
i Fold06: preprocessor 1/1, model 1/1
i Fold06: preprocessor 1/1, model 1/1 (predictions)
i Fold04: preprocessor 1/1
i Fold04: preprocessor 1/1, model 1/1
i Fold04: preprocessor 1/1, model 1/1 (predictions)
i Fold08: preprocessor 1/1
i Fold08: preprocessor 1/1, model 1/1
i Fold08: preprocessor 1/1, model 1/1 (predictions)
i Fold06: preprocessor 1/1
i Fold06: preprocessor 1/1, model 1/1
i Fold06: preprocessor 1/1, model 1/1 (predictions)
i Fold04: preprocessor 1/1
i Fold04: preprocessor 1/1, model 1/1
i Fold04: preprocessor 1/1, model 1/1 (predictions)
i Fold08: preprocessor 1/1
i Fold08: preprocessor 1/1, model 1/1
i Fold08: preprocessor 1/1, model 1/1 (predictions)
i Fold06: preprocessor 1/1
i Fold06: preprocessor 1/1, model 1/1
i Fold06: preprocessor 1/1, model 1/1 (predictions)
i Fold04: preprocessor 1/1
i Fold04: preprocessor 1/1, model 1/1
i Fold04: preprocessor 1/1, model 1/1 (predictions)
i Fold08: preprocessor 1/1
i Fold08: preprocessor 1/1, model 1/1
i Fold08: preprocessor 1/1, model 1/1 (predictions)
i Fold06: preprocessor 1/1
i Fold06: preprocessor 1/1, model 1/1
i Fold06: preprocessor 1/1, model 1/1 (predictions)
i Fold04: preprocessor 1/1
i Fold04: preprocessor 1/1, model 1/1
i Fold04: preprocessor 1/1, model 1/1 (predictions)
i Fold08: preprocessor 1/1
i Fold08: preprocessor 1/1, model 1/1
i Fold08: preprocessor 1/1, model 1/1 (predictions)
i Fold06: preprocessor 1/1
i Fold06: preprocessor 1/1, model 1/1
i Fold06: preprocessor 1/1, model 1/1 (predictions)
i Fold04: preprocessor 1/1
i Fold04: preprocessor 1/1, model 1/1
i Fold04: preprocessor 1/1, model 1/1 (predictions)
i Fold08: preprocessor 1/1
i Fold08: preprocessor 1/1, model 1/1
i Fold08: preprocessor 1/1, model 1/1 (predictions)
i Fold06: preprocessor 1/1
i Fold06: preprocessor 1/1, model 1/1
i Fold06: preprocessor 1/1, model 1/1 (predictions)
i Fold04: preprocessor 1/1
i Fold04: preprocessor 1/1, model 1/1
i Fold04: preprocessor 1/1, model 1/1 (predictions)
i Fold08: preprocessor 1/1
i Fold08: preprocessor 1/1, model 1/1
i Fold08: preprocessor 1/1, model 1/1 (predictions)
i Fold06: preprocessor 1/1
i Fold06: preprocessor 1/1, model 1/1
i Fold06: preprocessor 1/1, model 1/1 (predictions)
i Fold04: preprocessor 1/1
i Fold04: preprocessor 1/1, model 1/1
i Fold04: preprocessor 1/1, model 1/1 (predictions)
i Fold08: preprocessor 1/1
i Fold08: preprocessor 1/1, model 1/1
i Fold08: preprocessor 1/1, model 1/1 (predictions)
i Fold06: preprocessor 1/1
i Fold06: preprocessor 1/1, model 1/1
i Fold06: preprocessor 1/1, model 1/1 (predictions)
i Fold04: preprocessor 1/1
i Fold04: preprocessor 1/1, model 1/1
i Fold04: preprocessor 1/1, model 1/1 (predictions)
i Fold08: preprocessor 1/1
i Fold08: preprocessor 1/1, model 1/1
i Fold08: preprocessor 1/1, model 1/1 (predictions)
i Fold06: preprocessor 1/1
i Fold06: preprocessor 1/1, model 1/1
i Fold06: preprocessor 1/1, model 1/1 (predictions)
i Fold04: preprocessor 1/1
i Fold04: preprocessor 1/1, model 1/1
i Fold04: preprocessor 1/1, model 1/1 (predictions)
i Fold08: preprocessor 1/1
i Fold08: preprocessor 1/1, model 1/1
i Fold08: preprocessor 1/1, model 1/1 (predictions)
i Fold06: preprocessor 1/1
i Fold06: preprocessor 1/1, model 1/1
i Fold06: preprocessor 1/1, model 1/1 (predictions)
i Fold04: preprocessor 1/1
i Fold04: preprocessor 1/1, model 1/1
i Fold04: preprocessor 1/1, model 1/1 (predictions)
i Fold08: preprocessor 1/1
i Fold08: preprocessor 1/1, model 1/1
i Fold08: preprocessor 1/1, model 1/1 (predictions)
i Fold06: preprocessor 1/1
i Fold06: preprocessor 1/1, model 1/1
i Fold06: preprocessor 1/1, model 1/1 (predictions)
i Fold04: preprocessor 1/1
i Fold04: preprocessor 1/1, model 1/1
i Fold04: preprocessor 1/1, model 1/1 (predictions)
i Fold08: preprocessor 1/1
i Fold08: preprocessor 1/1, model 1/1
i Fold08: preprocessor 1/1, model 1/1 (predictions)
i Fold06: preprocessor 1/1
i Fold06: preprocessor 1/1, model 1/1
i Fold06: preprocessor 1/1, model 1/1 (predictions)
i Fold04: preprocessor 1/1
i Fold04: preprocessor 1/1, model 1/1
i Fold04: preprocessor 1/1, model 1/1 (predictions)
i Fold08: preprocessor 1/1
i Fold08: preprocessor 1/1, model 1/1
i Fold08: preprocessor 1/1, model 1/1 (predictions)
i Fold06: preprocessor 1/1
i Fold06: preprocessor 1/1, model 1/1
i Fold06: preprocessor 1/1, model 1/1 (predictions)
i Fold04: preprocessor 1/1
i Fold04: preprocessor 1/1, model 1/1
i Fold04: preprocessor 1/1, model 1/1 (predictions)
i Fold08: preprocessor 1/1
i Fold08: preprocessor 1/1, model 1/1
i Fold08: preprocessor 1/1, model 1/1 (predictions)
i Fold06: preprocessor 1/1
i Fold06: preprocessor 1/1, model 1/1
i Fold06: preprocessor 1/1, model 1/1 (predictions)
i Fold04: preprocessor 1/1
i Fold04: preprocessor 1/1, model 1/1
i Fold04: preprocessor 1/1, model 1/1 (predictions)
i Fold08: preprocessor 1/1
i Fold08: preprocessor 1/1, model 1/1
i Fold08: preprocessor 1/1, model 1/1 (predictions)
i Fold06: preprocessor 1/1
i Fold06: preprocessor 1/1, model 1/1
i Fold06: preprocessor 1/1, model 1/1 (predictions)
i Fold04: preprocessor 1/1
i Fold04: preprocessor 1/1, model 1/1
i Fold04: preprocessor 1/1, model 1/1 (predictions)
i Fold08: preprocessor 1/1
i Fold08: preprocessor 1/1, model 1/1
i Fold08: preprocessor 1/1, model 1/1 (predictions)
i Fold06: preprocessor 1/1
i Fold06: preprocessor 1/1, model 1/1
i Fold06: preprocessor 1/1, model 1/1 (predictions)
i Fold04: preprocessor 1/1
i Fold04: preprocessor 1/1, model 1/1
i Fold04: preprocessor 1/1, model 1/1 (predictions)
i Fold08: preprocessor 1/1
i Fold08: preprocessor 1/1, model 1/1
i Fold08: preprocessor 1/1, model 1/1 (predictions)
i Fold06: preprocessor 1/1
i Fold06: preprocessor 1/1, model 1/1
i Fold06: preprocessor 1/1, model 1/1 (predictions)
i Fold04: preprocessor 1/1
i Fold04: preprocessor 1/1, model 1/1
i Fold04: preprocessor 1/1, model 1/1 (predictions)
i Fold08: preprocessor 1/1
i Fold08: preprocessor 1/1, model 1/1
i Fold08: preprocessor 1/1, model 1/1 (predictions)
i Fold06: preprocessor 1/1
i Fold06: preprocessor 1/1, model 1/1
i Fold06: preprocessor 1/1, model 1/1 (predictions)
i Fold04: preprocessor 1/1
i Fold04: preprocessor 1/1, model 1/1
i Fold04: preprocessor 1/1, model 1/1 (predictions)
i Fold08: preprocessor 1/1
i Fold08: preprocessor 1/1, model 1/1
i Fold08: preprocessor 1/1, model 1/1 (predictions)
i Fold06: preprocessor 1/1
i Fold06: preprocessor 1/1, model 1/1
i Fold06: preprocessor 1/1, model 1/1 (predictions)
i Fold04: preprocessor 1/1
i Fold04: preprocessor 1/1, model 1/1
i Fold04: preprocessor 1/1, model 1/1 (predictions)
i Fold08: preprocessor 1/1
i Fold08: preprocessor 1/1, model 1/1
i Fold08: preprocessor 1/1, model 1/1 (predictions)
i Fold06: preprocessor 1/1
i Fold06: preprocessor 1/1, model 1/1
i Fold06: preprocessor 1/1, model 1/1 (predictions)
i Fold04: preprocessor 1/1
i Fold04: preprocessor 1/1, model 1/1
i Fold04: preprocessor 1/1, model 1/1 (predictions)
i Fold08: preprocessor 1/1
i Fold08: preprocessor 1/1, model 1/1
i Fold08: preprocessor 1/1, model 1/1 (predictions)
i Fold06: preprocessor 1/1
i Fold06: preprocessor 1/1, model 1/1
i Fold06: preprocessor 1/1, model 1/1 (predictions)
i Fold04: preprocessor 1/1
i Fold04: preprocessor 1/1, model 1/1
i Fold04: preprocessor 1/1, model 1/1 (predictions)
i Fold08: preprocessor 1/1
i Fold08: preprocessor 1/1, model 1/1
i Fold08: preprocessor 1/1, model 1/1 (predictions)
i Fold06: preprocessor 1/1
i Fold06: preprocessor 1/1, model 1/1
i Fold06: preprocessor 1/1, model 1/1 (predictions)
i Fold04: preprocessor 1/1
i Fold04: preprocessor 1/1, model 1/1
i Fold04: preprocessor 1/1, model 1/1 (predictions)
i Fold08: preprocessor 1/1
i Fold08: preprocessor 1/1, model 1/1
i Fold08: preprocessor 1/1, model 1/1 (predictions)
i Fold06: preprocessor 1/1
i Fold06: preprocessor 1/1, model 1/1
i Fold06: preprocessor 1/1, model 1/1 (predictions)
i Fold04: preprocessor 1/1
i Fold04: preprocessor 1/1, model 1/1
i Fold04: preprocessor 1/1, model 1/1 (predictions)
i Fold08: preprocessor 1/1
i Fold08: preprocessor 1/1, model 1/1
i Fold08: preprocessor 1/1, model 1/1 (predictions)
i Fold06: preprocessor 1/1
i Fold06: preprocessor 1/1, model 1/1
i Fold06: preprocessor 1/1, model 1/1 (predictions)
i Fold04: preprocessor 1/1
i Fold04: preprocessor 1/1, model 1/1
i Fold04: preprocessor 1/1, model 1/1 (predictions)
i Fold08: preprocessor 1/1
i Fold08: preprocessor 1/1, model 1/1
i Fold08: preprocessor 1/1, model 1/1 (predictions)
i Fold06: preprocessor 1/1
i Fold06: preprocessor 1/1, model 1/1
i Fold06: preprocessor 1/1, model 1/1 (predictions)
i Fold04: preprocessor 1/1
i Fold04: preprocessor 1/1, model 1/1
i Fold04: preprocessor 1/1, model 1/1 (predictions)
i Fold08: preprocessor 1/1
i Fold08: preprocessor 1/1, model 1/1
i Fold08: preprocessor 1/1, model 1/1 (predictions)
i Fold06: preprocessor 1/1
i Fold06: preprocessor 1/1, model 1/1
i Fold06: preprocessor 1/1, model 1/1 (predictions)
i Fold04: preprocessor 1/1
i Fold04: preprocessor 1/1, model 1/1
i Fold04: preprocessor 1/1, model 1/1 (predictions)
i Fold08: preprocessor 1/1
i Fold08: preprocessor 1/1, model 1/1
i Fold08: preprocessor 1/1, model 1/1 (predictions)
i Fold06: preprocessor 1/1
i Fold06: preprocessor 1/1, model 1/1
i Fold06: preprocessor 1/1, model 1/1 (predictions)
i Fold04: preprocessor 1/1
i Fold04: preprocessor 1/1, model 1/1
i Fold04: preprocessor 1/1, model 1/1 (predictions)
i Fold08: preprocessor 1/1
i Fold08: preprocessor 1/1, model 1/1
i Fold08: preprocessor 1/1, model 1/1 (predictions)
i Fold06: preprocessor 1/1
i Fold06: preprocessor 1/1, model 1/1
i Fold06: preprocessor 1/1, model 1/1 (predictions)
i Fold04: preprocessor 1/1
i Fold04: preprocessor 1/1, model 1/1
i Fold04: preprocessor 1/1, model 1/1 (predictions)
i Fold08: preprocessor 1/1
i Fold08: preprocessor 1/1, model 1/1
i Fold08: preprocessor 1/1, model 1/1 (predictions)
i Fold06: preprocessor 1/1
i Fold06: preprocessor 1/1, model 1/1
i Fold06: preprocessor 1/1, model 1/1 (predictions)
i Fold04: preprocessor 1/1
i Fold04: preprocessor 1/1, model 1/1
i Fold04: preprocessor 1/1, model 1/1 (predictions)
i Fold08: preprocessor 1/1
i Fold08: preprocessor 1/1, model 1/1
i Fold08: preprocessor 1/1, model 1/1 (predictions)
i Fold06: preprocessor 1/1
i Fold06: preprocessor 1/1, model 1/1
i Fold06: preprocessor 1/1, model 1/1 (predictions)
i Fold04: preprocessor 1/1
i Fold04: preprocessor 1/1, model 1/1
i Fold04: preprocessor 1/1, model 1/1 (predictions)
i Fold08: preprocessor 1/1
i Fold08: preprocessor 1/1, model 1/1
i Fold08: preprocessor 1/1, model 1/1 (predictions)
i Fold06: preprocessor 1/1
i Fold06: preprocessor 1/1, model 1/1
i Fold06: preprocessor 1/1, model 1/1 (predictions)
i Fold04: preprocessor 1/1
i Fold04: preprocessor 1/1, model 1/1
i Fold04: preprocessor 1/1, model 1/1 (predictions)
i Fold08: preprocessor 1/1
i Fold08: preprocessor 1/1, model 1/1
i Fold08: preprocessor 1/1, model 1/1 (predictions)
i Fold06: preprocessor 1/1
i Fold06: preprocessor 1/1, model 1/1
i Fold06: preprocessor 1/1, model 1/1 (predictions)
i Fold04: preprocessor 1/1
i Fold04: preprocessor 1/1, model 1/1
i Fold04: preprocessor 1/1, model 1/1 (predictions)
i Fold08: preprocessor 1/1
i Fold08: preprocessor 1/1, model 1/1
i Fold08: preprocessor 1/1, model 1/1 (predictions)
i Fold06: preprocessor 1/1
i Fold06: preprocessor 1/1, model 1/1
i Fold06: preprocessor 1/1, model 1/1 (predictions)
i Fold04: preprocessor 1/1
i Fold04: preprocessor 1/1, model 1/1
i Fold04: preprocessor 1/1, model 1/1 (predictions)
i Fold08: preprocessor 1/1
i Fold08: preprocessor 1/1, model 1/1
i Fold08: preprocessor 1/1, model 1/1 (predictions)
i Fold06: preprocessor 1/1
i Fold06: preprocessor 1/1, model 1/1
i Fold06: preprocessor 1/1, model 1/1 (predictions)
i Fold04: preprocessor 1/1
i Fold04: preprocessor 1/1, model 1/1
i Fold04: preprocessor 1/1, model 1/1 (predictions)
i Fold08: preprocessor 1/1
i Fold08: preprocessor 1/1, model 1/1
i Fold08: preprocessor 1/1, model 1/1 (predictions)
i Fold06: preprocessor 1/1
i Fold06: preprocessor 1/1, model 1/1
i Fold06: preprocessor 1/1, model 1/1 (predictions)
i Fold04: preprocessor 1/1
i Fold04: preprocessor 1/1, model 1/1
i Fold04: preprocessor 1/1, model 1/1 (predictions)
i Fold08: preprocessor 1/1
i Fold08: preprocessor 1/1, model 1/1
i Fold08: preprocessor 1/1, model 1/1 (predictions)
i Fold06: preprocessor 1/1
i Fold06: preprocessor 1/1, model 1/1
i Fold06: preprocessor 1/1, model 1/1 (predictions)
i Fold04: preprocessor 1/1
i Fold04: preprocessor 1/1, model 1/1
i Fold04: preprocessor 1/1, model 1/1 (predictions)
i Fold08: preprocessor 1/1
i Fold08: preprocessor 1/1, model 1/1
i Fold08: preprocessor 1/1, model 1/1 (predictions)
i Fold06: preprocessor 1/1
i Fold06: preprocessor 1/1, model 1/1
i Fold06: preprocessor 1/1, model 1/1 (predictions)
i Fold04: preprocessor 1/1
i Fold04: preprocessor 1/1, model 1/1
i Fold04: preprocessor 1/1, model 1/1 (predictions)
i Fold08: preprocessor 1/1
i Fold08: preprocessor 1/1, model 1/1
i Fold08: preprocessor 1/1, model 1/1 (predictions)
i Fold06: preprocessor 1/1
i Fold06: preprocessor 1/1, model 1/1
i Fold06: preprocessor 1/1, model 1/1 (predictions)
i Fold04: preprocessor 1/1
i Fold04: preprocessor 1/1, model 1/1
i Fold04: preprocessor 1/1, model 1/1 (predictions)
i Fold08: preprocessor 1/1
i Fold08: preprocessor 1/1, model 1/1
i Fold08: preprocessor 1/1, model 1/1 (predictions)
i Fold06: preprocessor 1/1
i Fold06: preprocessor 1/1, model 1/1
i Fold06: preprocessor 1/1, model 1/1 (predictions)
i Fold04: preprocessor 1/1
i Fold04: preprocessor 1/1, model 1/1
i Fold04: preprocessor 1/1, model 1/1 (predictions)
i Fold08: preprocessor 1/1
i Fold08: preprocessor 1/1, model 1/1
i Fold08: preprocessor 1/1, model 1/1 (predictions)
i Fold06: preprocessor 1/1
i Fold06: preprocessor 1/1, model 1/1
i Fold06: preprocessor 1/1, model 1/1 (predictions)
i Fold04: preprocessor 1/1
i Fold04: preprocessor 1/1, model 1/1
i Fold04: preprocessor 1/1, model 1/1 (predictions)
i Fold08: preprocessor 1/1
i Fold08: preprocessor 1/1, model 1/1
i Fold08: preprocessor 1/1, model 1/1 (predictions)
i Fold06: preprocessor 1/1
i Fold06: preprocessor 1/1, model 1/1
i Fold06: preprocessor 1/1, model 1/1 (predictions)
i Fold04: preprocessor 1/1
i Fold04: preprocessor 1/1, model 1/1
i Fold04: preprocessor 1/1, model 1/1 (predictions)
i Fold08: preprocessor 1/1
i Fold08: preprocessor 1/1, model 1/1
i Fold08: preprocessor 1/1, model 1/1 (predictions)
i Fold06: preprocessor 1/1
i Fold06: preprocessor 1/1, model 1/1
i Fold06: preprocessor 1/1, model 1/1 (predictions)
i Fold04: preprocessor 1/1
i Fold04: preprocessor 1/1, model 1/1
i Fold04: preprocessor 1/1, model 1/1 (predictions)
i Fold08: preprocessor 1/1
i Fold08: preprocessor 1/1, model 1/1
i Fold08: preprocessor 1/1, model 1/1 (predictions)
i Fold06: preprocessor 1/1
i Fold06: preprocessor 1/1, model 1/1
i Fold06: preprocessor 1/1, model 1/1 (predictions)
i Fold04: preprocessor 1/1
i Fold04: preprocessor 1/1, model 1/1
i Fold04: preprocessor 1/1, model 1/1 (predictions)
i Fold08: preprocessor 1/1
i Fold08: preprocessor 1/1, model 1/1
i Fold08: preprocessor 1/1, model 1/1 (predictions)
i Fold06: preprocessor 1/1
i Fold06: preprocessor 1/1, model 1/1
i Fold06: preprocessor 1/1, model 1/1 (predictions)
i Fold04: preprocessor 1/1
i Fold04: preprocessor 1/1, model 1/1
i Fold04: preprocessor 1/1, model 1/1 (predictions)
i Fold08: preprocessor 1/1
i Fold08: preprocessor 1/1, model 1/1
i Fold08: preprocessor 1/1, model 1/1 (predictions)
i Fold06: preprocessor 1/1
i Fold06: preprocessor 1/1, model 1/1
i Fold06: preprocessor 1/1, model 1/1 (predictions)
i Fold04: preprocessor 1/1
i Fold04: preprocessor 1/1, model 1/1
i Fold04: preprocessor 1/1, model 1/1 (predictions)
i Fold08: preprocessor 1/1
i Fold08: preprocessor 1/1, model 1/1
i Fold08: preprocessor 1/1, model 1/1 (predictions)
i Fold06: preprocessor 1/1
i Fold06: preprocessor 1/1, model 1/1
i Fold06: preprocessor 1/1, model 1/1 (predictions)
i Fold04: preprocessor 1/1
i Fold04: preprocessor 1/1, model 1/1
i Fold04: preprocessor 1/1, model 1/1 (predictions)
i Fold08: preprocessor 1/1
i Fold08: preprocessor 1/1, model 1/1
i Fold08: preprocessor 1/1, model 1/1 (predictions)
i Fold06: preprocessor 1/1
i Fold06: preprocessor 1/1, model 1/1
i Fold06: preprocessor 1/1, model 1/1 (predictions)
i Fold04: preprocessor 1/1
i Fold04: preprocessor 1/1, model 1/1
i Fold04: preprocessor 1/1, model 1/1 (predictions)
i Fold08: preprocessor 1/1
i Fold08: preprocessor 1/1, model 1/1
i Fold08: preprocessor 1/1, model 1/1 (predictions)
i Fold06: preprocessor 1/1
i Fold06: preprocessor 1/1, model 1/1
i Fold06: preprocessor 1/1, model 1/1 (predictions)
i Fold04: preprocessor 1/1
i Fold04: preprocessor 1/1, model 1/1
i Fold04: preprocessor 1/1, model 1/1 (predictions)
i Fold08: preprocessor 1/1
i Fold08: preprocessor 1/1, model 1/1
i Fold08: preprocessor 1/1, model 1/1 (predictions)
i Fold06: preprocessor 1/1
i Fold06: preprocessor 1/1, model 1/1
i Fold06: preprocessor 1/1, model 1/1 (predictions)
i Fold04: preprocessor 1/1
i Fold04: preprocessor 1/1, model 1/1
i Fold04: preprocessor 1/1, model 1/1 (predictions)
i Fold08: preprocessor 1/1
i Fold08: preprocessor 1/1, model 1/1
i Fold08: preprocessor 1/1, model 1/1 (predictions)
i Fold06: preprocessor 1/1
i Fold06: preprocessor 1/1, model 1/1
i Fold06: preprocessor 1/1, model 1/1 (predictions)
i Fold04: preprocessor 1/1
i Fold04: preprocessor 1/1, model 1/1
i Fold04: preprocessor 1/1, model 1/1 (predictions)
i Fold08: preprocessor 1/1
i Fold08: preprocessor 1/1, model 1/1
i Fold08: preprocessor 1/1, model 1/1 (predictions)
i Fold06: preprocessor 1/1
i Fold06: preprocessor 1/1, model 1/1
i Fold06: preprocessor 1/1, model 1/1 (predictions)
i Fold04: preprocessor 1/1
i Fold04: preprocessor 1/1, model 1/1
i Fold04: preprocessor 1/1, model 1/1 (predictions)
i Fold08: preprocessor 1/1
i Fold08: preprocessor 1/1, model 1/1
i Fold08: preprocessor 1/1, model 1/1 (predictions)
i Fold06: preprocessor 1/1
i Fold06: preprocessor 1/1, model 1/1
i Fold06: preprocessor 1/1, model 1/1 (predictions)
i Fold04: preprocessor 1/1
i Fold04: preprocessor 1/1, model 1/1
i Fold04: preprocessor 1/1, model 1/1 (predictions)
i Fold08: preprocessor 1/1
i Fold08: preprocessor 1/1, model 1/1
i Fold08: preprocessor 1/1, model 1/1 (predictions)
i Fold06: preprocessor 1/1
i Fold06: preprocessor 1/1, model 1/1
i Fold06: preprocessor 1/1, model 1/1 (predictions)
i Fold04: preprocessor 1/1
i Fold04: preprocessor 1/1, model 1/1
i Fold04: preprocessor 1/1, model 1/1 (predictions)
i Fold08: preprocessor 1/1
i Fold08: preprocessor 1/1, model 1/1
i Fold08: preprocessor 1/1, model 1/1 (predictions)
i Fold06: preprocessor 1/1
i Fold06: preprocessor 1/1, model 1/1
i Fold06: preprocessor 1/1, model 1/1 (predictions)
i Fold04: preprocessor 1/1
i Fold04: preprocessor 1/1, model 1/1
i Fold04: preprocessor 1/1, model 1/1 (predictions)
i Fold08: preprocessor 1/1
i Fold08: preprocessor 1/1, model 1/1
i Fold08: preprocessor 1/1, model 1/1 (predictions)
i Fold06: preprocessor 1/1
i Fold06: preprocessor 1/1, model 1/1
i Fold06: preprocessor 1/1, model 1/1 (predictions)
i Fold04: preprocessor 1/1
i Fold04: preprocessor 1/1, model 1/1
i Fold04: preprocessor 1/1, model 1/1 (predictions)
i Fold08: preprocessor 1/1
i Fold08: preprocessor 1/1, model 1/1
i Fold08: preprocessor 1/1, model 1/1 (predictions)
i Fold06: preprocessor 1/1
i Fold06: preprocessor 1/1, model 1/1
i Fold06: preprocessor 1/1, model 1/1 (predictions)
i Fold04: preprocessor 1/1
i Fold04: preprocessor 1/1, model 1/1
i Fold04: preprocessor 1/1, model 1/1 (predictions)
i Fold08: preprocessor 1/1
i Fold08: preprocessor 1/1, model 1/1
i Fold08: preprocessor 1/1, model 1/1 (predictions)
i Fold06: preprocessor 1/1
i Fold06: preprocessor 1/1, model 1/1
i Fold06: preprocessor 1/1, model 1/1 (predictions)
i Fold04: preprocessor 1/1
i Fold04: preprocessor 1/1, model 1/1
i Fold04: preprocessor 1/1, model 1/1 (predictions)
i Fold08: preprocessor 1/1
i Fold08: preprocessor 1/1, model 1/1
i Fold08: preprocessor 1/1, model 1/1 (predictions)
i Fold06: preprocessor 1/1
i Fold06: preprocessor 1/1, model 1/1
i Fold06: preprocessor 1/1, model 1/1 (predictions)
i Fold04: preprocessor 1/1
i Fold04: preprocessor 1/1, model 1/1
i Fold04: preprocessor 1/1, model 1/1 (predictions)
i Fold08: preprocessor 1/1
i Fold08: preprocessor 1/1, model 1/1
i Fold08: preprocessor 1/1, model 1/1 (predictions)
i Fold06: preprocessor 1/1
i Fold06: preprocessor 1/1, model 1/1
i Fold06: preprocessor 1/1, model 1/1 (predictions)
i Fold04: preprocessor 1/1
i Fold04: preprocessor 1/1, model 1/1
i Fold04: preprocessor 1/1, model 1/1 (predictions)
i Fold08: preprocessor 1/1
i Fold08: preprocessor 1/1, model 1/1
i Fold08: preprocessor 1/1, model 1/1 (predictions)
i Fold06: preprocessor 1/1
i Fold06: preprocessor 1/1, model 1/1
i Fold06: preprocessor 1/1, model 1/1 (predictions)
i Fold04: preprocessor 1/1
i Fold04: preprocessor 1/1, model 1/1
i Fold04: preprocessor 1/1, model 1/1 (predictions)
i Fold08: preprocessor 1/1
i Fold08: preprocessor 1/1, model 1/1
i Fold08: preprocessor 1/1, model 1/1 (predictions)
i Fold06: preprocessor 1/1
i Fold06: preprocessor 1/1, model 1/1
i Fold06: preprocessor 1/1, model 1/1 (predictions)
i Fold04: preprocessor 1/1
i Fold04: preprocessor 1/1, model 1/1
i Fold04: preprocessor 1/1, model 1/1 (predictions)
i Fold08: preprocessor 1/1
i Fold08: preprocessor 1/1, model 1/1
i Fold08: preprocessor 1/1, model 1/1 (predictions)
i Fold06: preprocessor 1/1
i Fold06: preprocessor 1/1, model 1/1
i Fold06: preprocessor 1/1, model 1/1 (predictions)
i Fold04: preprocessor 1/1
i Fold04: preprocessor 1/1, model 1/1
i Fold04: preprocessor 1/1, model 1/1 (predictions)
i Fold08: preprocessor 1/1
i Fold08: preprocessor 1/1, model 1/1
i Fold08: preprocessor 1/1, model 1/1 (predictions)
i Fold06: preprocessor 1/1
i Fold06: preprocessor 1/1, model 1/1
i Fold06: preprocessor 1/1, model 1/1 (predictions)
i Fold04: preprocessor 1/1
i Fold04: preprocessor 1/1, model 1/1
i Fold04: preprocessor 1/1, model 1/1 (predictions)
i Fold08: preprocessor 1/1
i Fold08: preprocessor 1/1, model 1/1
i Fold08: preprocessor 1/1, model 1/1 (predictions)
i Fold06: preprocessor 1/1
i Fold06: preprocessor 1/1, model 1/1
i Fold06: preprocessor 1/1, model 1/1 (predictions)
i Fold04: preprocessor 1/1
i Fold04: preprocessor 1/1, model 1/1
i Fold04: preprocessor 1/1, model 1/1 (predictions)
i Fold08: preprocessor 1/1
i Fold08: preprocessor 1/1, model 1/1
i Fold08: preprocessor 1/1, model 1/1 (predictions)
i Fold06: preprocessor 1/1
i Fold06: preprocessor 1/1, model 1/1
i Fold06: preprocessor 1/1, model 1/1 (predictions)
i Fold04: preprocessor 1/1
i Fold04: preprocessor 1/1, model 1/1
i Fold04: preprocessor 1/1, model 1/1 (predictions)
i Fold08: preprocessor 1/1
i Fold08: preprocessor 1/1, model 1/1
i Fold08: preprocessor 1/1, model 1/1 (predictions)
i Fold06: preprocessor 1/1
i Fold06: preprocessor 1/1, model 1/1
i Fold06: preprocessor 1/1, model 1/1 (predictions)
i Fold04: preprocessor 1/1
i Fold04: preprocessor 1/1, model 1/1
i Fold04: preprocessor 1/1, model 1/1 (predictions)
i Fold08: preprocessor 1/1
i Fold08: preprocessor 1/1, model 1/1
i Fold08: preprocessor 1/1, model 1/1 (predictions)
i Fold06: preprocessor 1/1
i Fold06: preprocessor 1/1, model 1/1
i Fold06: preprocessor 1/1, model 1/1 (predictions)
i Fold04: preprocessor 1/1
i Fold04: preprocessor 1/1, model 1/1
i Fold04: preprocessor 1/1, model 1/1 (predictions)
i Fold08: preprocessor 1/1
i Fold08: preprocessor 1/1, model 1/1
i Fold08: preprocessor 1/1, model 1/1 (predictions)
i Fold06: preprocessor 1/1
i Fold06: preprocessor 1/1, model 1/1
i Fold06: preprocessor 1/1, model 1/1 (predictions)
i Fold04: preprocessor 1/1
i Fold04: preprocessor 1/1, model 1/1
i Fold04: preprocessor 1/1, model 1/1 (predictions)
i Fold08: preprocessor 1/1
i Fold08: preprocessor 1/1, model 1/1
i Fold08: preprocessor 1/1, model 1/1 (predictions)
i Fold06: preprocessor 1/1
i Fold06: preprocessor 1/1, model 1/1
i Fold06: preprocessor 1/1, model 1/1 (predictions)
i Fold04: preprocessor 1/1
i Fold04: preprocessor 1/1, model 1/1
i Fold04: preprocessor 1/1, model 1/1 (predictions)
i Fold08: preprocessor 1/1
i Fold08: preprocessor 1/1, model 1/1
i Fold08: preprocessor 1/1, model 1/1 (predictions)
i Fold06: preprocessor 1/1
i Fold06: preprocessor 1/1, model 1/1
i Fold06: preprocessor 1/1, model 1/1 (predictions)
i Fold04: preprocessor 1/1
i Fold04: preprocessor 1/1, model 1/1
i Fold04: preprocessor 1/1, model 1/1 (predictions)
i Fold08: preprocessor 1/1
i Fold08: preprocessor 1/1, model 1/1
i Fold08: preprocessor 1/1, model 1/1 (predictions)
i Fold06: preprocessor 1/1
i Fold06: preprocessor 1/1, model 1/1
i Fold06: preprocessor 1/1, model 1/1 (predictions)
i Fold04: preprocessor 1/1
i Fold04: preprocessor 1/1, model 1/1
i Fold04: preprocessor 1/1, model 1/1 (predictions)
i Fold08: preprocessor 1/1
i Fold08: preprocessor 1/1, model 1/1
i Fold08: preprocessor 1/1, model 1/1 (predictions)
i Fold06: preprocessor 1/1
i Fold06: preprocessor 1/1, model 1/1
i Fold06: preprocessor 1/1, model 1/1 (predictions)
i Fold04: preprocessor 1/1
i Fold04: preprocessor 1/1, model 1/1
i Fold04: preprocessor 1/1, model 1/1 (predictions)
i Fold08: preprocessor 1/1
i Fold08: preprocessor 1/1, model 1/1
i Fold08: preprocessor 1/1, model 1/1 (predictions)
i Fold06: preprocessor 1/1
i Fold06: preprocessor 1/1, model 1/1
i Fold06: preprocessor 1/1, model 1/1 (predictions)
i Fold04: preprocessor 1/1
i Fold04: preprocessor 1/1, model 1/1
i Fold04: preprocessor 1/1, model 1/1 (predictions)
i Fold08: preprocessor 1/1
i Fold08: preprocessor 1/1, model 1/1
i Fold08: preprocessor 1/1, model 1/1 (predictions)
i Fold06: preprocessor 1/1
i Fold06: preprocessor 1/1, model 1/1
i Fold06: preprocessor 1/1, model 1/1 (predictions)
i Fold04: preprocessor 1/1
i Fold04: preprocessor 1/1, model 1/1
i Fold04: preprocessor 1/1, model 1/1 (predictions)
i Fold08: preprocessor 1/1
i Fold08: preprocessor 1/1, model 1/1
i Fold08: preprocessor 1/1, model 1/1 (predictions)
i Fold06: preprocessor 1/1
i Fold06: preprocessor 1/1, model 1/1
i Fold06: preprocessor 1/1, model 1/1 (predictions)
i Fold04: preprocessor 1/1
i Fold04: preprocessor 1/1, model 1/1
i Fold04: preprocessor 1/1, model 1/1 (predictions)
i Fold08: preprocessor 1/1
i Fold08: preprocessor 1/1, model 1/1
i Fold08: preprocessor 1/1, model 1/1 (predictions)
i Fold06: preprocessor 1/1
i Fold06: preprocessor 1/1, model 1/1
i Fold06: preprocessor 1/1, model 1/1 (predictions)
i Fold04: preprocessor 1/1
i Fold04: preprocessor 1/1, model 1/1
i Fold04: preprocessor 1/1, model 1/1 (predictions)
i Fold08: preprocessor 1/1
i Fold08: preprocessor 1/1, model 1/1
i Fold08: preprocessor 1/1, model 1/1 (predictions)
i Fold06: preprocessor 1/1
i Fold06: preprocessor 1/1, model 1/1
i Fold06: preprocessor 1/1, model 1/1 (predictions)
i Fold04: preprocessor 1/1
i Fold04: preprocessor 1/1, model 1/1
i Fold04: preprocessor 1/1, model 1/1 (predictions)
i Fold08: preprocessor 1/1
i Fold08: preprocessor 1/1, model 1/1
i Fold08: preprocessor 1/1, model 1/1 (predictions)
i Fold06: preprocessor 1/1
i Fold06: preprocessor 1/1, model 1/1
i Fold06: preprocessor 1/1, model 1/1 (predictions)
i Fold04: preprocessor 1/1
i Fold04: preprocessor 1/1, model 1/1
i Fold04: preprocessor 1/1, model 1/1 (predictions)
i Fold08: preprocessor 1/1
i Fold08: preprocessor 1/1, model 1/1
i Fold08: preprocessor 1/1, model 1/1 (predictions)
i Fold06: preprocessor 1/1
i Fold06: preprocessor 1/1, model 1/1
i Fold06: preprocessor 1/1, model 1/1 (predictions)
i Fold04: preprocessor 1/1
i Fold04: preprocessor 1/1, model 1/1
i Fold04: preprocessor 1/1, model 1/1 (predictions)
i Fold08: preprocessor 1/1
i Fold08: preprocessor 1/1, model 1/1
i Fold08: preprocessor 1/1, model 1/1 (predictions)
i Fold06: preprocessor 1/1
i Fold06: preprocessor 1/1, model 1/1
i Fold06: preprocessor 1/1, model 1/1 (predictions)
i Fold04: preprocessor 1/1
i Fold04: preprocessor 1/1, model 1/1
i Fold04: preprocessor 1/1, model 1/1 (predictions)
i Fold02: preprocessor 1/1
i Fold02: preprocessor 1/1, model 1/1
i Fold02: preprocessor 1/1, model 1/1 (predictions)
i Fold02: preprocessor 1/1
i Fold02: preprocessor 1/1, model 1/1
i Fold02: preprocessor 1/1, model 1/1 (predictions)
i Fold02: preprocessor 1/1
i Fold02: preprocessor 1/1, model 1/1
i Fold02: preprocessor 1/1, model 1/1 (predictions)
i Fold02: preprocessor 1/1
i Fold02: preprocessor 1/1, model 1/1
i Fold02: preprocessor 1/1, model 1/1 (predictions)
i Fold02: preprocessor 1/1
i Fold02: preprocessor 1/1, model 1/1
i Fold02: preprocessor 1/1, model 1/1 (predictions)
i Fold02: preprocessor 1/1
i Fold02: preprocessor 1/1, model 1/1
i Fold02: preprocessor 1/1, model 1/1 (predictions)
i Fold02: preprocessor 1/1
i Fold02: preprocessor 1/1, model 1/1
i Fold02: preprocessor 1/1, model 1/1 (predictions)
i Fold02: preprocessor 1/1
i Fold02: preprocessor 1/1, model 1/1
i Fold02: preprocessor 1/1, model 1/1 (predictions)
i Fold02: preprocessor 1/1
i Fold02: preprocessor 1/1, model 1/1
i Fold02: preprocessor 1/1, model 1/1 (predictions)
i Fold02: preprocessor 1/1
i Fold02: preprocessor 1/1, model 1/1
i Fold02: preprocessor 1/1, model 1/1 (predictions)
i Fold02: preprocessor 1/1
i Fold02: preprocessor 1/1, model 1/1
i Fold02: preprocessor 1/1, model 1/1 (predictions)
i Fold02: preprocessor 1/1
i Fold02: preprocessor 1/1, model 1/1
i Fold02: preprocessor 1/1, model 1/1 (predictions)
i Fold02: preprocessor 1/1
i Fold02: preprocessor 1/1, model 1/1
i Fold02: preprocessor 1/1, model 1/1 (predictions)
i Fold02: preprocessor 1/1
i Fold02: preprocessor 1/1, model 1/1
i Fold02: preprocessor 1/1, model 1/1 (predictions)
i Fold02: preprocessor 1/1
i Fold02: preprocessor 1/1, model 1/1
i Fold02: preprocessor 1/1, model 1/1 (predictions)
i Fold02: preprocessor 1/1
i Fold02: preprocessor 1/1, model 1/1
i Fold02: preprocessor 1/1, model 1/1 (predictions)
i Fold02: preprocessor 1/1
i Fold02: preprocessor 1/1, model 1/1
i Fold02: preprocessor 1/1, model 1/1 (predictions)
i Fold02: preprocessor 1/1
i Fold02: preprocessor 1/1, model 1/1
i Fold02: preprocessor 1/1, model 1/1 (predictions)
i Fold02: preprocessor 1/1
i Fold02: preprocessor 1/1, model 1/1
i Fold02: preprocessor 1/1, model 1/1 (predictions)
i Fold02: preprocessor 1/1
i Fold02: preprocessor 1/1, model 1/1
i Fold02: preprocessor 1/1, model 1/1 (predictions)
i Fold02: preprocessor 1/1
i Fold02: preprocessor 1/1, model 1/1
i Fold02: preprocessor 1/1, model 1/1 (predictions)
i Fold02: preprocessor 1/1
i Fold02: preprocessor 1/1, model 1/1
i Fold02: preprocessor 1/1, model 1/1 (predictions)
i Fold02: preprocessor 1/1
i Fold02: preprocessor 1/1, model 1/1
i Fold02: preprocessor 1/1, model 1/1 (predictions)
i Fold02: preprocessor 1/1
i Fold02: preprocessor 1/1, model 1/1
i Fold02: preprocessor 1/1, model 1/1 (predictions)
i Fold02: preprocessor 1/1
i Fold02: preprocessor 1/1, model 1/1
i Fold02: preprocessor 1/1, model 1/1 (predictions)
i Fold02: preprocessor 1/1
i Fold02: preprocessor 1/1, model 1/1
i Fold02: preprocessor 1/1, model 1/1 (predictions)
i Fold02: preprocessor 1/1
i Fold02: preprocessor 1/1, model 1/1
i Fold02: preprocessor 1/1, model 1/1 (predictions)
i Fold02: preprocessor 1/1
i Fold02: preprocessor 1/1, model 1/1
i Fold02: preprocessor 1/1, model 1/1 (predictions)
i Fold02: preprocessor 1/1
i Fold02: preprocessor 1/1, model 1/1
i Fold02: preprocessor 1/1, model 1/1 (predictions)
i Fold02: preprocessor 1/1
i Fold02: preprocessor 1/1, model 1/1
i Fold02: preprocessor 1/1, model 1/1 (predictions)
i Fold02: preprocessor 1/1
i Fold02: preprocessor 1/1, model 1/1
i Fold02: preprocessor 1/1, model 1/1 (predictions)
i Fold02: preprocessor 1/1
i Fold02: preprocessor 1/1, model 1/1
i Fold02: preprocessor 1/1, model 1/1 (predictions)
i Fold02: preprocessor 1/1
i Fold02: preprocessor 1/1, model 1/1
i Fold02: preprocessor 1/1, model 1/1 (predictions)
i Fold02: preprocessor 1/1
i Fold02: preprocessor 1/1, model 1/1
i Fold02: preprocessor 1/1, model 1/1 (predictions)
i Fold02: preprocessor 1/1
i Fold02: preprocessor 1/1, model 1/1
i Fold02: preprocessor 1/1, model 1/1 (predictions)
i Fold01: preprocessor 1/1
i Fold01: preprocessor 1/1, model 1/1
i Fold01: preprocessor 1/1, model 1/1 (predictions)
i Fold01: preprocessor 1/1
i Fold01: preprocessor 1/1, model 1/1
i Fold01: preprocessor 1/1, model 1/1 (predictions)
i Fold01: preprocessor 1/1
i Fold01: preprocessor 1/1, model 1/1
i Fold01: preprocessor 1/1, model 1/1 (predictions)
i Fold01: preprocessor 1/1
i Fold01: preprocessor 1/1, model 1/1
i Fold01: preprocessor 1/1, model 1/1 (predictions)
i Fold01: preprocessor 1/1
i Fold01: preprocessor 1/1, model 1/1
i Fold01: preprocessor 1/1, model 1/1 (predictions)
i Fold01: preprocessor 1/1
i Fold01: preprocessor 1/1, model 1/1
i Fold01: preprocessor 1/1, model 1/1 (predictions)
i Fold01: preprocessor 1/1
i Fold01: preprocessor 1/1, model 1/1
i Fold01: preprocessor 1/1, model 1/1 (predictions)
i Fold01: preprocessor 1/1
i Fold01: preprocessor 1/1, model 1/1
i Fold01: preprocessor 1/1, model 1/1 (predictions)
i Fold01: preprocessor 1/1
i Fold01: preprocessor 1/1, model 1/1
i Fold01: preprocessor 1/1, model 1/1 (predictions)
i Fold01: preprocessor 1/1
i Fold01: preprocessor 1/1, model 1/1
i Fold01: preprocessor 1/1, model 1/1 (predictions)
i Fold01: preprocessor 1/1
i Fold01: preprocessor 1/1, model 1/1
i Fold01: preprocessor 1/1, model 1/1 (predictions)
i Fold01: preprocessor 1/1
i Fold01: preprocessor 1/1, model 1/1
i Fold01: preprocessor 1/1, model 1/1 (predictions)
i Fold01: preprocessor 1/1
i Fold01: preprocessor 1/1, model 1/1
i Fold01: preprocessor 1/1, model 1/1 (predictions)
i Fold01: preprocessor 1/1
i Fold01: preprocessor 1/1, model 1/1
i Fold01: preprocessor 1/1, model 1/1 (predictions)
i Fold01: preprocessor 1/1
i Fold01: preprocessor 1/1, model 1/1
i Fold01: preprocessor 1/1, model 1/1 (predictions)
i Fold01: preprocessor 1/1
i Fold01: preprocessor 1/1, model 1/1
i Fold01: preprocessor 1/1, model 1/1 (predictions)
i Fold01: preprocessor 1/1
i Fold01: preprocessor 1/1, model 1/1
i Fold01: preprocessor 1/1, model 1/1 (predictions)
i Fold01: preprocessor 1/1
i Fold01: preprocessor 1/1, model 1/1
i Fold01: preprocessor 1/1, model 1/1 (predictions)
i Fold01: preprocessor 1/1
i Fold01: preprocessor 1/1, model 1/1
i Fold01: preprocessor 1/1, model 1/1 (predictions)
i Fold01: preprocessor 1/1
i Fold01: preprocessor 1/1, model 1/1
i Fold01: preprocessor 1/1, model 1/1 (predictions)
i Fold01: preprocessor 1/1
i Fold01: preprocessor 1/1, model 1/1
i Fold01: preprocessor 1/1, model 1/1 (predictions)
i Fold01: preprocessor 1/1
i Fold01: preprocessor 1/1, model 1/1
i Fold01: preprocessor 1/1, model 1/1 (predictions)
i Fold01: preprocessor 1/1
i Fold01: preprocessor 1/1, model 1/1
i Fold01: preprocessor 1/1, model 1/1 (predictions)
i Fold01: preprocessor 1/1
i Fold01: preprocessor 1/1, model 1/1
i Fold01: preprocessor 1/1, model 1/1 (predictions)
i Fold01: preprocessor 1/1
i Fold01: preprocessor 1/1, model 1/1
i Fold01: preprocessor 1/1, model 1/1 (predictions)
i Fold09: preprocessor 1/1
i Fold09: preprocessor 1/1, model 1/1
i Fold09: preprocessor 1/1, model 1/1 (predictions)
i Fold09: preprocessor 1/1
i Fold09: preprocessor 1/1, model 1/1
i Fold09: preprocessor 1/1, model 1/1 (predictions)
i Fold09: preprocessor 1/1
i Fold09: preprocessor 1/1, model 1/1
i Fold09: preprocessor 1/1, model 1/1 (predictions)
i Fold09: preprocessor 1/1
i Fold09: preprocessor 1/1, model 1/1
i Fold09: preprocessor 1/1, model 1/1 (predictions)
i Fold09: preprocessor 1/1
i Fold09: preprocessor 1/1, model 1/1
i Fold09: preprocessor 1/1, model 1/1 (predictions)
i Fold09: preprocessor 1/1
i Fold09: preprocessor 1/1, model 1/1
i Fold09: preprocessor 1/1, model 1/1 (predictions)
i Fold09: preprocessor 1/1
i Fold09: preprocessor 1/1, model 1/1
i Fold09: preprocessor 1/1, model 1/1 (predictions)
i Fold09: preprocessor 1/1
i Fold09: preprocessor 1/1, model 1/1
i Fold09: preprocessor 1/1, model 1/1 (predictions)
i Fold09: preprocessor 1/1
i Fold09: preprocessor 1/1, model 1/1
i Fold09: preprocessor 1/1, model 1/1 (predictions)
i Fold09: preprocessor 1/1
i Fold09: preprocessor 1/1, model 1/1
i Fold09: preprocessor 1/1, model 1/1 (predictions)
i Fold09: preprocessor 1/1
i Fold09: preprocessor 1/1, model 1/1
i Fold09: preprocessor 1/1, model 1/1 (predictions)
i Fold09: preprocessor 1/1
i Fold09: preprocessor 1/1, model 1/1
i Fold09: preprocessor 1/1, model 1/1 (predictions)
i Fold09: preprocessor 1/1
i Fold09: preprocessor 1/1, model 1/1
i Fold09: preprocessor 1/1, model 1/1 (predictions)
i Fold09: preprocessor 1/1
i Fold09: preprocessor 1/1, model 1/1
i Fold09: preprocessor 1/1, model 1/1 (predictions)
i Fold09: preprocessor 1/1
i Fold09: preprocessor 1/1, model 1/1
i Fold09: preprocessor 1/1, model 1/1 (predictions)
i Fold09: preprocessor 1/1
i Fold09: preprocessor 1/1, model 1/1
i Fold09: preprocessor 1/1, model 1/1 (predictions)
i Fold09: preprocessor 1/1
i Fold09: preprocessor 1/1, model 1/1
i Fold09: preprocessor 1/1, model 1/1 (predictions)
i Fold09: preprocessor 1/1
i Fold09: preprocessor 1/1, model 1/1
i Fold09: preprocessor 1/1, model 1/1 (predictions)
i Fold09: preprocessor 1/1
i Fold09: preprocessor 1/1, model 1/1
i Fold09: preprocessor 1/1, model 1/1 (predictions)
i Fold09: preprocessor 1/1
i Fold09: preprocessor 1/1, model 1/1
i Fold09: preprocessor 1/1, model 1/1 (predictions)
i Fold05: preprocessor 1/1
i Fold05: preprocessor 1/1, model 1/1
i Fold05: preprocessor 1/1, model 1/1 (predictions)
i Fold05: preprocessor 1/1
i Fold05: preprocessor 1/1, model 1/1
i Fold05: preprocessor 1/1, model 1/1 (predictions)
i Fold05: preprocessor 1/1
i Fold05: preprocessor 1/1, model 1/1
i Fold05: preprocessor 1/1, model 1/1 (predictions)
i Fold05: preprocessor 1/1
i Fold05: preprocessor 1/1, model 1/1
i Fold05: preprocessor 1/1, model 1/1 (predictions)
i Fold05: preprocessor 1/1
i Fold05: preprocessor 1/1, model 1/1
i Fold05: preprocessor 1/1, model 1/1 (predictions)
i Fold05: preprocessor 1/1
i Fold05: preprocessor 1/1, model 1/1
i Fold05: preprocessor 1/1, model 1/1 (predictions)
i Fold05: preprocessor 1/1
i Fold05: preprocessor 1/1, model 1/1
i Fold05: preprocessor 1/1, model 1/1 (predictions)
i Fold05: preprocessor 1/1
i Fold05: preprocessor 1/1, model 1/1
i Fold05: preprocessor 1/1, model 1/1 (predictions)
i Fold05: preprocessor 1/1
i Fold05: preprocessor 1/1, model 1/1
i Fold05: preprocessor 1/1, model 1/1 (predictions)
i Fold05: preprocessor 1/1
i Fold05: preprocessor 1/1, model 1/1
i Fold05: preprocessor 1/1, model 1/1 (predictions)
i Fold05: preprocessor 1/1
i Fold05: preprocessor 1/1, model 1/1
i Fold05: preprocessor 1/1, model 1/1 (predictions)
i Fold05: preprocessor 1/1
i Fold05: preprocessor 1/1, model 1/1
i Fold05: preprocessor 1/1, model 1/1 (predictions)
i Fold05: preprocessor 1/1
i Fold05: preprocessor 1/1, model 1/1
i Fold05: preprocessor 1/1, model 1/1 (predictions)
i Fold07: preprocessor 1/1
i Fold07: preprocessor 1/1, model 1/1
i Fold07: preprocessor 1/1, model 1/1 (predictions)
i Fold07: preprocessor 1/1
i Fold07: preprocessor 1/1, model 1/1
i Fold07: preprocessor 1/1, model 1/1 (predictions)
i Fold07: preprocessor 1/1
i Fold07: preprocessor 1/1, model 1/1
i Fold07: preprocessor 1/1, model 1/1 (predictions)
i Fold07: preprocessor 1/1
i Fold07: preprocessor 1/1, model 1/1
i Fold07: preprocessor 1/1, model 1/1 (predictions)
i Fold07: preprocessor 1/1
i Fold07: preprocessor 1/1, model 1/1
i Fold07: preprocessor 1/1, model 1/1 (predictions)
i Fold07: preprocessor 1/1
i Fold07: preprocessor 1/1, model 1/1
i Fold07: preprocessor 1/1, model 1/1 (predictions)
i Fold07: preprocessor 1/1
i Fold07: preprocessor 1/1, model 1/1
i Fold07: preprocessor 1/1, model 1/1 (predictions)
i Fold07: preprocessor 1/1
i Fold07: preprocessor 1/1, model 1/1
i Fold07: preprocessor 1/1, model 1/1 (predictions)
i Fold07: preprocessor 1/1
i Fold07: preprocessor 1/1, model 1/1
i Fold07: preprocessor 1/1, model 1/1 (predictions)
i Fold07: preprocessor 1/1
i Fold07: preprocessor 1/1, model 1/1
i Fold07: preprocessor 1/1, model 1/1 (predictions)
i Fold10: preprocessor 1/1
i Fold10: preprocessor 1/1, model 1/1
i Fold10: preprocessor 1/1, model 1/1 (predictions)
i Fold10: preprocessor 1/1
i Fold10: preprocessor 1/1, model 1/1
i Fold10: preprocessor 1/1, model 1/1 (predictions)
i Fold10: preprocessor 1/1
i Fold10: preprocessor 1/1, model 1/1
i Fold10: preprocessor 1/1, model 1/1 (predictions)
i Fold10: preprocessor 1/1
i Fold10: preprocessor 1/1, model 1/1
i Fold10: preprocessor 1/1, model 1/1 (predictions)
i Fold10: preprocessor 1/1
i Fold10: preprocessor 1/1, model 1/1
i Fold10: preprocessor 1/1, model 1/1 (predictions)
i Fold10: preprocessor 1/1
i Fold10: preprocessor 1/1, model 1/1
i Fold10: preprocessor 1/1, model 1/1 (predictions)
i Fold10: preprocessor 1/1
i Fold10: preprocessor 1/1, model 1/1
i Fold10: preprocessor 1/1, model 1/1 (predictions)
i Fold10: preprocessor 1/1
i Fold10: preprocessor 1/1, model 1/1
i Fold10: preprocessor 1/1, model 1/1 (predictions)
i Fold10: preprocessor 1/1
i Fold10: preprocessor 1/1, model 1/1
i Fold10: preprocessor 1/1, model 1/1 (predictions)
i Fold10: preprocessor 1/1
i Fold10: preprocessor 1/1, model 1/1
i Fold10: preprocessor 1/1, model 1/1 (predictions)
i Fold03: preprocessor 1/1
i Fold03: preprocessor 1/1, model 1/1
i Fold03: preprocessor 1/1, model 1/1 (predictions)
i Fold03: preprocessor 1/1
i Fold03: preprocessor 1/1, model 1/1
i Fold03: preprocessor 1/1, model 1/1 (predictions)
i Fold03: preprocessor 1/1
i Fold03: preprocessor 1/1, model 1/1
i Fold03: preprocessor 1/1, model 1/1 (predictions)
i Fold03: preprocessor 1/1
i Fold03: preprocessor 1/1, model 1/1
i Fold03: preprocessor 1/1, model 1/1 (predictions)
i Fold03: preprocessor 1/1
i Fold03: preprocessor 1/1, model 1/1
i Fold03: preprocessor 1/1, model 1/1 (predictions)
i Fold03: preprocessor 1/1
i Fold03: preprocessor 1/1, model 1/1
i Fold03: preprocessor 1/1, model 1/1 (predictions)
i Fold03: preprocessor 1/1
i Fold03: preprocessor 1/1, model 1/1
i Fold03: preprocessor 1/1, model 1/1 (predictions)
i Fold03: preprocessor 1/1
i Fold03: preprocessor 1/1, model 1/1
i Fold03: preprocessor 1/1, model 1/1 (predictions)
i Fold03: preprocessor 1/1
i Fold03: preprocessor 1/1, model 1/1
i Fold03: preprocessor 1/1, model 1/1 (predictions)
i Fold03: preprocessor 1/1
i Fold03: preprocessor 1/1, model 1/1
i Fold03: preprocessor 1/1, model 1/1 (predictions)
Warning message:
Metric "rmse" was used to evaluate model candidates in the race but "rsq" has
been chosen to rank the candidates. These results may not agree with the race. 
Warning message:
Metric "rmse" was used to evaluate model candidates in the race but "rsq" has
been chosen to rank the candidates. These results may not agree with the race. 
Warning message:
In grid.Call.graphics(C_text, as.graphicsAnnot(x$label), x$x, x$y,  :
  for 'Yield Distribution — Train (red) vs Validation (blue)' in 'mbcsToSbcs': - substituted for — (U+2014)
`geom_smooth()` using formula = 'y ~ x'
Warning message:
In grid.Call.graphics(C_text, as.graphicsAnnot(x$label), x$x, x$y,  :
  for 'XGBoost — Predicted vs Observed (Validation)' in 'mbcsToSbcs': - substituted for — (U+2014)
`geom_smooth()` using formula = 'y ~ x'
Warning message:
In grid.Call.graphics(C_text, as.graphicsAnnot(x$label), x$x, x$y,  :
  for 'LightGBM — Predicted vs Observed (Validation)' in 'mbcsToSbcs': - substituted for — (U+2014)
Warning message:
In grid.Call.graphics(C_text, as.graphicsAnnot(x$label), x$x, x$y,  :
  for 'XGBoost — Variable Importance (Top 20)' in 'mbcsToSbcs': - substituted for — (U+2014)
Warning message:
In grid.Call.graphics(C_text, as.graphicsAnnot(x$label), x$x, x$y,  :
  for 'LightGBM — Variable Importance (Top 20)' in 'mbcsToSbcs': - substituted for — (U+2014)
