── Attaching packages ────────────────────────────────────── tidymodels 1.4.1 ──
✔ broom        1.0.12     ✔ recipes      1.3.2 
✔ dials        1.4.3      ✔ rsample      1.3.2 
✔ dplyr        1.2.1      ✔ tailor       0.1.0 
✔ ggplot2      4.0.2      ✔ tidyr        1.3.2 
✔ infer        1.1.0      ✔ tune         2.0.1 
✔ modeldata    1.5.1      ✔ workflows    1.3.0 
✔ parsnip      1.5.0      ✔ workflowsets 1.1.1 
✔ purrr        1.2.2      ✔ yardstick    1.4.0 
── Conflicts ───────────────────────────────────────── tidymodels_conflicts() ──
✖ purrr::discard() masks scales::discard()
✖ dplyr::filter()  masks stats::filter()
✖ dplyr::lag()     masks stats::lag()
✖ recipes::step()  masks stats::step()

Attaching package: ‘vip’

The following object is masked from ‘package:utils’:

    vi

── Attaching core tidyverse packages ──────────────────────── tidyverse 2.0.0 ──
✔ forcats   1.0.1     ✔ stringr   1.5.1
✔ lubridate 1.9.5     ✔ tibble    3.2.1
✔ readr     2.2.0     
── Conflicts ────────────────────────────────────────── tidyverse_conflicts() ──
✖ readr::col_factor() masks scales::col_factor()
✖ purrr::discard()    masks scales::discard()
✖ dplyr::filter()     masks stats::filter()
✖ stringr::fixed()    masks recipes::fixed()
✖ dplyr::lag()        masks stats::lag()
✖ readr::spec()       masks yardstick::spec()
ℹ Use the conflicted package (<http://conflicted.r-lib.org/>) to force all conflicts to become errors
Loading required package: foreach

Attaching package: ‘foreach’

The following objects are masked from ‘package:purrr’:

    accumulate, when

Loading required package: iterators
Loading required package: parallel
Rows: 107216 Columns: 11
── Column specification ────────────────────────────────────────────────────────
Delimiter: ","
chr (3): site, hybrid, previous_crop
dbl (8): yield_mg_ha, year, longitude, latitude, soilp_h, om_pct, soilk_ppm,...

ℹ Use `spec()` to retrieve the full column specification for this data.
ℹ Specify the column types or set `show_col_types = FALSE` to quiet this message.
Rows: 10057 Columns: 10
── Column specification ────────────────────────────────────────────────────────
Delimiter: ","
chr (3): site, hybrid, previous_crop
dbl (7): year, longitude, latitude, soilp_h, om_pct, soilk_ppm, soilp_ppm

ℹ Use `spec()` to retrieve the full column specification for this data.
ℹ Specify the column types or set `show_col_types = FALSE` to quiet this message.
Text saved: data_glimpse.txt
Plot saved: 01_yield_distribution.png
Plot saved: 02_missing_data.png
CSV  saved: 02_missing_data_table.csv
CSV  saved: 04_xgb_hyperparam_grid.csv
CSV  saved: 04_lgbm_hyperparam_grid.csv
Plot saved: 04_xgb_grid_viz.png
i Fold07: preprocessor 1/1
i Fold07: preprocessor 1/1, model 1/1
i Fold07: preprocessor 1/1, model 1/1 (predictions)
i Fold09: preprocessor 1/1
i Fold09: preprocessor 1/1, model 1/1
i Fold09: preprocessor 1/1, model 1/1 (predictions)
i Fold05: preprocessor 1/1
i Fold05: preprocessor 1/1, model 1/1
i Fold05: preprocessor 1/1, model 1/1 (predictions)
i Fold07: preprocessor 1/1
i Fold07: preprocessor 1/1, model 1/1
i Fold07: preprocessor 1/1, model 1/1 (predictions)
i Fold09: preprocessor 1/1
i Fold09: preprocessor 1/1, model 1/1
i Fold09: preprocessor 1/1, model 1/1 (predictions)
i Fold05: preprocessor 1/1
i Fold05: preprocessor 1/1, model 1/1
i Fold05: preprocessor 1/1, model 1/1 (predictions)
i Fold07: preprocessor 1/1
i Fold07: preprocessor 1/1, model 1/1
i Fold07: preprocessor 1/1, model 1/1 (predictions)
i Fold09: preprocessor 1/1
i Fold09: preprocessor 1/1, model 1/1
i Fold09: preprocessor 1/1, model 1/1 (predictions)
i Fold05: preprocessor 1/1
i Fold05: preprocessor 1/1, model 1/1
i Fold05: preprocessor 1/1, model 1/1 (predictions)
i Fold07: preprocessor 1/1
i Fold07: preprocessor 1/1, model 1/1
i Fold07: preprocessor 1/1, model 1/1 (predictions)
i Fold09: preprocessor 1/1
i Fold09: preprocessor 1/1, model 1/1
i Fold09: preprocessor 1/1, model 1/1 (predictions)
i Fold05: preprocessor 1/1
i Fold05: preprocessor 1/1, model 1/1
i Fold05: preprocessor 1/1, model 1/1 (predictions)
i Fold07: preprocessor 1/1
i Fold07: preprocessor 1/1, model 1/1
i Fold07: preprocessor 1/1, model 1/1 (predictions)
i Fold09: preprocessor 1/1
i Fold09: preprocessor 1/1, model 1/1
i Fold09: preprocessor 1/1, model 1/1 (predictions)
i Fold05: preprocessor 1/1
i Fold05: preprocessor 1/1, model 1/1
i Fold05: preprocessor 1/1, model 1/1 (predictions)
i Fold07: preprocessor 1/1
i Fold07: preprocessor 1/1, model 1/1
i Fold07: preprocessor 1/1, model 1/1 (predictions)
i Fold09: preprocessor 1/1
i Fold09: preprocessor 1/1, model 1/1
i Fold09: preprocessor 1/1, model 1/1 (predictions)
i Fold05: preprocessor 1/1
i Fold05: preprocessor 1/1, model 1/1
i Fold05: preprocessor 1/1, model 1/1 (predictions)
i Fold07: preprocessor 1/1
i Fold07: preprocessor 1/1, model 1/1
i Fold07: preprocessor 1/1, model 1/1 (predictions)
i Fold09: preprocessor 1/1
i Fold09: preprocessor 1/1, model 1/1
i Fold09: preprocessor 1/1, model 1/1 (predictions)
i Fold05: preprocessor 1/1
i Fold05: preprocessor 1/1, model 1/1
i Fold05: preprocessor 1/1, model 1/1 (predictions)
i Fold07: preprocessor 1/1
i Fold07: preprocessor 1/1, model 1/1
i Fold07: preprocessor 1/1, model 1/1 (predictions)
i Fold09: preprocessor 1/1
i Fold09: preprocessor 1/1, model 1/1
i Fold09: preprocessor 1/1, model 1/1 (predictions)
i Fold05: preprocessor 1/1
i Fold05: preprocessor 1/1, model 1/1
i Fold05: preprocessor 1/1, model 1/1 (predictions)
i Fold07: preprocessor 1/1
i Fold07: preprocessor 1/1, model 1/1
i Fold07: preprocessor 1/1, model 1/1 (predictions)
i Fold09: preprocessor 1/1
i Fold09: preprocessor 1/1, model 1/1
i Fold09: preprocessor 1/1, model 1/1 (predictions)
i Fold05: preprocessor 1/1
i Fold05: preprocessor 1/1, model 1/1
i Fold05: preprocessor 1/1, model 1/1 (predictions)
i Fold07: preprocessor 1/1
i Fold07: preprocessor 1/1, model 1/1
i Fold07: preprocessor 1/1, model 1/1 (predictions)
i Fold09: preprocessor 1/1
i Fold09: preprocessor 1/1, model 1/1
i Fold09: preprocessor 1/1, model 1/1 (predictions)
i Fold05: preprocessor 1/1
i Fold05: preprocessor 1/1, model 1/1
i Fold05: preprocessor 1/1, model 1/1 (predictions)
i Fold07: preprocessor 1/1
i Fold07: preprocessor 1/1, model 1/1
i Fold07: preprocessor 1/1, model 1/1 (predictions)
i Fold09: preprocessor 1/1
i Fold09: preprocessor 1/1, model 1/1
i Fold09: preprocessor 1/1, model 1/1 (predictions)
i Fold05: preprocessor 1/1
i Fold05: preprocessor 1/1, model 1/1
i Fold05: preprocessor 1/1, model 1/1 (predictions)
i Fold07: preprocessor 1/1
i Fold07: preprocessor 1/1, model 1/1
i Fold07: preprocessor 1/1, model 1/1 (predictions)
i Fold09: preprocessor 1/1
i Fold09: preprocessor 1/1, model 1/1
i Fold09: preprocessor 1/1, model 1/1 (predictions)
i Fold05: preprocessor 1/1
i Fold05: preprocessor 1/1, model 1/1
i Fold05: preprocessor 1/1, model 1/1 (predictions)
i Fold07: preprocessor 1/1
i Fold07: preprocessor 1/1, model 1/1
i Fold07: preprocessor 1/1, model 1/1 (predictions)
i Fold09: preprocessor 1/1
i Fold09: preprocessor 1/1, model 1/1
i Fold09: preprocessor 1/1, model 1/1 (predictions)
i Fold05: preprocessor 1/1
i Fold05: preprocessor 1/1, model 1/1
i Fold05: preprocessor 1/1, model 1/1 (predictions)
i Fold07: preprocessor 1/1
i Fold07: preprocessor 1/1, model 1/1
i Fold07: preprocessor 1/1, model 1/1 (predictions)
i Fold09: preprocessor 1/1
i Fold09: preprocessor 1/1, model 1/1
i Fold09: preprocessor 1/1, model 1/1 (predictions)
i Fold05: preprocessor 1/1
i Fold05: preprocessor 1/1, model 1/1
i Fold05: preprocessor 1/1, model 1/1 (predictions)
i Fold07: preprocessor 1/1
i Fold07: preprocessor 1/1, model 1/1
i Fold07: preprocessor 1/1, model 1/1 (predictions)
i Fold09: preprocessor 1/1
i Fold09: preprocessor 1/1, model 1/1
i Fold09: preprocessor 1/1, model 1/1 (predictions)
i Fold05: preprocessor 1/1
i Fold05: preprocessor 1/1, model 1/1
i Fold05: preprocessor 1/1, model 1/1 (predictions)
i Fold07: preprocessor 1/1
i Fold07: preprocessor 1/1, model 1/1
i Fold07: preprocessor 1/1, model 1/1 (predictions)
i Fold09: preprocessor 1/1
i Fold09: preprocessor 1/1, model 1/1
i Fold09: preprocessor 1/1, model 1/1 (predictions)
i Fold05: preprocessor 1/1
i Fold05: preprocessor 1/1, model 1/1
i Fold05: preprocessor 1/1, model 1/1 (predictions)
i Fold07: preprocessor 1/1
i Fold07: preprocessor 1/1, model 1/1
i Fold07: preprocessor 1/1, model 1/1 (predictions)
i Fold09: preprocessor 1/1
i Fold09: preprocessor 1/1, model 1/1
i Fold09: preprocessor 1/1, model 1/1 (predictions)
i Fold05: preprocessor 1/1
i Fold05: preprocessor 1/1, model 1/1
i Fold05: preprocessor 1/1, model 1/1 (predictions)
i Fold07: preprocessor 1/1
i Fold07: preprocessor 1/1, model 1/1
i Fold07: preprocessor 1/1, model 1/1 (predictions)
i Fold09: preprocessor 1/1
i Fold09: preprocessor 1/1, model 1/1
i Fold09: preprocessor 1/1, model 1/1 (predictions)
i Fold05: preprocessor 1/1
i Fold05: preprocessor 1/1, model 1/1
i Fold05: preprocessor 1/1, model 1/1 (predictions)
i Fold07: preprocessor 1/1
i Fold07: preprocessor 1/1, model 1/1
i Fold07: preprocessor 1/1, model 1/1 (predictions)
i Fold09: preprocessor 1/1
i Fold09: preprocessor 1/1, model 1/1
i Fold09: preprocessor 1/1, model 1/1 (predictions)
i Fold05: preprocessor 1/1
i Fold05: preprocessor 1/1, model 1/1
i Fold05: preprocessor 1/1, model 1/1 (predictions)
i Fold07: preprocessor 1/1
i Fold07: preprocessor 1/1, model 1/1
i Fold07: preprocessor 1/1, model 1/1 (predictions)
i Fold09: preprocessor 1/1
i Fold09: preprocessor 1/1, model 1/1
i Fold09: preprocessor 1/1, model 1/1 (predictions)
i Fold05: preprocessor 1/1
i Fold05: preprocessor 1/1, model 1/1
i Fold05: preprocessor 1/1, model 1/1 (predictions)
i Fold07: preprocessor 1/1
i Fold07: preprocessor 1/1, model 1/1
i Fold07: preprocessor 1/1, model 1/1 (predictions)
i Fold09: preprocessor 1/1
i Fold09: preprocessor 1/1, model 1/1
i Fold09: preprocessor 1/1, model 1/1 (predictions)
i Fold05: preprocessor 1/1
i Fold05: preprocessor 1/1, model 1/1
i Fold05: preprocessor 1/1, model 1/1 (predictions)
i Fold07: preprocessor 1/1
i Fold07: preprocessor 1/1, model 1/1
i Fold07: preprocessor 1/1, model 1/1 (predictions)
i Fold09: preprocessor 1/1
i Fold09: preprocessor 1/1, model 1/1
i Fold09: preprocessor 1/1, model 1/1 (predictions)
i Fold05: preprocessor 1/1
i Fold05: preprocessor 1/1, model 1/1
i Fold05: preprocessor 1/1, model 1/1 (predictions)
i Fold07: preprocessor 1/1
i Fold07: preprocessor 1/1, model 1/1
i Fold07: preprocessor 1/1, model 1/1 (predictions)
i Fold09: preprocessor 1/1
i Fold09: preprocessor 1/1, model 1/1
i Fold09: preprocessor 1/1, model 1/1 (predictions)
i Fold05: preprocessor 1/1
i Fold05: preprocessor 1/1, model 1/1
i Fold05: preprocessor 1/1, model 1/1 (predictions)
i Fold07: preprocessor 1/1
i Fold07: preprocessor 1/1, model 1/1
i Fold07: preprocessor 1/1, model 1/1 (predictions)
i Fold09: preprocessor 1/1
i Fold09: preprocessor 1/1, model 1/1
i Fold09: preprocessor 1/1, model 1/1 (predictions)
i Fold05: preprocessor 1/1
i Fold05: preprocessor 1/1, model 1/1
i Fold05: preprocessor 1/1, model 1/1 (predictions)
i Fold07: preprocessor 1/1
i Fold07: preprocessor 1/1, model 1/1
i Fold07: preprocessor 1/1, model 1/1 (predictions)
i Fold09: preprocessor 1/1
i Fold09: preprocessor 1/1, model 1/1
i Fold09: preprocessor 1/1, model 1/1 (predictions)
i Fold05: preprocessor 1/1
i Fold05: preprocessor 1/1, model 1/1
i Fold05: preprocessor 1/1, model 1/1 (predictions)
i Fold07: preprocessor 1/1
i Fold07: preprocessor 1/1, model 1/1
i Fold07: preprocessor 1/1, model 1/1 (predictions)
i Fold09: preprocessor 1/1
i Fold09: preprocessor 1/1, model 1/1
i Fold09: preprocessor 1/1, model 1/1 (predictions)
i Fold05: preprocessor 1/1
i Fold05: preprocessor 1/1, model 1/1
i Fold05: preprocessor 1/1, model 1/1 (predictions)
i Fold07: preprocessor 1/1
i Fold07: preprocessor 1/1, model 1/1
i Fold07: preprocessor 1/1, model 1/1 (predictions)
i Fold09: preprocessor 1/1
i Fold09: preprocessor 1/1, model 1/1
i Fold09: preprocessor 1/1, model 1/1 (predictions)
i Fold05: preprocessor 1/1
i Fold05: preprocessor 1/1, model 1/1
i Fold05: preprocessor 1/1, model 1/1 (predictions)
i Fold07: preprocessor 1/1
i Fold07: preprocessor 1/1, model 1/1
i Fold07: preprocessor 1/1, model 1/1 (predictions)
i Fold09: preprocessor 1/1
i Fold09: preprocessor 1/1, model 1/1
i Fold09: preprocessor 1/1, model 1/1 (predictions)
i Fold05: preprocessor 1/1
i Fold05: preprocessor 1/1, model 1/1
i Fold05: preprocessor 1/1, model 1/1 (predictions)
i Fold07: preprocessor 1/1
i Fold07: preprocessor 1/1, model 1/1
i Fold07: preprocessor 1/1, model 1/1 (predictions)
i Fold09: preprocessor 1/1
i Fold09: preprocessor 1/1, model 1/1
i Fold09: preprocessor 1/1, model 1/1 (predictions)
i Fold05: preprocessor 1/1
i Fold05: preprocessor 1/1, model 1/1
i Fold05: preprocessor 1/1, model 1/1 (predictions)
i Fold07: preprocessor 1/1
i Fold07: preprocessor 1/1, model 1/1
i Fold07: preprocessor 1/1, model 1/1 (predictions)
i Fold09: preprocessor 1/1
i Fold09: preprocessor 1/1, model 1/1
i Fold09: preprocessor 1/1, model 1/1 (predictions)
i Fold05: preprocessor 1/1
i Fold05: preprocessor 1/1, model 1/1
i Fold05: preprocessor 1/1, model 1/1 (predictions)
i Fold07: preprocessor 1/1
i Fold07: preprocessor 1/1, model 1/1
i Fold07: preprocessor 1/1, model 1/1 (predictions)
i Fold09: preprocessor 1/1
i Fold09: preprocessor 1/1, model 1/1
i Fold09: preprocessor 1/1, model 1/1 (predictions)
i Fold05: preprocessor 1/1
i Fold05: preprocessor 1/1, model 1/1
i Fold05: preprocessor 1/1, model 1/1 (predictions)
i Fold07: preprocessor 1/1
i Fold07: preprocessor 1/1, model 1/1
i Fold07: preprocessor 1/1, model 1/1 (predictions)
i Fold09: preprocessor 1/1
i Fold09: preprocessor 1/1, model 1/1
i Fold09: preprocessor 1/1, model 1/1 (predictions)
i Fold05: preprocessor 1/1
i Fold05: preprocessor 1/1, model 1/1
i Fold05: preprocessor 1/1, model 1/1 (predictions)
i Fold07: preprocessor 1/1
i Fold07: preprocessor 1/1, model 1/1
i Fold07: preprocessor 1/1, model 1/1 (predictions)
i Fold09: preprocessor 1/1
i Fold09: preprocessor 1/1, model 1/1
i Fold09: preprocessor 1/1, model 1/1 (predictions)
i Fold05: preprocessor 1/1
i Fold05: preprocessor 1/1, model 1/1
i Fold05: preprocessor 1/1, model 1/1 (predictions)
i Fold07: preprocessor 1/1
i Fold07: preprocessor 1/1, model 1/1
i Fold07: preprocessor 1/1, model 1/1 (predictions)
i Fold09: preprocessor 1/1
i Fold09: preprocessor 1/1, model 1/1
i Fold09: preprocessor 1/1, model 1/1 (predictions)
i Fold05: preprocessor 1/1
i Fold05: preprocessor 1/1, model 1/1
i Fold05: preprocessor 1/1, model 1/1 (predictions)
i Fold07: preprocessor 1/1
i Fold07: preprocessor 1/1, model 1/1
i Fold07: preprocessor 1/1, model 1/1 (predictions)
i Fold09: preprocessor 1/1
i Fold09: preprocessor 1/1, model 1/1
i Fold09: preprocessor 1/1, model 1/1 (predictions)
i Fold05: preprocessor 1/1
i Fold05: preprocessor 1/1, model 1/1
i Fold05: preprocessor 1/1, model 1/1 (predictions)
i Fold07: preprocessor 1/1
i Fold07: preprocessor 1/1, model 1/1
i Fold07: preprocessor 1/1, model 1/1 (predictions)
i Fold09: preprocessor 1/1
i Fold09: preprocessor 1/1, model 1/1
i Fold09: preprocessor 1/1, model 1/1 (predictions)
i Fold05: preprocessor 1/1
i Fold05: preprocessor 1/1, model 1/1
i Fold05: preprocessor 1/1, model 1/1 (predictions)
i Fold07: preprocessor 1/1
i Fold07: preprocessor 1/1, model 1/1
i Fold07: preprocessor 1/1, model 1/1 (predictions)
i Fold09: preprocessor 1/1
i Fold09: preprocessor 1/1, model 1/1
i Fold09: preprocessor 1/1, model 1/1 (predictions)
i Fold05: preprocessor 1/1
i Fold05: preprocessor 1/1, model 1/1
i Fold05: preprocessor 1/1, model 1/1 (predictions)
i Fold07: preprocessor 1/1
i Fold07: preprocessor 1/1, model 1/1
i Fold07: preprocessor 1/1, model 1/1 (predictions)
i Fold09: preprocessor 1/1
i Fold09: preprocessor 1/1, model 1/1
i Fold09: preprocessor 1/1, model 1/1 (predictions)
i Fold05: preprocessor 1/1
i Fold05: preprocessor 1/1, model 1/1
i Fold05: preprocessor 1/1, model 1/1 (predictions)
i Fold07: preprocessor 1/1
i Fold07: preprocessor 1/1, model 1/1
i Fold07: preprocessor 1/1, model 1/1 (predictions)
i Fold09: preprocessor 1/1
i Fold09: preprocessor 1/1, model 1/1
i Fold09: preprocessor 1/1, model 1/1 (predictions)
i Fold05: preprocessor 1/1
i Fold05: preprocessor 1/1, model 1/1
i Fold05: preprocessor 1/1, model 1/1 (predictions)
i Fold07: preprocessor 1/1
i Fold07: preprocessor 1/1, model 1/1
i Fold07: preprocessor 1/1, model 1/1 (predictions)
i Fold09: preprocessor 1/1
i Fold09: preprocessor 1/1, model 1/1
i Fold09: preprocessor 1/1, model 1/1 (predictions)
i Fold05: preprocessor 1/1
i Fold05: preprocessor 1/1, model 1/1
i Fold05: preprocessor 1/1, model 1/1 (predictions)
i Fold07: preprocessor 1/1
i Fold07: preprocessor 1/1, model 1/1
i Fold07: preprocessor 1/1, model 1/1 (predictions)
i Fold09: preprocessor 1/1
i Fold09: preprocessor 1/1, model 1/1
i Fold09: preprocessor 1/1, model 1/1 (predictions)
i Fold05: preprocessor 1/1
i Fold05: preprocessor 1/1, model 1/1
i Fold05: preprocessor 1/1, model 1/1 (predictions)
i Fold07: preprocessor 1/1
i Fold07: preprocessor 1/1, model 1/1
i Fold07: preprocessor 1/1, model 1/1 (predictions)
i Fold09: preprocessor 1/1
i Fold09: preprocessor 1/1, model 1/1
i Fold09: preprocessor 1/1, model 1/1 (predictions)
i Fold05: preprocessor 1/1
i Fold05: preprocessor 1/1, model 1/1
i Fold05: preprocessor 1/1, model 1/1 (predictions)
i Fold07: preprocessor 1/1
i Fold07: preprocessor 1/1, model 1/1
i Fold07: preprocessor 1/1, model 1/1 (predictions)
i Fold09: preprocessor 1/1
i Fold09: preprocessor 1/1, model 1/1
i Fold09: preprocessor 1/1, model 1/1 (predictions)
i Fold05: preprocessor 1/1
i Fold05: preprocessor 1/1, model 1/1
i Fold05: preprocessor 1/1, model 1/1 (predictions)
i Fold07: preprocessor 1/1
i Fold07: preprocessor 1/1, model 1/1
i Fold07: preprocessor 1/1, model 1/1 (predictions)
i Fold09: preprocessor 1/1
i Fold09: preprocessor 1/1, model 1/1
i Fold09: preprocessor 1/1, model 1/1 (predictions)
i Fold05: preprocessor 1/1
i Fold05: preprocessor 1/1, model 1/1
i Fold05: preprocessor 1/1, model 1/1 (predictions)
i Fold07: preprocessor 1/1
i Fold07: preprocessor 1/1, model 1/1
i Fold07: preprocessor 1/1, model 1/1 (predictions)
i Fold09: preprocessor 1/1
i Fold09: preprocessor 1/1, model 1/1
i Fold09: preprocessor 1/1, model 1/1 (predictions)
i Fold05: preprocessor 1/1
i Fold05: preprocessor 1/1, model 1/1
i Fold05: preprocessor 1/1, model 1/1 (predictions)
i Fold07: preprocessor 1/1
i Fold07: preprocessor 1/1, model 1/1
i Fold07: preprocessor 1/1, model 1/1 (predictions)
i Fold09: preprocessor 1/1
i Fold09: preprocessor 1/1, model 1/1
i Fold09: preprocessor 1/1, model 1/1 (predictions)
i Fold05: preprocessor 1/1
i Fold05: preprocessor 1/1, model 1/1
i Fold05: preprocessor 1/1, model 1/1 (predictions)
i Fold07: preprocessor 1/1
i Fold07: preprocessor 1/1, model 1/1
i Fold07: preprocessor 1/1, model 1/1 (predictions)
i Fold09: preprocessor 1/1
i Fold09: preprocessor 1/1, model 1/1
i Fold09: preprocessor 1/1, model 1/1 (predictions)
i Fold05: preprocessor 1/1
i Fold05: preprocessor 1/1, model 1/1
i Fold05: preprocessor 1/1, model 1/1 (predictions)
i Fold07: preprocessor 1/1
i Fold07: preprocessor 1/1, model 1/1
i Fold07: preprocessor 1/1, model 1/1 (predictions)
i Fold09: preprocessor 1/1
i Fold09: preprocessor 1/1, model 1/1
i Fold09: preprocessor 1/1, model 1/1 (predictions)
i Fold05: preprocessor 1/1
i Fold05: preprocessor 1/1, model 1/1
i Fold05: preprocessor 1/1, model 1/1 (predictions)
i Fold07: preprocessor 1/1
i Fold07: preprocessor 1/1, model 1/1
i Fold07: preprocessor 1/1, model 1/1 (predictions)
i Fold09: preprocessor 1/1
i Fold09: preprocessor 1/1, model 1/1
i Fold09: preprocessor 1/1, model 1/1 (predictions)
i Fold05: preprocessor 1/1
i Fold05: preprocessor 1/1, model 1/1
i Fold05: preprocessor 1/1, model 1/1 (predictions)
i Fold07: preprocessor 1/1
i Fold07: preprocessor 1/1, model 1/1
i Fold07: preprocessor 1/1, model 1/1 (predictions)
i Fold09: preprocessor 1/1
i Fold09: preprocessor 1/1, model 1/1
i Fold09: preprocessor 1/1, model 1/1 (predictions)
i Fold05: preprocessor 1/1
i Fold05: preprocessor 1/1, model 1/1
i Fold05: preprocessor 1/1, model 1/1 (predictions)
i Fold07: preprocessor 1/1
i Fold07: preprocessor 1/1, model 1/1
i Fold07: preprocessor 1/1, model 1/1 (predictions)
i Fold09: preprocessor 1/1
i Fold09: preprocessor 1/1, model 1/1
i Fold09: preprocessor 1/1, model 1/1 (predictions)
i Fold05: preprocessor 1/1
i Fold05: preprocessor 1/1, model 1/1
i Fold05: preprocessor 1/1, model 1/1 (predictions)
i Fold07: preprocessor 1/1
i Fold07: preprocessor 1/1, model 1/1
i Fold07: preprocessor 1/1, model 1/1 (predictions)
i Fold09: preprocessor 1/1
i Fold09: preprocessor 1/1, model 1/1
i Fold09: preprocessor 1/1, model 1/1 (predictions)
i Fold05: preprocessor 1/1
i Fold05: preprocessor 1/1, model 1/1
i Fold05: preprocessor 1/1, model 1/1 (predictions)
i Fold07: preprocessor 1/1
i Fold07: preprocessor 1/1, model 1/1
i Fold07: preprocessor 1/1, model 1/1 (predictions)
i Fold09: preprocessor 1/1
i Fold09: preprocessor 1/1, model 1/1
i Fold09: preprocessor 1/1, model 1/1 (predictions)
i Fold05: preprocessor 1/1
i Fold05: preprocessor 1/1, model 1/1
i Fold05: preprocessor 1/1, model 1/1 (predictions)
i Fold07: preprocessor 1/1
i Fold07: preprocessor 1/1, model 1/1
i Fold07: preprocessor 1/1, model 1/1 (predictions)
i Fold09: preprocessor 1/1
i Fold09: preprocessor 1/1, model 1/1
i Fold09: preprocessor 1/1, model 1/1 (predictions)
i Fold05: preprocessor 1/1
i Fold05: preprocessor 1/1, model 1/1
i Fold05: preprocessor 1/1, model 1/1 (predictions)
i Fold07: preprocessor 1/1
i Fold07: preprocessor 1/1, model 1/1
i Fold07: preprocessor 1/1, model 1/1 (predictions)
i Fold09: preprocessor 1/1
i Fold09: preprocessor 1/1, model 1/1
i Fold09: preprocessor 1/1, model 1/1 (predictions)
i Fold05: preprocessor 1/1
i Fold05: preprocessor 1/1, model 1/1
i Fold05: preprocessor 1/1, model 1/1 (predictions)
i Fold07: preprocessor 1/1
i Fold07: preprocessor 1/1, model 1/1
i Fold07: preprocessor 1/1, model 1/1 (predictions)
i Fold09: preprocessor 1/1
i Fold09: preprocessor 1/1, model 1/1
i Fold09: preprocessor 1/1, model 1/1 (predictions)
i Fold05: preprocessor 1/1
i Fold05: preprocessor 1/1, model 1/1
i Fold05: preprocessor 1/1, model 1/1 (predictions)
i Fold07: preprocessor 1/1
i Fold07: preprocessor 1/1, model 1/1
i Fold07: preprocessor 1/1, model 1/1 (predictions)
i Fold09: preprocessor 1/1
i Fold09: preprocessor 1/1, model 1/1
i Fold09: preprocessor 1/1, model 1/1 (predictions)
i Fold05: preprocessor 1/1
i Fold05: preprocessor 1/1, model 1/1
i Fold05: preprocessor 1/1, model 1/1 (predictions)
i Fold07: preprocessor 1/1
i Fold07: preprocessor 1/1, model 1/1
i Fold07: preprocessor 1/1, model 1/1 (predictions)
i Fold09: preprocessor 1/1
i Fold09: preprocessor 1/1, model 1/1
i Fold09: preprocessor 1/1, model 1/1 (predictions)
i Fold05: preprocessor 1/1
i Fold05: preprocessor 1/1, model 1/1
i Fold05: preprocessor 1/1, model 1/1 (predictions)
i Fold07: preprocessor 1/1
i Fold07: preprocessor 1/1, model 1/1
i Fold07: preprocessor 1/1, model 1/1 (predictions)
i Fold09: preprocessor 1/1
i Fold09: preprocessor 1/1, model 1/1
i Fold09: preprocessor 1/1, model 1/1 (predictions)
i Fold05: preprocessor 1/1
i Fold05: preprocessor 1/1, model 1/1
i Fold05: preprocessor 1/1, model 1/1 (predictions)
i Fold07: preprocessor 1/1
i Fold07: preprocessor 1/1, model 1/1
i Fold07: preprocessor 1/1, model 1/1 (predictions)
i Fold09: preprocessor 1/1
i Fold09: preprocessor 1/1, model 1/1
i Fold09: preprocessor 1/1, model 1/1 (predictions)
i Fold05: preprocessor 1/1
i Fold05: preprocessor 1/1, model 1/1
i Fold05: preprocessor 1/1, model 1/1 (predictions)
i Fold07: preprocessor 1/1
i Fold07: preprocessor 1/1, model 1/1
i Fold07: preprocessor 1/1, model 1/1 (predictions)
i Fold09: preprocessor 1/1
i Fold09: preprocessor 1/1, model 1/1
i Fold09: preprocessor 1/1, model 1/1 (predictions)
i Fold05: preprocessor 1/1
i Fold05: preprocessor 1/1, model 1/1
i Fold05: preprocessor 1/1, model 1/1 (predictions)
i Fold07: preprocessor 1/1
i Fold07: preprocessor 1/1, model 1/1
i Fold07: preprocessor 1/1, model 1/1 (predictions)
i Fold09: preprocessor 1/1
i Fold09: preprocessor 1/1, model 1/1
i Fold09: preprocessor 1/1, model 1/1 (predictions)
i Fold05: preprocessor 1/1
i Fold05: preprocessor 1/1, model 1/1
i Fold05: preprocessor 1/1, model 1/1 (predictions)
i Fold07: preprocessor 1/1
i Fold07: preprocessor 1/1, model 1/1
i Fold07: preprocessor 1/1, model 1/1 (predictions)
i Fold09: preprocessor 1/1
i Fold09: preprocessor 1/1, model 1/1
i Fold09: preprocessor 1/1, model 1/1 (predictions)
i Fold05: preprocessor 1/1
i Fold05: preprocessor 1/1, model 1/1
i Fold05: preprocessor 1/1, model 1/1 (predictions)
i Fold07: preprocessor 1/1
i Fold07: preprocessor 1/1, model 1/1
i Fold07: preprocessor 1/1, model 1/1 (predictions)
i Fold09: preprocessor 1/1
i Fold09: preprocessor 1/1, model 1/1
i Fold09: preprocessor 1/1, model 1/1 (predictions)
i Fold05: preprocessor 1/1
i Fold05: preprocessor 1/1, model 1/1
i Fold05: preprocessor 1/1, model 1/1 (predictions)
i Fold07: preprocessor 1/1
i Fold07: preprocessor 1/1, model 1/1
i Fold07: preprocessor 1/1, model 1/1 (predictions)
i Fold09: preprocessor 1/1
i Fold09: preprocessor 1/1, model 1/1
i Fold09: preprocessor 1/1, model 1/1 (predictions)
i Fold05: preprocessor 1/1
i Fold05: preprocessor 1/1, model 1/1
i Fold05: preprocessor 1/1, model 1/1 (predictions)
i Fold07: preprocessor 1/1
i Fold07: preprocessor 1/1, model 1/1
i Fold07: preprocessor 1/1, model 1/1 (predictions)
i Fold09: preprocessor 1/1
i Fold09: preprocessor 1/1, model 1/1
i Fold09: preprocessor 1/1, model 1/1 (predictions)
i Fold05: preprocessor 1/1
i Fold05: preprocessor 1/1, model 1/1
i Fold05: preprocessor 1/1, model 1/1 (predictions)
i Fold07: preprocessor 1/1
i Fold07: preprocessor 1/1, model 1/1
i Fold07: preprocessor 1/1, model 1/1 (predictions)
i Fold09: preprocessor 1/1
i Fold09: preprocessor 1/1, model 1/1
i Fold09: preprocessor 1/1, model 1/1 (predictions)
i Fold05: preprocessor 1/1
i Fold05: preprocessor 1/1, model 1/1
i Fold05: preprocessor 1/1, model 1/1 (predictions)
i Fold07: preprocessor 1/1
i Fold07: preprocessor 1/1, model 1/1
i Fold07: preprocessor 1/1, model 1/1 (predictions)
i Fold09: preprocessor 1/1
i Fold09: preprocessor 1/1, model 1/1
i Fold09: preprocessor 1/1, model 1/1 (predictions)
i Fold05: preprocessor 1/1
i Fold05: preprocessor 1/1, model 1/1
i Fold05: preprocessor 1/1, model 1/1 (predictions)
i Fold07: preprocessor 1/1
i Fold07: preprocessor 1/1, model 1/1
i Fold07: preprocessor 1/1, model 1/1 (predictions)
i Fold09: preprocessor 1/1
i Fold09: preprocessor 1/1, model 1/1
i Fold09: preprocessor 1/1, model 1/1 (predictions)
i Fold05: preprocessor 1/1
i Fold05: preprocessor 1/1, model 1/1
i Fold05: preprocessor 1/1, model 1/1 (predictions)
i Fold07: preprocessor 1/1
i Fold07: preprocessor 1/1, model 1/1
i Fold07: preprocessor 1/1, model 1/1 (predictions)
i Fold09: preprocessor 1/1
i Fold09: preprocessor 1/1, model 1/1
i Fold09: preprocessor 1/1, model 1/1 (predictions)
i Fold05: preprocessor 1/1
i Fold05: preprocessor 1/1, model 1/1
i Fold05: preprocessor 1/1, model 1/1 (predictions)
i Fold07: preprocessor 1/1
i Fold07: preprocessor 1/1, model 1/1
i Fold07: preprocessor 1/1, model 1/1 (predictions)
i Fold09: preprocessor 1/1
i Fold09: preprocessor 1/1, model 1/1
i Fold09: preprocessor 1/1, model 1/1 (predictions)
i Fold05: preprocessor 1/1
i Fold05: preprocessor 1/1, model 1/1
i Fold05: preprocessor 1/1, model 1/1 (predictions)
i Fold07: preprocessor 1/1
i Fold07: preprocessor 1/1, model 1/1
i Fold07: preprocessor 1/1, model 1/1 (predictions)
i Fold09: preprocessor 1/1
i Fold09: preprocessor 1/1, model 1/1
i Fold09: preprocessor 1/1, model 1/1 (predictions)
i Fold05: preprocessor 1/1
i Fold05: preprocessor 1/1, model 1/1
i Fold05: preprocessor 1/1, model 1/1 (predictions)
i Fold07: preprocessor 1/1
i Fold07: preprocessor 1/1, model 1/1
i Fold07: preprocessor 1/1, model 1/1 (predictions)
i Fold09: preprocessor 1/1
i Fold09: preprocessor 1/1, model 1/1
i Fold09: preprocessor 1/1, model 1/1 (predictions)
i Fold05: preprocessor 1/1
i Fold05: preprocessor 1/1, model 1/1
i Fold05: preprocessor 1/1, model 1/1 (predictions)
i Fold07: preprocessor 1/1
i Fold07: preprocessor 1/1, model 1/1
i Fold07: preprocessor 1/1, model 1/1 (predictions)
i Fold09: preprocessor 1/1
i Fold09: preprocessor 1/1, model 1/1
i Fold09: preprocessor 1/1, model 1/1 (predictions)
i Fold05: preprocessor 1/1
i Fold05: preprocessor 1/1, model 1/1
i Fold05: preprocessor 1/1, model 1/1 (predictions)
i Fold07: preprocessor 1/1
i Fold07: preprocessor 1/1, model 1/1
i Fold07: preprocessor 1/1, model 1/1 (predictions)
i Fold09: preprocessor 1/1
i Fold09: preprocessor 1/1, model 1/1
i Fold09: preprocessor 1/1, model 1/1 (predictions)
i Fold05: preprocessor 1/1
i Fold05: preprocessor 1/1, model 1/1
i Fold05: preprocessor 1/1, model 1/1 (predictions)
i Fold07: preprocessor 1/1
i Fold07: preprocessor 1/1, model 1/1
i Fold07: preprocessor 1/1, model 1/1 (predictions)
i Fold09: preprocessor 1/1
i Fold09: preprocessor 1/1, model 1/1
i Fold09: preprocessor 1/1, model 1/1 (predictions)
i Fold05: preprocessor 1/1
i Fold05: preprocessor 1/1, model 1/1
i Fold05: preprocessor 1/1, model 1/1 (predictions)
i Fold07: preprocessor 1/1
i Fold07: preprocessor 1/1, model 1/1
i Fold07: preprocessor 1/1, model 1/1 (predictions)
i Fold09: preprocessor 1/1
i Fold09: preprocessor 1/1, model 1/1
i Fold09: preprocessor 1/1, model 1/1 (predictions)
i Fold05: preprocessor 1/1
i Fold05: preprocessor 1/1, model 1/1
i Fold05: preprocessor 1/1, model 1/1 (predictions)
i Fold07: preprocessor 1/1
i Fold07: preprocessor 1/1, model 1/1
i Fold07: preprocessor 1/1, model 1/1 (predictions)
i Fold09: preprocessor 1/1
i Fold09: preprocessor 1/1, model 1/1
i Fold09: preprocessor 1/1, model 1/1 (predictions)
i Fold05: preprocessor 1/1
i Fold05: preprocessor 1/1, model 1/1
i Fold05: preprocessor 1/1, model 1/1 (predictions)
i Fold07: preprocessor 1/1
i Fold07: preprocessor 1/1, model 1/1
i Fold07: preprocessor 1/1, model 1/1 (predictions)
i Fold09: preprocessor 1/1
i Fold09: preprocessor 1/1, model 1/1
i Fold09: preprocessor 1/1, model 1/1 (predictions)
i Fold05: preprocessor 1/1
i Fold05: preprocessor 1/1, model 1/1
i Fold05: preprocessor 1/1, model 1/1 (predictions)
i Fold07: preprocessor 1/1
i Fold07: preprocessor 1/1, model 1/1
i Fold07: preprocessor 1/1, model 1/1 (predictions)
i Fold09: preprocessor 1/1
i Fold09: preprocessor 1/1, model 1/1
i Fold09: preprocessor 1/1, model 1/1 (predictions)
i Fold05: preprocessor 1/1
i Fold05: preprocessor 1/1, model 1/1
i Fold05: preprocessor 1/1, model 1/1 (predictions)
i Fold07: preprocessor 1/1
i Fold07: preprocessor 1/1, model 1/1
i Fold07: preprocessor 1/1, model 1/1 (predictions)
i Fold09: preprocessor 1/1
i Fold09: preprocessor 1/1, model 1/1
i Fold09: preprocessor 1/1, model 1/1 (predictions)
i Fold05: preprocessor 1/1
i Fold05: preprocessor 1/1, model 1/1
i Fold05: preprocessor 1/1, model 1/1 (predictions)
i Fold07: preprocessor 1/1
i Fold07: preprocessor 1/1, model 1/1
i Fold07: preprocessor 1/1, model 1/1 (predictions)
i Fold09: preprocessor 1/1
i Fold09: preprocessor 1/1, model 1/1
i Fold09: preprocessor 1/1, model 1/1 (predictions)
i Fold05: preprocessor 1/1
i Fold05: preprocessor 1/1, model 1/1
i Fold05: preprocessor 1/1, model 1/1 (predictions)
i Fold07: preprocessor 1/1
i Fold07: preprocessor 1/1, model 1/1
i Fold07: preprocessor 1/1, model 1/1 (predictions)
i Fold09: preprocessor 1/1
i Fold09: preprocessor 1/1, model 1/1
i Fold09: preprocessor 1/1, model 1/1 (predictions)
i Fold05: preprocessor 1/1
i Fold05: preprocessor 1/1, model 1/1
i Fold05: preprocessor 1/1, model 1/1 (predictions)
i Fold07: preprocessor 1/1
i Fold07: preprocessor 1/1, model 1/1
i Fold07: preprocessor 1/1, model 1/1 (predictions)
i Fold09: preprocessor 1/1
i Fold09: preprocessor 1/1, model 1/1
i Fold09: preprocessor 1/1, model 1/1 (predictions)
i Fold05: preprocessor 1/1
i Fold05: preprocessor 1/1, model 1/1
i Fold05: preprocessor 1/1, model 1/1 (predictions)
i Fold07: preprocessor 1/1
i Fold07: preprocessor 1/1, model 1/1
i Fold07: preprocessor 1/1, model 1/1 (predictions)
i Fold09: preprocessor 1/1
i Fold09: preprocessor 1/1, model 1/1
i Fold09: preprocessor 1/1, model 1/1 (predictions)
i Fold05: preprocessor 1/1
i Fold05: preprocessor 1/1, model 1/1
i Fold05: preprocessor 1/1, model 1/1 (predictions)
i Fold07: preprocessor 1/1
i Fold07: preprocessor 1/1, model 1/1
i Fold07: preprocessor 1/1, model 1/1 (predictions)
i Fold09: preprocessor 1/1
i Fold09: preprocessor 1/1, model 1/1
i Fold09: preprocessor 1/1, model 1/1 (predictions)
i Fold05: preprocessor 1/1
i Fold05: preprocessor 1/1, model 1/1
i Fold05: preprocessor 1/1, model 1/1 (predictions)
i Fold07: preprocessor 1/1
i Fold07: preprocessor 1/1, model 1/1
i Fold07: preprocessor 1/1, model 1/1 (predictions)
i Fold09: preprocessor 1/1
i Fold09: preprocessor 1/1, model 1/1
i Fold09: preprocessor 1/1, model 1/1 (predictions)
i Fold05: preprocessor 1/1
i Fold05: preprocessor 1/1, model 1/1
i Fold05: preprocessor 1/1, model 1/1 (predictions)
i Fold07: preprocessor 1/1
i Fold07: preprocessor 1/1, model 1/1
i Fold07: preprocessor 1/1, model 1/1 (predictions)
i Fold09: preprocessor 1/1
i Fold09: preprocessor 1/1, model 1/1
i Fold09: preprocessor 1/1, model 1/1 (predictions)
i Fold05: preprocessor 1/1
i Fold05: preprocessor 1/1, model 1/1
i Fold05: preprocessor 1/1, model 1/1 (predictions)
i Fold07: preprocessor 1/1
i Fold07: preprocessor 1/1, model 1/1
i Fold07: preprocessor 1/1, model 1/1 (predictions)
i Fold09: preprocessor 1/1
i Fold09: preprocessor 1/1, model 1/1
i Fold09: preprocessor 1/1, model 1/1 (predictions)
i Fold05: preprocessor 1/1
i Fold05: preprocessor 1/1, model 1/1
i Fold05: preprocessor 1/1, model 1/1 (predictions)
i Fold07: preprocessor 1/1
i Fold07: preprocessor 1/1, model 1/1
i Fold07: preprocessor 1/1, model 1/1 (predictions)
i Fold09: preprocessor 1/1
i Fold09: preprocessor 1/1, model 1/1
i Fold09: preprocessor 1/1, model 1/1 (predictions)
i Fold05: preprocessor 1/1
i Fold05: preprocessor 1/1, model 1/1
i Fold05: preprocessor 1/1, model 1/1 (predictions)
i Fold07: preprocessor 1/1
i Fold07: preprocessor 1/1, model 1/1
i Fold07: preprocessor 1/1, model 1/1 (predictions)
i Fold09: preprocessor 1/1
i Fold09: preprocessor 1/1, model 1/1
i Fold09: preprocessor 1/1, model 1/1 (predictions)
i Fold05: preprocessor 1/1
i Fold05: preprocessor 1/1, model 1/1
i Fold05: preprocessor 1/1, model 1/1 (predictions)
i Fold07: preprocessor 1/1
i Fold07: preprocessor 1/1, model 1/1
i Fold07: preprocessor 1/1, model 1/1 (predictions)
i Fold09: preprocessor 1/1
i Fold09: preprocessor 1/1, model 1/1
i Fold09: preprocessor 1/1, model 1/1 (predictions)
i Fold05: preprocessor 1/1
i Fold05: preprocessor 1/1, model 1/1
i Fold05: preprocessor 1/1, model 1/1 (predictions)
i Fold07: preprocessor 1/1
i Fold07: preprocessor 1/1, model 1/1
i Fold07: preprocessor 1/1, model 1/1 (predictions)
i Fold09: preprocessor 1/1
i Fold09: preprocessor 1/1, model 1/1
i Fold09: preprocessor 1/1, model 1/1 (predictions)
i Fold05: preprocessor 1/1
i Fold05: preprocessor 1/1, model 1/1
i Fold05: preprocessor 1/1, model 1/1 (predictions)
i Fold07: preprocessor 1/1
i Fold07: preprocessor 1/1, model 1/1
i Fold07: preprocessor 1/1, model 1/1 (predictions)
i Fold09: preprocessor 1/1
i Fold09: preprocessor 1/1, model 1/1
i Fold09: preprocessor 1/1, model 1/1 (predictions)
i Fold05: preprocessor 1/1
i Fold05: preprocessor 1/1, model 1/1
i Fold05: preprocessor 1/1, model 1/1 (predictions)
i Fold07: preprocessor 1/1
i Fold07: preprocessor 1/1, model 1/1
i Fold07: preprocessor 1/1, model 1/1 (predictions)
i Fold09: preprocessor 1/1
i Fold09: preprocessor 1/1, model 1/1
i Fold09: preprocessor 1/1, model 1/1 (predictions)
i Fold05: preprocessor 1/1
i Fold05: preprocessor 1/1, model 1/1
i Fold05: preprocessor 1/1, model 1/1 (predictions)
i Fold07: preprocessor 1/1
i Fold07: preprocessor 1/1, model 1/1
i Fold07: preprocessor 1/1, model 1/1 (predictions)
i Fold09: preprocessor 1/1
i Fold09: preprocessor 1/1, model 1/1
i Fold09: preprocessor 1/1, model 1/1 (predictions)
i Fold05: preprocessor 1/1
i Fold05: preprocessor 1/1, model 1/1
i Fold05: preprocessor 1/1, model 1/1 (predictions)
i Fold07: preprocessor 1/1
i Fold07: preprocessor 1/1, model 1/1
i Fold07: preprocessor 1/1, model 1/1 (predictions)
i Fold09: preprocessor 1/1
i Fold09: preprocessor 1/1, model 1/1
i Fold09: preprocessor 1/1, model 1/1 (predictions)
i Fold05: preprocessor 1/1
i Fold05: preprocessor 1/1, model 1/1
i Fold05: preprocessor 1/1, model 1/1 (predictions)
i Fold07: preprocessor 1/1
i Fold07: preprocessor 1/1, model 1/1
i Fold07: preprocessor 1/1, model 1/1 (predictions)
i Fold09: preprocessor 1/1
i Fold09: preprocessor 1/1, model 1/1
i Fold09: preprocessor 1/1, model 1/1 (predictions)
i Fold05: preprocessor 1/1
i Fold05: preprocessor 1/1, model 1/1
i Fold05: preprocessor 1/1, model 1/1 (predictions)
i Fold07: preprocessor 1/1
i Fold07: preprocessor 1/1, model 1/1
i Fold07: preprocessor 1/1, model 1/1 (predictions)
i Fold09: preprocessor 1/1
i Fold09: preprocessor 1/1, model 1/1
i Fold09: preprocessor 1/1, model 1/1 (predictions)
i Fold05: preprocessor 1/1
i Fold05: preprocessor 1/1, model 1/1
i Fold05: preprocessor 1/1, model 1/1 (predictions)
i Fold07: preprocessor 1/1
i Fold07: preprocessor 1/1, model 1/1
i Fold07: preprocessor 1/1, model 1/1 (predictions)
i Fold09: preprocessor 1/1
i Fold09: preprocessor 1/1, model 1/1
i Fold09: preprocessor 1/1, model 1/1 (predictions)
i Fold05: preprocessor 1/1
i Fold05: preprocessor 1/1, model 1/1
i Fold05: preprocessor 1/1, model 1/1 (predictions)
i Fold04: preprocessor 1/1
i Fold04: preprocessor 1/1, model 1/1
i Fold04: preprocessor 1/1, model 1/1 (predictions)
i Fold04: preprocessor 1/1
i Fold04: preprocessor 1/1, model 1/1
i Fold04: preprocessor 1/1, model 1/1 (predictions)
i Fold04: preprocessor 1/1
i Fold04: preprocessor 1/1, model 1/1
i Fold04: preprocessor 1/1, model 1/1 (predictions)
i Fold04: preprocessor 1/1
i Fold04: preprocessor 1/1, model 1/1
i Fold04: preprocessor 1/1, model 1/1 (predictions)
i Fold04: preprocessor 1/1
i Fold04: preprocessor 1/1, model 1/1
i Fold04: preprocessor 1/1, model 1/1 (predictions)
i Fold04: preprocessor 1/1
i Fold04: preprocessor 1/1, model 1/1
i Fold04: preprocessor 1/1, model 1/1 (predictions)
i Fold04: preprocessor 1/1
i Fold04: preprocessor 1/1, model 1/1
i Fold04: preprocessor 1/1, model 1/1 (predictions)
i Fold04: preprocessor 1/1
i Fold04: preprocessor 1/1, model 1/1
i Fold04: preprocessor 1/1, model 1/1 (predictions)
i Fold04: preprocessor 1/1
i Fold04: preprocessor 1/1, model 1/1
i Fold04: preprocessor 1/1, model 1/1 (predictions)
i Fold04: preprocessor 1/1
i Fold04: preprocessor 1/1, model 1/1
i Fold04: preprocessor 1/1, model 1/1 (predictions)
i Fold04: preprocessor 1/1
i Fold04: preprocessor 1/1, model 1/1
i Fold04: preprocessor 1/1, model 1/1 (predictions)
i Fold04: preprocessor 1/1
i Fold04: preprocessor 1/1, model 1/1
i Fold04: preprocessor 1/1, model 1/1 (predictions)
i Fold04: preprocessor 1/1
i Fold04: preprocessor 1/1, model 1/1
i Fold04: preprocessor 1/1, model 1/1 (predictions)
i Fold04: preprocessor 1/1
i Fold04: preprocessor 1/1, model 1/1
i Fold04: preprocessor 1/1, model 1/1 (predictions)
i Fold04: preprocessor 1/1
i Fold04: preprocessor 1/1, model 1/1
i Fold04: preprocessor 1/1, model 1/1 (predictions)
i Fold04: preprocessor 1/1
i Fold04: preprocessor 1/1, model 1/1
i Fold04: preprocessor 1/1, model 1/1 (predictions)
i Fold04: preprocessor 1/1
i Fold04: preprocessor 1/1, model 1/1
i Fold04: preprocessor 1/1, model 1/1 (predictions)
i Fold04: preprocessor 1/1
i Fold04: preprocessor 1/1, model 1/1
i Fold04: preprocessor 1/1, model 1/1 (predictions)
i Fold04: preprocessor 1/1
i Fold04: preprocessor 1/1, model 1/1
i Fold04: preprocessor 1/1, model 1/1 (predictions)
i Fold04: preprocessor 1/1
i Fold04: preprocessor 1/1, model 1/1
i Fold04: preprocessor 1/1, model 1/1 (predictions)
i Fold04: preprocessor 1/1
i Fold04: preprocessor 1/1, model 1/1
i Fold04: preprocessor 1/1, model 1/1 (predictions)
i Fold04: preprocessor 1/1
i Fold04: preprocessor 1/1, model 1/1
i Fold04: preprocessor 1/1, model 1/1 (predictions)
i Fold04: preprocessor 1/1
i Fold04: preprocessor 1/1, model 1/1
i Fold04: preprocessor 1/1, model 1/1 (predictions)
i Fold04: preprocessor 1/1
i Fold04: preprocessor 1/1, model 1/1
i Fold04: preprocessor 1/1, model 1/1 (predictions)
i Fold04: preprocessor 1/1
i Fold04: preprocessor 1/1, model 1/1
i Fold04: preprocessor 1/1, model 1/1 (predictions)
i Fold04: preprocessor 1/1
i Fold04: preprocessor 1/1, model 1/1
i Fold04: preprocessor 1/1, model 1/1 (predictions)
i Fold04: preprocessor 1/1
i Fold04: preprocessor 1/1, model 1/1
i Fold04: preprocessor 1/1, model 1/1 (predictions)
i Fold04: preprocessor 1/1
i Fold04: preprocessor 1/1, model 1/1
i Fold04: preprocessor 1/1, model 1/1 (predictions)
i Fold04: preprocessor 1/1
i Fold04: preprocessor 1/1, model 1/1
i Fold04: preprocessor 1/1, model 1/1 (predictions)
i Fold04: preprocessor 1/1
i Fold04: preprocessor 1/1, model 1/1
i Fold04: preprocessor 1/1, model 1/1 (predictions)
i Fold04: preprocessor 1/1
i Fold04: preprocessor 1/1, model 1/1
i Fold04: preprocessor 1/1, model 1/1 (predictions)
i Fold04: preprocessor 1/1
i Fold04: preprocessor 1/1, model 1/1
i Fold04: preprocessor 1/1, model 1/1 (predictions)
i Fold04: preprocessor 1/1
i Fold04: preprocessor 1/1, model 1/1
i Fold04: preprocessor 1/1, model 1/1 (predictions)
i Fold04: preprocessor 1/1
i Fold04: preprocessor 1/1, model 1/1
i Fold04: preprocessor 1/1, model 1/1 (predictions)
i Fold04: preprocessor 1/1
i Fold04: preprocessor 1/1, model 1/1
i Fold04: preprocessor 1/1, model 1/1 (predictions)
i Fold04: preprocessor 1/1
i Fold04: preprocessor 1/1, model 1/1
i Fold04: preprocessor 1/1, model 1/1 (predictions)
i Fold04: preprocessor 1/1
i Fold04: preprocessor 1/1, model 1/1
i Fold04: preprocessor 1/1, model 1/1 (predictions)
i Fold04: preprocessor 1/1
i Fold04: preprocessor 1/1, model 1/1
i Fold04: preprocessor 1/1, model 1/1 (predictions)
i Fold04: preprocessor 1/1
i Fold04: preprocessor 1/1, model 1/1
i Fold04: preprocessor 1/1, model 1/1 (predictions)
i Fold04: preprocessor 1/1
i Fold04: preprocessor 1/1, model 1/1
i Fold04: preprocessor 1/1, model 1/1 (predictions)
i Fold04: preprocessor 1/1
i Fold04: preprocessor 1/1, model 1/1
i Fold04: preprocessor 1/1, model 1/1 (predictions)
i Fold01: preprocessor 1/1
i Fold01: preprocessor 1/1, model 1/1
i Fold01: preprocessor 1/1, model 1/1 (predictions)
i Fold01: preprocessor 1/1
i Fold01: preprocessor 1/1, model 1/1
i Fold01: preprocessor 1/1, model 1/1 (predictions)
i Fold01: preprocessor 1/1
i Fold01: preprocessor 1/1, model 1/1
i Fold01: preprocessor 1/1, model 1/1 (predictions)
i Fold01: preprocessor 1/1
i Fold01: preprocessor 1/1, model 1/1
i Fold01: preprocessor 1/1, model 1/1 (predictions)
i Fold01: preprocessor 1/1
i Fold01: preprocessor 1/1, model 1/1
i Fold01: preprocessor 1/1, model 1/1 (predictions)
i Fold01: preprocessor 1/1
i Fold01: preprocessor 1/1, model 1/1
i Fold01: preprocessor 1/1, model 1/1 (predictions)
i Fold01: preprocessor 1/1
i Fold01: preprocessor 1/1, model 1/1
i Fold01: preprocessor 1/1, model 1/1 (predictions)
i Fold01: preprocessor 1/1
i Fold01: preprocessor 1/1, model 1/1
i Fold01: preprocessor 1/1, model 1/1 (predictions)
i Fold01: preprocessor 1/1
i Fold01: preprocessor 1/1, model 1/1
i Fold01: preprocessor 1/1, model 1/1 (predictions)
i Fold01: preprocessor 1/1
i Fold01: preprocessor 1/1, model 1/1
i Fold01: preprocessor 1/1, model 1/1 (predictions)
i Fold01: preprocessor 1/1
i Fold01: preprocessor 1/1, model 1/1
i Fold01: preprocessor 1/1, model 1/1 (predictions)
i Fold01: preprocessor 1/1
i Fold01: preprocessor 1/1, model 1/1
i Fold01: preprocessor 1/1, model 1/1 (predictions)
i Fold01: preprocessor 1/1
i Fold01: preprocessor 1/1, model 1/1
i Fold01: preprocessor 1/1, model 1/1 (predictions)
i Fold01: preprocessor 1/1
i Fold01: preprocessor 1/1, model 1/1
i Fold01: preprocessor 1/1, model 1/1 (predictions)
i Fold01: preprocessor 1/1
i Fold01: preprocessor 1/1, model 1/1
i Fold01: preprocessor 1/1, model 1/1 (predictions)
i Fold01: preprocessor 1/1
i Fold01: preprocessor 1/1, model 1/1
i Fold01: preprocessor 1/1, model 1/1 (predictions)
i Fold01: preprocessor 1/1
i Fold01: preprocessor 1/1, model 1/1
i Fold01: preprocessor 1/1, model 1/1 (predictions)
i Fold01: preprocessor 1/1
i Fold01: preprocessor 1/1, model 1/1
i Fold01: preprocessor 1/1, model 1/1 (predictions)
i Fold01: preprocessor 1/1
i Fold01: preprocessor 1/1, model 1/1
i Fold01: preprocessor 1/1, model 1/1 (predictions)
i Fold01: preprocessor 1/1
i Fold01: preprocessor 1/1, model 1/1
i Fold01: preprocessor 1/1, model 1/1 (predictions)
i Fold01: preprocessor 1/1
i Fold01: preprocessor 1/1, model 1/1
i Fold01: preprocessor 1/1, model 1/1 (predictions)
i Fold01: preprocessor 1/1
i Fold01: preprocessor 1/1, model 1/1
i Fold01: preprocessor 1/1, model 1/1 (predictions)
i Fold01: preprocessor 1/1
i Fold01: preprocessor 1/1, model 1/1
i Fold01: preprocessor 1/1, model 1/1 (predictions)
i Fold01: preprocessor 1/1
i Fold01: preprocessor 1/1, model 1/1
i Fold01: preprocessor 1/1, model 1/1 (predictions)
i Fold01: preprocessor 1/1
i Fold01: preprocessor 1/1, model 1/1
i Fold01: preprocessor 1/1, model 1/1 (predictions)
i Fold01: preprocessor 1/1
i Fold01: preprocessor 1/1, model 1/1
i Fold01: preprocessor 1/1, model 1/1 (predictions)
i Fold01: preprocessor 1/1
i Fold01: preprocessor 1/1, model 1/1
i Fold01: preprocessor 1/1, model 1/1 (predictions)
i Fold02: preprocessor 1/1
i Fold02: preprocessor 1/1, model 1/1
i Fold02: preprocessor 1/1, model 1/1 (predictions)
i Fold02: preprocessor 1/1
i Fold02: preprocessor 1/1, model 1/1
i Fold02: preprocessor 1/1, model 1/1 (predictions)
i Fold02: preprocessor 1/1
i Fold02: preprocessor 1/1, model 1/1
i Fold02: preprocessor 1/1, model 1/1 (predictions)
i Fold02: preprocessor 1/1
i Fold02: preprocessor 1/1, model 1/1
i Fold02: preprocessor 1/1, model 1/1 (predictions)
i Fold02: preprocessor 1/1
i Fold02: preprocessor 1/1, model 1/1
i Fold02: preprocessor 1/1, model 1/1 (predictions)
i Fold02: preprocessor 1/1
i Fold02: preprocessor 1/1, model 1/1
i Fold02: preprocessor 1/1, model 1/1 (predictions)
i Fold02: preprocessor 1/1
i Fold02: preprocessor 1/1, model 1/1
i Fold02: preprocessor 1/1, model 1/1 (predictions)
i Fold02: preprocessor 1/1
i Fold02: preprocessor 1/1, model 1/1
i Fold02: preprocessor 1/1, model 1/1 (predictions)
i Fold02: preprocessor 1/1
i Fold02: preprocessor 1/1, model 1/1
i Fold02: preprocessor 1/1, model 1/1 (predictions)
i Fold02: preprocessor 1/1
i Fold02: preprocessor 1/1, model 1/1
i Fold02: preprocessor 1/1, model 1/1 (predictions)
i Fold02: preprocessor 1/1
i Fold02: preprocessor 1/1, model 1/1
i Fold02: preprocessor 1/1, model 1/1 (predictions)
i Fold02: preprocessor 1/1
i Fold02: preprocessor 1/1, model 1/1
i Fold02: preprocessor 1/1, model 1/1 (predictions)
i Fold02: preprocessor 1/1
i Fold02: preprocessor 1/1, model 1/1
i Fold02: preprocessor 1/1, model 1/1 (predictions)
i Fold02: preprocessor 1/1
i Fold02: preprocessor 1/1, model 1/1
i Fold02: preprocessor 1/1, model 1/1 (predictions)
i Fold02: preprocessor 1/1
i Fold02: preprocessor 1/1, model 1/1
i Fold02: preprocessor 1/1, model 1/1 (predictions)
i Fold06: preprocessor 1/1
i Fold06: preprocessor 1/1, model 1/1
i Fold06: preprocessor 1/1, model 1/1 (predictions)
i Fold06: preprocessor 1/1
i Fold06: preprocessor 1/1, model 1/1
i Fold06: preprocessor 1/1, model 1/1 (predictions)
i Fold06: preprocessor 1/1
i Fold06: preprocessor 1/1, model 1/1
i Fold06: preprocessor 1/1, model 1/1 (predictions)
i Fold06: preprocessor 1/1
i Fold06: preprocessor 1/1, model 1/1
i Fold06: preprocessor 1/1, model 1/1 (predictions)
i Fold06: preprocessor 1/1
i Fold06: preprocessor 1/1, model 1/1
i Fold06: preprocessor 1/1, model 1/1 (predictions)
i Fold06: preprocessor 1/1
i Fold06: preprocessor 1/1, model 1/1
i Fold06: preprocessor 1/1, model 1/1 (predictions)
i Fold06: preprocessor 1/1
i Fold06: preprocessor 1/1, model 1/1
i Fold06: preprocessor 1/1, model 1/1 (predictions)
i Fold06: preprocessor 1/1
i Fold06: preprocessor 1/1, model 1/1
i Fold06: preprocessor 1/1, model 1/1 (predictions)
i Fold06: preprocessor 1/1
i Fold06: preprocessor 1/1, model 1/1
i Fold06: preprocessor 1/1, model 1/1 (predictions)
i Fold06: preprocessor 1/1
i Fold06: preprocessor 1/1, model 1/1
i Fold06: preprocessor 1/1, model 1/1 (predictions)
i Fold06: preprocessor 1/1
i Fold06: preprocessor 1/1, model 1/1
i Fold06: preprocessor 1/1, model 1/1 (predictions)
i Fold10: preprocessor 1/1
i Fold10: preprocessor 1/1, model 1/1
i Fold10: preprocessor 1/1, model 1/1 (predictions)
i Fold10: preprocessor 1/1
i Fold10: preprocessor 1/1, model 1/1
i Fold10: preprocessor 1/1, model 1/1 (predictions)
i Fold10: preprocessor 1/1
i Fold10: preprocessor 1/1, model 1/1
i Fold10: preprocessor 1/1, model 1/1 (predictions)
i Fold10: preprocessor 1/1
i Fold10: preprocessor 1/1, model 1/1
i Fold10: preprocessor 1/1, model 1/1 (predictions)
i Fold10: preprocessor 1/1
i Fold10: preprocessor 1/1, model 1/1
i Fold10: preprocessor 1/1, model 1/1 (predictions)
i Fold10: preprocessor 1/1
i Fold10: preprocessor 1/1, model 1/1
i Fold10: preprocessor 1/1, model 1/1 (predictions)
i Fold10: preprocessor 1/1
i Fold10: preprocessor 1/1, model 1/1
i Fold10: preprocessor 1/1, model 1/1 (predictions)
i Fold10: preprocessor 1/1
i Fold10: preprocessor 1/1, model 1/1
i Fold10: preprocessor 1/1, model 1/1 (predictions)
i Fold10: preprocessor 1/1
i Fold10: preprocessor 1/1, model 1/1
i Fold10: preprocessor 1/1, model 1/1 (predictions)
i Fold10: preprocessor 1/1
i Fold10: preprocessor 1/1, model 1/1
i Fold10: preprocessor 1/1, model 1/1 (predictions)
i Fold03: preprocessor 1/1
i Fold03: preprocessor 1/1, model 1/1
i Fold03: preprocessor 1/1, model 1/1 (predictions)
i Fold03: preprocessor 1/1
i Fold03: preprocessor 1/1, model 1/1
i Fold03: preprocessor 1/1, model 1/1 (predictions)
i Fold03: preprocessor 1/1
i Fold03: preprocessor 1/1, model 1/1
i Fold03: preprocessor 1/1, model 1/1 (predictions)
i Fold03: preprocessor 1/1
i Fold03: preprocessor 1/1, model 1/1
i Fold03: preprocessor 1/1, model 1/1 (predictions)
i Fold03: preprocessor 1/1
i Fold03: preprocessor 1/1, model 1/1
i Fold03: preprocessor 1/1, model 1/1 (predictions)
i Fold03: preprocessor 1/1
i Fold03: preprocessor 1/1, model 1/1
i Fold03: preprocessor 1/1, model 1/1 (predictions)
i Fold03: preprocessor 1/1
i Fold03: preprocessor 1/1, model 1/1
i Fold03: preprocessor 1/1, model 1/1 (predictions)
i Fold03: preprocessor 1/1
i Fold03: preprocessor 1/1, model 1/1
i Fold03: preprocessor 1/1, model 1/1 (predictions)
i Fold03: preprocessor 1/1
i Fold03: preprocessor 1/1, model 1/1
i Fold03: preprocessor 1/1, model 1/1 (predictions)
i Fold08: preprocessor 1/1
i Fold08: preprocessor 1/1, model 1/1
i Fold08: preprocessor 1/1, model 1/1 (predictions)
i Fold08: preprocessor 1/1
i Fold08: preprocessor 1/1, model 1/1
i Fold08: preprocessor 1/1, model 1/1 (predictions)
i Fold08: preprocessor 1/1
i Fold08: preprocessor 1/1, model 1/1
i Fold08: preprocessor 1/1, model 1/1 (predictions)
i Fold08: preprocessor 1/1
i Fold08: preprocessor 1/1, model 1/1
i Fold08: preprocessor 1/1, model 1/1 (predictions)
i Fold08: preprocessor 1/1
i Fold08: preprocessor 1/1, model 1/1
i Fold08: preprocessor 1/1, model 1/1 (predictions)
i Fold08: preprocessor 1/1
i Fold08: preprocessor 1/1, model 1/1
i Fold08: preprocessor 1/1, model 1/1 (predictions)
i Fold08: preprocessor 1/1
i Fold08: preprocessor 1/1, model 1/1
i Fold08: preprocessor 1/1, model 1/1 (predictions)
i Fold08: preprocessor 1/1
i Fold08: preprocessor 1/1, model 1/1
i Fold08: preprocessor 1/1, model 1/1 (predictions)
Plot saved: 05_xgb_race_plot.png
CSV  saved: 05_xgb_tune_metrics_all.csv
i Fold08: preprocessor 1/1
i Fold08: preprocessor 1/1, model 1/1
i Fold08: preprocessor 1/1, model 1/1 (predictions)
i Fold06: preprocessor 1/1
i Fold06: preprocessor 1/1, model 1/1
i Fold06: preprocessor 1/1, model 1/1 (predictions)
i Fold04: preprocessor 1/1
i Fold04: preprocessor 1/1, model 1/1
i Fold04: preprocessor 1/1, model 1/1 (predictions)
i Fold08: preprocessor 1/1
i Fold08: preprocessor 1/1, model 1/1
i Fold08: preprocessor 1/1, model 1/1 (predictions)
i Fold06: preprocessor 1/1
i Fold06: preprocessor 1/1, model 1/1
i Fold06: preprocessor 1/1, model 1/1 (predictions)
i Fold04: preprocessor 1/1
i Fold04: preprocessor 1/1, model 1/1
i Fold04: preprocessor 1/1, model 1/1 (predictions)
i Fold08: preprocessor 1/1
i Fold08: preprocessor 1/1, model 1/1
i Fold08: preprocessor 1/1, model 1/1 (predictions)
i Fold06: preprocessor 1/1
i Fold06: preprocessor 1/1, model 1/1
i Fold06: preprocessor 1/1, model 1/1 (predictions)
i Fold04: preprocessor 1/1
i Fold04: preprocessor 1/1, model 1/1
i Fold04: preprocessor 1/1, model 1/1 (predictions)
i Fold08: preprocessor 1/1
i Fold08: preprocessor 1/1, model 1/1
i Fold08: preprocessor 1/1, model 1/1 (predictions)
i Fold06: preprocessor 1/1
i Fold06: preprocessor 1/1, model 1/1
i Fold06: preprocessor 1/1, model 1/1 (predictions)
i Fold04: preprocessor 1/1
i Fold04: preprocessor 1/1, model 1/1
i Fold04: preprocessor 1/1, model 1/1 (predictions)
i Fold08: preprocessor 1/1
i Fold08: preprocessor 1/1, model 1/1
i Fold08: preprocessor 1/1, model 1/1 (predictions)
i Fold06: preprocessor 1/1
i Fold06: preprocessor 1/1, model 1/1
i Fold06: preprocessor 1/1, model 1/1 (predictions)
i Fold04: preprocessor 1/1
i Fold04: preprocessor 1/1, model 1/1
i Fold04: preprocessor 1/1, model 1/1 (predictions)
i Fold08: preprocessor 1/1
i Fold08: preprocessor 1/1, model 1/1
i Fold08: preprocessor 1/1, model 1/1 (predictions)
i Fold06: preprocessor 1/1
i Fold06: preprocessor 1/1, model 1/1
i Fold06: preprocessor 1/1, model 1/1 (predictions)
i Fold04: preprocessor 1/1
i Fold04: preprocessor 1/1, model 1/1
i Fold04: preprocessor 1/1, model 1/1 (predictions)
i Fold08: preprocessor 1/1
i Fold08: preprocessor 1/1, model 1/1
i Fold08: preprocessor 1/1, model 1/1 (predictions)
i Fold06: preprocessor 1/1
i Fold06: preprocessor 1/1, model 1/1
i Fold06: preprocessor 1/1, model 1/1 (predictions)
i Fold04: preprocessor 1/1
i Fold04: preprocessor 1/1, model 1/1
i Fold04: preprocessor 1/1, model 1/1 (predictions)
i Fold08: preprocessor 1/1
i Fold08: preprocessor 1/1, model 1/1
i Fold08: preprocessor 1/1, model 1/1 (predictions)
i Fold06: preprocessor 1/1
i Fold06: preprocessor 1/1, model 1/1
i Fold06: preprocessor 1/1, model 1/1 (predictions)
i Fold04: preprocessor 1/1
i Fold04: preprocessor 1/1, model 1/1
i Fold04: preprocessor 1/1, model 1/1 (predictions)
i Fold08: preprocessor 1/1
i Fold08: preprocessor 1/1, model 1/1
i Fold08: preprocessor 1/1, model 1/1 (predictions)
i Fold06: preprocessor 1/1
i Fold06: preprocessor 1/1, model 1/1
i Fold06: preprocessor 1/1, model 1/1 (predictions)
i Fold04: preprocessor 1/1
i Fold04: preprocessor 1/1, model 1/1
i Fold04: preprocessor 1/1, model 1/1 (predictions)
i Fold08: preprocessor 1/1
i Fold08: preprocessor 1/1, model 1/1
i Fold08: preprocessor 1/1, model 1/1 (predictions)
i Fold06: preprocessor 1/1
i Fold06: preprocessor 1/1, model 1/1
i Fold06: preprocessor 1/1, model 1/1 (predictions)
i Fold04: preprocessor 1/1
i Fold04: preprocessor 1/1, model 1/1
i Fold04: preprocessor 1/1, model 1/1 (predictions)
i Fold08: preprocessor 1/1
i Fold08: preprocessor 1/1, model 1/1
i Fold08: preprocessor 1/1, model 1/1 (predictions)
i Fold06: preprocessor 1/1
i Fold06: preprocessor 1/1, model 1/1
i Fold06: preprocessor 1/1, model 1/1 (predictions)
i Fold04: preprocessor 1/1
i Fold04: preprocessor 1/1, model 1/1
i Fold04: preprocessor 1/1, model 1/1 (predictions)
i Fold08: preprocessor 1/1
i Fold08: preprocessor 1/1, model 1/1
i Fold08: preprocessor 1/1, model 1/1 (predictions)
i Fold06: preprocessor 1/1
i Fold06: preprocessor 1/1, model 1/1
i Fold06: preprocessor 1/1, model 1/1 (predictions)
i Fold04: preprocessor 1/1
i Fold04: preprocessor 1/1, model 1/1
i Fold04: preprocessor 1/1, model 1/1 (predictions)
i Fold08: preprocessor 1/1
i Fold08: preprocessor 1/1, model 1/1
i Fold08: preprocessor 1/1, model 1/1 (predictions)
i Fold06: preprocessor 1/1
i Fold06: preprocessor 1/1, model 1/1
i Fold06: preprocessor 1/1, model 1/1 (predictions)
i Fold04: preprocessor 1/1
i Fold04: preprocessor 1/1, model 1/1
i Fold04: preprocessor 1/1, model 1/1 (predictions)
i Fold08: preprocessor 1/1
i Fold08: preprocessor 1/1, model 1/1
i Fold08: preprocessor 1/1, model 1/1 (predictions)
i Fold06: preprocessor 1/1
i Fold06: preprocessor 1/1, model 1/1
i Fold06: preprocessor 1/1, model 1/1 (predictions)
i Fold04: preprocessor 1/1
i Fold04: preprocessor 1/1, model 1/1
i Fold04: preprocessor 1/1, model 1/1 (predictions)
i Fold08: preprocessor 1/1
i Fold08: preprocessor 1/1, model 1/1
i Fold08: preprocessor 1/1, model 1/1 (predictions)
i Fold06: preprocessor 1/1
i Fold06: preprocessor 1/1, model 1/1
i Fold06: preprocessor 1/1, model 1/1 (predictions)
i Fold04: preprocessor 1/1
i Fold04: preprocessor 1/1, model 1/1
i Fold04: preprocessor 1/1, model 1/1 (predictions)
i Fold08: preprocessor 1/1
i Fold08: preprocessor 1/1, model 1/1
i Fold08: preprocessor 1/1, model 1/1 (predictions)
i Fold06: preprocessor 1/1
i Fold06: preprocessor 1/1, model 1/1
i Fold06: preprocessor 1/1, model 1/1 (predictions)
i Fold04: preprocessor 1/1
i Fold04: preprocessor 1/1, model 1/1
i Fold04: preprocessor 1/1, model 1/1 (predictions)
i Fold08: preprocessor 1/1
i Fold08: preprocessor 1/1, model 1/1
i Fold08: preprocessor 1/1, model 1/1 (predictions)
i Fold06: preprocessor 1/1
i Fold06: preprocessor 1/1, model 1/1
i Fold06: preprocessor 1/1, model 1/1 (predictions)
i Fold04: preprocessor 1/1
i Fold04: preprocessor 1/1, model 1/1
i Fold04: preprocessor 1/1, model 1/1 (predictions)
i Fold08: preprocessor 1/1
i Fold08: preprocessor 1/1, model 1/1
i Fold08: preprocessor 1/1, model 1/1 (predictions)
i Fold06: preprocessor 1/1
i Fold06: preprocessor 1/1, model 1/1
i Fold06: preprocessor 1/1, model 1/1 (predictions)
i Fold04: preprocessor 1/1
i Fold04: preprocessor 1/1, model 1/1
i Fold04: preprocessor 1/1, model 1/1 (predictions)
i Fold08: preprocessor 1/1
i Fold08: preprocessor 1/1, model 1/1
i Fold08: preprocessor 1/1, model 1/1 (predictions)
i Fold06: preprocessor 1/1
i Fold06: preprocessor 1/1, model 1/1
i Fold06: preprocessor 1/1, model 1/1 (predictions)
i Fold04: preprocessor 1/1
i Fold04: preprocessor 1/1, model 1/1
i Fold04: preprocessor 1/1, model 1/1 (predictions)
i Fold08: preprocessor 1/1
i Fold08: preprocessor 1/1, model 1/1
i Fold08: preprocessor 1/1, model 1/1 (predictions)
i Fold06: preprocessor 1/1
i Fold06: preprocessor 1/1, model 1/1
i Fold06: preprocessor 1/1, model 1/1 (predictions)
i Fold04: preprocessor 1/1
i Fold04: preprocessor 1/1, model 1/1
i Fold04: preprocessor 1/1, model 1/1 (predictions)
i Fold08: preprocessor 1/1
i Fold08: preprocessor 1/1, model 1/1
i Fold08: preprocessor 1/1, model 1/1 (predictions)
i Fold06: preprocessor 1/1
i Fold06: preprocessor 1/1, model 1/1
i Fold06: preprocessor 1/1, model 1/1 (predictions)
i Fold04: preprocessor 1/1
i Fold04: preprocessor 1/1, model 1/1
i Fold04: preprocessor 1/1, model 1/1 (predictions)
i Fold08: preprocessor 1/1
i Fold08: preprocessor 1/1, model 1/1
i Fold08: preprocessor 1/1, model 1/1 (predictions)
i Fold06: preprocessor 1/1
i Fold06: preprocessor 1/1, model 1/1
i Fold06: preprocessor 1/1, model 1/1 (predictions)
i Fold04: preprocessor 1/1
i Fold04: preprocessor 1/1, model 1/1
i Fold04: preprocessor 1/1, model 1/1 (predictions)
i Fold08: preprocessor 1/1
i Fold08: preprocessor 1/1, model 1/1
i Fold08: preprocessor 1/1, model 1/1 (predictions)
i Fold06: preprocessor 1/1
i Fold06: preprocessor 1/1, model 1/1
i Fold06: preprocessor 1/1, model 1/1 (predictions)
i Fold04: preprocessor 1/1
i Fold04: preprocessor 1/1, model 1/1
i Fold04: preprocessor 1/1, model 1/1 (predictions)
i Fold08: preprocessor 1/1
i Fold08: preprocessor 1/1, model 1/1
i Fold08: preprocessor 1/1, model 1/1 (predictions)
i Fold06: preprocessor 1/1
i Fold06: preprocessor 1/1, model 1/1
i Fold06: preprocessor 1/1, model 1/1 (predictions)
i Fold04: preprocessor 1/1
i Fold04: preprocessor 1/1, model 1/1
i Fold04: preprocessor 1/1, model 1/1 (predictions)
i Fold08: preprocessor 1/1
i Fold08: preprocessor 1/1, model 1/1
i Fold08: preprocessor 1/1, model 1/1 (predictions)
i Fold06: preprocessor 1/1
i Fold06: preprocessor 1/1, model 1/1
i Fold06: preprocessor 1/1, model 1/1 (predictions)
i Fold04: preprocessor 1/1
i Fold04: preprocessor 1/1, model 1/1
i Fold04: preprocessor 1/1, model 1/1 (predictions)
i Fold08: preprocessor 1/1
i Fold08: preprocessor 1/1, model 1/1
i Fold08: preprocessor 1/1, model 1/1 (predictions)
i Fold06: preprocessor 1/1
i Fold06: preprocessor 1/1, model 1/1
i Fold06: preprocessor 1/1, model 1/1 (predictions)
i Fold04: preprocessor 1/1
i Fold04: preprocessor 1/1, model 1/1
i Fold04: preprocessor 1/1, model 1/1 (predictions)
i Fold08: preprocessor 1/1
i Fold08: preprocessor 1/1, model 1/1
i Fold08: preprocessor 1/1, model 1/1 (predictions)
i Fold06: preprocessor 1/1
i Fold06: preprocessor 1/1, model 1/1
i Fold06: preprocessor 1/1, model 1/1 (predictions)
i Fold04: preprocessor 1/1
i Fold04: preprocessor 1/1, model 1/1
i Fold04: preprocessor 1/1, model 1/1 (predictions)
i Fold08: preprocessor 1/1
i Fold08: preprocessor 1/1, model 1/1
i Fold08: preprocessor 1/1, model 1/1 (predictions)
i Fold06: preprocessor 1/1
i Fold06: preprocessor 1/1, model 1/1
i Fold06: preprocessor 1/1, model 1/1 (predictions)
i Fold04: preprocessor 1/1
i Fold04: preprocessor 1/1, model 1/1
i Fold04: preprocessor 1/1, model 1/1 (predictions)
i Fold08: preprocessor 1/1
i Fold08: preprocessor 1/1, model 1/1
i Fold08: preprocessor 1/1, model 1/1 (predictions)
i Fold06: preprocessor 1/1
i Fold06: preprocessor 1/1, model 1/1
i Fold06: preprocessor 1/1, model 1/1 (predictions)
i Fold04: preprocessor 1/1
i Fold04: preprocessor 1/1, model 1/1
i Fold04: preprocessor 1/1, model 1/1 (predictions)
i Fold08: preprocessor 1/1
i Fold08: preprocessor 1/1, model 1/1
i Fold08: preprocessor 1/1, model 1/1 (predictions)
i Fold06: preprocessor 1/1
i Fold06: preprocessor 1/1, model 1/1
i Fold06: preprocessor 1/1, model 1/1 (predictions)
i Fold04: preprocessor 1/1
i Fold04: preprocessor 1/1, model 1/1
i Fold04: preprocessor 1/1, model 1/1 (predictions)
i Fold08: preprocessor 1/1
i Fold08: preprocessor 1/1, model 1/1
i Fold08: preprocessor 1/1, model 1/1 (predictions)
i Fold06: preprocessor 1/1
i Fold06: preprocessor 1/1, model 1/1
i Fold06: preprocessor 1/1, model 1/1 (predictions)
i Fold04: preprocessor 1/1
i Fold04: preprocessor 1/1, model 1/1
i Fold04: preprocessor 1/1, model 1/1 (predictions)
i Fold08: preprocessor 1/1
i Fold08: preprocessor 1/1, model 1/1
i Fold08: preprocessor 1/1, model 1/1 (predictions)
i Fold06: preprocessor 1/1
i Fold06: preprocessor 1/1, model 1/1
i Fold06: preprocessor 1/1, model 1/1 (predictions)
i Fold04: preprocessor 1/1
i Fold04: preprocessor 1/1, model 1/1
i Fold04: preprocessor 1/1, model 1/1 (predictions)
i Fold08: preprocessor 1/1
i Fold08: preprocessor 1/1, model 1/1
i Fold08: preprocessor 1/1, model 1/1 (predictions)
i Fold06: preprocessor 1/1
i Fold06: preprocessor 1/1, model 1/1
i Fold06: preprocessor 1/1, model 1/1 (predictions)
i Fold04: preprocessor 1/1
i Fold04: preprocessor 1/1, model 1/1
i Fold04: preprocessor 1/1, model 1/1 (predictions)
i Fold08: preprocessor 1/1
i Fold08: preprocessor 1/1, model 1/1
i Fold08: preprocessor 1/1, model 1/1 (predictions)
i Fold06: preprocessor 1/1
i Fold06: preprocessor 1/1, model 1/1
i Fold06: preprocessor 1/1, model 1/1 (predictions)
i Fold04: preprocessor 1/1
i Fold04: preprocessor 1/1, model 1/1
i Fold04: preprocessor 1/1, model 1/1 (predictions)
i Fold08: preprocessor 1/1
i Fold08: preprocessor 1/1, model 1/1
i Fold08: preprocessor 1/1, model 1/1 (predictions)
i Fold06: preprocessor 1/1
i Fold06: preprocessor 1/1, model 1/1
i Fold06: preprocessor 1/1, model 1/1 (predictions)
i Fold04: preprocessor 1/1
i Fold04: preprocessor 1/1, model 1/1
i Fold04: preprocessor 1/1, model 1/1 (predictions)
i Fold08: preprocessor 1/1
i Fold08: preprocessor 1/1, model 1/1
i Fold08: preprocessor 1/1, model 1/1 (predictions)
i Fold06: preprocessor 1/1
i Fold06: preprocessor 1/1, model 1/1
i Fold06: preprocessor 1/1, model 1/1 (predictions)
i Fold04: preprocessor 1/1
i Fold04: preprocessor 1/1, model 1/1
i Fold04: preprocessor 1/1, model 1/1 (predictions)
i Fold08: preprocessor 1/1
i Fold08: preprocessor 1/1, model 1/1
i Fold08: preprocessor 1/1, model 1/1 (predictions)
i Fold06: preprocessor 1/1
i Fold06: preprocessor 1/1, model 1/1
i Fold06: preprocessor 1/1, model 1/1 (predictions)
i Fold04: preprocessor 1/1
i Fold04: preprocessor 1/1, model 1/1
i Fold04: preprocessor 1/1, model 1/1 (predictions)
i Fold08: preprocessor 1/1
i Fold08: preprocessor 1/1, model 1/1
i Fold08: preprocessor 1/1, model 1/1 (predictions)
i Fold06: preprocessor 1/1
i Fold06: preprocessor 1/1, model 1/1
i Fold06: preprocessor 1/1, model 1/1 (predictions)
i Fold04: preprocessor 1/1
i Fold04: preprocessor 1/1, model 1/1
i Fold04: preprocessor 1/1, model 1/1 (predictions)
i Fold08: preprocessor 1/1
i Fold08: preprocessor 1/1, model 1/1
i Fold08: preprocessor 1/1, model 1/1 (predictions)
i Fold06: preprocessor 1/1
i Fold06: preprocessor 1/1, model 1/1
i Fold06: preprocessor 1/1, model 1/1 (predictions)
i Fold04: preprocessor 1/1
i Fold04: preprocessor 1/1, model 1/1
i Fold04: preprocessor 1/1, model 1/1 (predictions)
i Fold08: preprocessor 1/1
i Fold08: preprocessor 1/1, model 1/1
i Fold08: preprocessor 1/1, model 1/1 (predictions)
i Fold06: preprocessor 1/1
i Fold06: preprocessor 1/1, model 1/1
i Fold06: preprocessor 1/1, model 1/1 (predictions)
i Fold04: preprocessor 1/1
i Fold04: preprocessor 1/1, model 1/1
i Fold04: preprocessor 1/1, model 1/1 (predictions)
i Fold08: preprocessor 1/1
i Fold08: preprocessor 1/1, model 1/1
i Fold08: preprocessor 1/1, model 1/1 (predictions)
i Fold06: preprocessor 1/1
i Fold06: preprocessor 1/1, model 1/1
i Fold06: preprocessor 1/1, model 1/1 (predictions)
i Fold04: preprocessor 1/1
i Fold04: preprocessor 1/1, model 1/1
i Fold04: preprocessor 1/1, model 1/1 (predictions)
i Fold08: preprocessor 1/1
i Fold08: preprocessor 1/1, model 1/1
i Fold08: preprocessor 1/1, model 1/1 (predictions)
i Fold06: preprocessor 1/1
i Fold06: preprocessor 1/1, model 1/1
i Fold06: preprocessor 1/1, model 1/1 (predictions)
i Fold04: preprocessor 1/1
i Fold04: preprocessor 1/1, model 1/1
i Fold04: preprocessor 1/1, model 1/1 (predictions)
i Fold08: preprocessor 1/1
i Fold08: preprocessor 1/1, model 1/1
i Fold08: preprocessor 1/1, model 1/1 (predictions)
i Fold06: preprocessor 1/1
i Fold06: preprocessor 1/1, model 1/1
i Fold06: preprocessor 1/1, model 1/1 (predictions)
i Fold04: preprocessor 1/1
i Fold04: preprocessor 1/1, model 1/1
i Fold04: preprocessor 1/1, model 1/1 (predictions)
i Fold08: preprocessor 1/1
i Fold08: preprocessor 1/1, model 1/1
i Fold08: preprocessor 1/1, model 1/1 (predictions)
i Fold06: preprocessor 1/1
i Fold06: preprocessor 1/1, model 1/1
i Fold06: preprocessor 1/1, model 1/1 (predictions)
i Fold04: preprocessor 1/1
i Fold04: preprocessor 1/1, model 1/1
i Fold04: preprocessor 1/1, model 1/1 (predictions)
i Fold08: preprocessor 1/1
i Fold08: preprocessor 1/1, model 1/1
i Fold08: preprocessor 1/1, model 1/1 (predictions)
i Fold06: preprocessor 1/1
i Fold06: preprocessor 1/1, model 1/1
i Fold06: preprocessor 1/1, model 1/1 (predictions)
i Fold04: preprocessor 1/1
i Fold04: preprocessor 1/1, model 1/1
i Fold04: preprocessor 1/1, model 1/1 (predictions)
i Fold08: preprocessor 1/1
i Fold08: preprocessor 1/1, model 1/1
i Fold08: preprocessor 1/1, model 1/1 (predictions)
i Fold06: preprocessor 1/1
i Fold06: preprocessor 1/1, model 1/1
i Fold06: preprocessor 1/1, model 1/1 (predictions)
i Fold04: preprocessor 1/1
i Fold04: preprocessor 1/1, model 1/1
i Fold04: preprocessor 1/1, model 1/1 (predictions)
i Fold08: preprocessor 1/1
i Fold08: preprocessor 1/1, model 1/1
i Fold08: preprocessor 1/1, model 1/1 (predictions)
i Fold06: preprocessor 1/1
i Fold06: preprocessor 1/1, model 1/1
i Fold06: preprocessor 1/1, model 1/1 (predictions)
i Fold04: preprocessor 1/1
i Fold04: preprocessor 1/1, model 1/1
i Fold04: preprocessor 1/1, model 1/1 (predictions)
i Fold08: preprocessor 1/1
i Fold08: preprocessor 1/1, model 1/1
i Fold08: preprocessor 1/1, model 1/1 (predictions)
i Fold06: preprocessor 1/1
i Fold06: preprocessor 1/1, model 1/1
i Fold06: preprocessor 1/1, model 1/1 (predictions)
i Fold04: preprocessor 1/1
i Fold04: preprocessor 1/1, model 1/1
i Fold04: preprocessor 1/1, model 1/1 (predictions)
i Fold08: preprocessor 1/1
i Fold08: preprocessor 1/1, model 1/1
i Fold08: preprocessor 1/1, model 1/1 (predictions)
i Fold06: preprocessor 1/1
i Fold06: preprocessor 1/1, model 1/1
i Fold06: preprocessor 1/1, model 1/1 (predictions)
i Fold04: preprocessor 1/1
i Fold04: preprocessor 1/1, model 1/1
i Fold04: preprocessor 1/1, model 1/1 (predictions)
i Fold08: preprocessor 1/1
i Fold08: preprocessor 1/1, model 1/1
i Fold08: preprocessor 1/1, model 1/1 (predictions)
i Fold06: preprocessor 1/1
i Fold06: preprocessor 1/1, model 1/1
i Fold06: preprocessor 1/1, model 1/1 (predictions)
i Fold04: preprocessor 1/1
i Fold04: preprocessor 1/1, model 1/1
i Fold04: preprocessor 1/1, model 1/1 (predictions)
i Fold08: preprocessor 1/1
i Fold08: preprocessor 1/1, model 1/1
i Fold08: preprocessor 1/1, model 1/1 (predictions)
i Fold06: preprocessor 1/1
i Fold06: preprocessor 1/1, model 1/1
i Fold06: preprocessor 1/1, model 1/1 (predictions)
i Fold04: preprocessor 1/1
i Fold04: preprocessor 1/1, model 1/1
i Fold04: preprocessor 1/1, model 1/1 (predictions)
i Fold08: preprocessor 1/1
i Fold08: preprocessor 1/1, model 1/1
i Fold08: preprocessor 1/1, model 1/1 (predictions)
i Fold06: preprocessor 1/1
i Fold06: preprocessor 1/1, model 1/1
i Fold06: preprocessor 1/1, model 1/1 (predictions)
i Fold04: preprocessor 1/1
i Fold04: preprocessor 1/1, model 1/1
i Fold04: preprocessor 1/1, model 1/1 (predictions)
i Fold08: preprocessor 1/1
i Fold08: preprocessor 1/1, model 1/1
i Fold08: preprocessor 1/1, model 1/1 (predictions)
i Fold06: preprocessor 1/1
i Fold06: preprocessor 1/1, model 1/1
i Fold06: preprocessor 1/1, model 1/1 (predictions)
i Fold04: preprocessor 1/1
i Fold04: preprocessor 1/1, model 1/1
i Fold04: preprocessor 1/1, model 1/1 (predictions)
i Fold08: preprocessor 1/1
i Fold08: preprocessor 1/1, model 1/1
i Fold08: preprocessor 1/1, model 1/1 (predictions)
i Fold06: preprocessor 1/1
i Fold06: preprocessor 1/1, model 1/1
i Fold06: preprocessor 1/1, model 1/1 (predictions)
i Fold04: preprocessor 1/1
i Fold04: preprocessor 1/1, model 1/1
i Fold04: preprocessor 1/1, model 1/1 (predictions)
i Fold08: preprocessor 1/1
i Fold08: preprocessor 1/1, model 1/1
i Fold08: preprocessor 1/1, model 1/1 (predictions)
i Fold06: preprocessor 1/1
i Fold06: preprocessor 1/1, model 1/1
i Fold06: preprocessor 1/1, model 1/1 (predictions)
i Fold04: preprocessor 1/1
i Fold04: preprocessor 1/1, model 1/1
i Fold04: preprocessor 1/1, model 1/1 (predictions)
i Fold08: preprocessor 1/1
i Fold08: preprocessor 1/1, model 1/1
i Fold08: preprocessor 1/1, model 1/1 (predictions)
i Fold06: preprocessor 1/1
i Fold06: preprocessor 1/1, model 1/1
i Fold06: preprocessor 1/1, model 1/1 (predictions)
i Fold04: preprocessor 1/1
i Fold04: preprocessor 1/1, model 1/1
i Fold04: preprocessor 1/1, model 1/1 (predictions)
i Fold08: preprocessor 1/1
i Fold08: preprocessor 1/1, model 1/1
i Fold08: preprocessor 1/1, model 1/1 (predictions)
i Fold06: preprocessor 1/1
i Fold06: preprocessor 1/1, model 1/1
i Fold06: preprocessor 1/1, model 1/1 (predictions)
i Fold04: preprocessor 1/1
i Fold04: preprocessor 1/1, model 1/1
i Fold04: preprocessor 1/1, model 1/1 (predictions)
i Fold08: preprocessor 1/1
i Fold08: preprocessor 1/1, model 1/1
i Fold08: preprocessor 1/1, model 1/1 (predictions)
i Fold06: preprocessor 1/1
i Fold06: preprocessor 1/1, model 1/1
i Fold06: preprocessor 1/1, model 1/1 (predictions)
i Fold04: preprocessor 1/1
i Fold04: preprocessor 1/1, model 1/1
i Fold04: preprocessor 1/1, model 1/1 (predictions)
i Fold08: preprocessor 1/1
i Fold08: preprocessor 1/1, model 1/1
i Fold08: preprocessor 1/1, model 1/1 (predictions)
i Fold06: preprocessor 1/1
i Fold06: preprocessor 1/1, model 1/1
i Fold06: preprocessor 1/1, model 1/1 (predictions)
i Fold04: preprocessor 1/1
i Fold04: preprocessor 1/1, model 1/1
i Fold04: preprocessor 1/1, model 1/1 (predictions)
i Fold08: preprocessor 1/1
i Fold08: preprocessor 1/1, model 1/1
i Fold08: preprocessor 1/1, model 1/1 (predictions)
i Fold06: preprocessor 1/1
i Fold06: preprocessor 1/1, model 1/1
i Fold06: preprocessor 1/1, model 1/1 (predictions)
i Fold04: preprocessor 1/1
i Fold04: preprocessor 1/1, model 1/1
i Fold04: preprocessor 1/1, model 1/1 (predictions)
i Fold08: preprocessor 1/1
i Fold08: preprocessor 1/1, model 1/1
i Fold08: preprocessor 1/1, model 1/1 (predictions)
i Fold06: preprocessor 1/1
i Fold06: preprocessor 1/1, model 1/1
i Fold06: preprocessor 1/1, model 1/1 (predictions)
i Fold04: preprocessor 1/1
i Fold04: preprocessor 1/1, model 1/1
i Fold04: preprocessor 1/1, model 1/1 (predictions)
i Fold08: preprocessor 1/1
i Fold08: preprocessor 1/1, model 1/1
i Fold08: preprocessor 1/1, model 1/1 (predictions)
i Fold06: preprocessor 1/1
i Fold06: preprocessor 1/1, model 1/1
i Fold06: preprocessor 1/1, model 1/1 (predictions)
i Fold04: preprocessor 1/1
i Fold04: preprocessor 1/1, model 1/1
i Fold04: preprocessor 1/1, model 1/1 (predictions)
i Fold08: preprocessor 1/1
i Fold08: preprocessor 1/1, model 1/1
i Fold08: preprocessor 1/1, model 1/1 (predictions)
i Fold06: preprocessor 1/1
i Fold06: preprocessor 1/1, model 1/1
i Fold06: preprocessor 1/1, model 1/1 (predictions)
i Fold04: preprocessor 1/1
i Fold04: preprocessor 1/1, model 1/1
i Fold04: preprocessor 1/1, model 1/1 (predictions)
i Fold08: preprocessor 1/1
i Fold08: preprocessor 1/1, model 1/1
i Fold08: preprocessor 1/1, model 1/1 (predictions)
i Fold06: preprocessor 1/1
i Fold06: preprocessor 1/1, model 1/1
i Fold06: preprocessor 1/1, model 1/1 (predictions)
i Fold04: preprocessor 1/1
i Fold04: preprocessor 1/1, model 1/1
i Fold04: preprocessor 1/1, model 1/1 (predictions)
i Fold08: preprocessor 1/1
i Fold08: preprocessor 1/1, model 1/1
i Fold08: preprocessor 1/1, model 1/1 (predictions)
i Fold06: preprocessor 1/1
i Fold06: preprocessor 1/1, model 1/1
i Fold06: preprocessor 1/1, model 1/1 (predictions)
i Fold04: preprocessor 1/1
i Fold04: preprocessor 1/1, model 1/1
i Fold04: preprocessor 1/1, model 1/1 (predictions)
i Fold08: preprocessor 1/1
i Fold08: preprocessor 1/1, model 1/1
i Fold08: preprocessor 1/1, model 1/1 (predictions)
i Fold06: preprocessor 1/1
i Fold06: preprocessor 1/1, model 1/1
i Fold06: preprocessor 1/1, model 1/1 (predictions)
i Fold04: preprocessor 1/1
i Fold04: preprocessor 1/1, model 1/1
i Fold04: preprocessor 1/1, model 1/1 (predictions)
i Fold08: preprocessor 1/1
i Fold08: preprocessor 1/1, model 1/1
i Fold08: preprocessor 1/1, model 1/1 (predictions)
i Fold06: preprocessor 1/1
i Fold06: preprocessor 1/1, model 1/1
i Fold06: preprocessor 1/1, model 1/1 (predictions)
i Fold04: preprocessor 1/1
i Fold04: preprocessor 1/1, model 1/1
i Fold04: preprocessor 1/1, model 1/1 (predictions)
i Fold08: preprocessor 1/1
i Fold08: preprocessor 1/1, model 1/1
i Fold08: preprocessor 1/1, model 1/1 (predictions)
i Fold06: preprocessor 1/1
i Fold06: preprocessor 1/1, model 1/1
i Fold06: preprocessor 1/1, model 1/1 (predictions)
i Fold04: preprocessor 1/1
i Fold04: preprocessor 1/1, model 1/1
i Fold04: preprocessor 1/1, model 1/1 (predictions)
i Fold08: preprocessor 1/1
i Fold08: preprocessor 1/1, model 1/1
i Fold08: preprocessor 1/1, model 1/1 (predictions)
i Fold06: preprocessor 1/1
i Fold06: preprocessor 1/1, model 1/1
i Fold06: preprocessor 1/1, model 1/1 (predictions)
i Fold04: preprocessor 1/1
i Fold04: preprocessor 1/1, model 1/1
i Fold04: preprocessor 1/1, model 1/1 (predictions)
i Fold08: preprocessor 1/1
i Fold08: preprocessor 1/1, model 1/1
i Fold08: preprocessor 1/1, model 1/1 (predictions)
i Fold06: preprocessor 1/1
i Fold06: preprocessor 1/1, model 1/1
i Fold06: preprocessor 1/1, model 1/1 (predictions)
i Fold04: preprocessor 1/1
i Fold04: preprocessor 1/1, model 1/1
i Fold04: preprocessor 1/1, model 1/1 (predictions)
i Fold08: preprocessor 1/1
i Fold08: preprocessor 1/1, model 1/1
i Fold08: preprocessor 1/1, model 1/1 (predictions)
i Fold06: preprocessor 1/1
i Fold06: preprocessor 1/1, model 1/1
i Fold06: preprocessor 1/1, model 1/1 (predictions)
i Fold04: preprocessor 1/1
i Fold04: preprocessor 1/1, model 1/1
i Fold04: preprocessor 1/1, model 1/1 (predictions)
i Fold08: preprocessor 1/1
i Fold08: preprocessor 1/1, model 1/1
i Fold08: preprocessor 1/1, model 1/1 (predictions)
i Fold06: preprocessor 1/1
i Fold06: preprocessor 1/1, model 1/1
i Fold06: preprocessor 1/1, model 1/1 (predictions)
i Fold04: preprocessor 1/1
i Fold04: preprocessor 1/1, model 1/1
i Fold04: preprocessor 1/1, model 1/1 (predictions)
i Fold08: preprocessor 1/1
i Fold08: preprocessor 1/1, model 1/1
i Fold08: preprocessor 1/1, model 1/1 (predictions)
i Fold06: preprocessor 1/1
i Fold06: preprocessor 1/1, model 1/1
i Fold06: preprocessor 1/1, model 1/1 (predictions)
i Fold04: preprocessor 1/1
i Fold04: preprocessor 1/1, model 1/1
i Fold04: preprocessor 1/1, model 1/1 (predictions)
i Fold08: preprocessor 1/1
i Fold08: preprocessor 1/1, model 1/1
i Fold08: preprocessor 1/1, model 1/1 (predictions)
i Fold06: preprocessor 1/1
i Fold06: preprocessor 1/1, model 1/1
i Fold06: preprocessor 1/1, model 1/1 (predictions)
i Fold04: preprocessor 1/1
i Fold04: preprocessor 1/1, model 1/1
i Fold04: preprocessor 1/1, model 1/1 (predictions)
i Fold08: preprocessor 1/1
i Fold08: preprocessor 1/1, model 1/1
i Fold08: preprocessor 1/1, model 1/1 (predictions)
i Fold06: preprocessor 1/1
i Fold06: preprocessor 1/1, model 1/1
i Fold06: preprocessor 1/1, model 1/1 (predictions)
i Fold04: preprocessor 1/1
i Fold04: preprocessor 1/1, model 1/1
i Fold04: preprocessor 1/1, model 1/1 (predictions)
i Fold08: preprocessor 1/1
i Fold08: preprocessor 1/1, model 1/1
i Fold08: preprocessor 1/1, model 1/1 (predictions)
i Fold06: preprocessor 1/1
i Fold06: preprocessor 1/1, model 1/1
i Fold06: preprocessor 1/1, model 1/1 (predictions)
i Fold04: preprocessor 1/1
i Fold04: preprocessor 1/1, model 1/1
i Fold04: preprocessor 1/1, model 1/1 (predictions)
i Fold08: preprocessor 1/1
i Fold08: preprocessor 1/1, model 1/1
i Fold08: preprocessor 1/1, model 1/1 (predictions)
i Fold06: preprocessor 1/1
i Fold06: preprocessor 1/1, model 1/1
i Fold06: preprocessor 1/1, model 1/1 (predictions)
i Fold04: preprocessor 1/1
i Fold04: preprocessor 1/1, model 1/1
i Fold04: preprocessor 1/1, model 1/1 (predictions)
i Fold08: preprocessor 1/1
i Fold08: preprocessor 1/1, model 1/1
i Fold08: preprocessor 1/1, model 1/1 (predictions)
i Fold06: preprocessor 1/1
i Fold06: preprocessor 1/1, model 1/1
i Fold06: preprocessor 1/1, model 1/1 (predictions)
i Fold04: preprocessor 1/1
i Fold04: preprocessor 1/1, model 1/1
i Fold04: preprocessor 1/1, model 1/1 (predictions)
i Fold08: preprocessor 1/1
i Fold08: preprocessor 1/1, model 1/1
i Fold08: preprocessor 1/1, model 1/1 (predictions)
i Fold06: preprocessor 1/1
i Fold06: preprocessor 1/1, model 1/1
i Fold06: preprocessor 1/1, model 1/1 (predictions)
i Fold04: preprocessor 1/1
i Fold04: preprocessor 1/1, model 1/1
i Fold04: preprocessor 1/1, model 1/1 (predictions)
i Fold08: preprocessor 1/1
i Fold08: preprocessor 1/1, model 1/1
i Fold08: preprocessor 1/1, model 1/1 (predictions)
i Fold06: preprocessor 1/1
i Fold06: preprocessor 1/1, model 1/1
i Fold06: preprocessor 1/1, model 1/1 (predictions)
i Fold04: preprocessor 1/1
i Fold04: preprocessor 1/1, model 1/1
i Fold04: preprocessor 1/1, model 1/1 (predictions)
i Fold08: preprocessor 1/1
i Fold08: preprocessor 1/1, model 1/1
i Fold08: preprocessor 1/1, model 1/1 (predictions)
i Fold06: preprocessor 1/1
i Fold06: preprocessor 1/1, model 1/1
i Fold06: preprocessor 1/1, model 1/1 (predictions)
i Fold04: preprocessor 1/1
i Fold04: preprocessor 1/1, model 1/1
i Fold04: preprocessor 1/1, model 1/1 (predictions)
i Fold08: preprocessor 1/1
i Fold08: preprocessor 1/1, model 1/1
i Fold08: preprocessor 1/1, model 1/1 (predictions)
i Fold06: preprocessor 1/1
i Fold06: preprocessor 1/1, model 1/1
i Fold06: preprocessor 1/1, model 1/1 (predictions)
i Fold04: preprocessor 1/1
i Fold04: preprocessor 1/1, model 1/1
i Fold04: preprocessor 1/1, model 1/1 (predictions)
i Fold08: preprocessor 1/1
i Fold08: preprocessor 1/1, model 1/1
i Fold08: preprocessor 1/1, model 1/1 (predictions)
i Fold06: preprocessor 1/1
i Fold06: preprocessor 1/1, model 1/1
i Fold06: preprocessor 1/1, model 1/1 (predictions)
i Fold04: preprocessor 1/1
i Fold04: preprocessor 1/1, model 1/1
i Fold04: preprocessor 1/1, model 1/1 (predictions)
i Fold08: preprocessor 1/1
i Fold08: preprocessor 1/1, model 1/1
i Fold08: preprocessor 1/1, model 1/1 (predictions)
i Fold06: preprocessor 1/1
i Fold06: preprocessor 1/1, model 1/1
i Fold06: preprocessor 1/1, model 1/1 (predictions)
i Fold04: preprocessor 1/1
i Fold04: preprocessor 1/1, model 1/1
i Fold04: preprocessor 1/1, model 1/1 (predictions)
i Fold08: preprocessor 1/1
i Fold08: preprocessor 1/1, model 1/1
i Fold08: preprocessor 1/1, model 1/1 (predictions)
i Fold06: preprocessor 1/1
i Fold06: preprocessor 1/1, model 1/1
i Fold06: preprocessor 1/1, model 1/1 (predictions)
i Fold04: preprocessor 1/1
i Fold04: preprocessor 1/1, model 1/1
i Fold04: preprocessor 1/1, model 1/1 (predictions)
i Fold08: preprocessor 1/1
i Fold08: preprocessor 1/1, model 1/1
i Fold08: preprocessor 1/1, model 1/1 (predictions)
i Fold06: preprocessor 1/1
i Fold06: preprocessor 1/1, model 1/1
i Fold06: preprocessor 1/1, model 1/1 (predictions)
i Fold04: preprocessor 1/1
i Fold04: preprocessor 1/1, model 1/1
i Fold04: preprocessor 1/1, model 1/1 (predictions)
i Fold08: preprocessor 1/1
i Fold08: preprocessor 1/1, model 1/1
i Fold08: preprocessor 1/1, model 1/1 (predictions)
i Fold06: preprocessor 1/1
i Fold06: preprocessor 1/1, model 1/1
i Fold06: preprocessor 1/1, model 1/1 (predictions)
i Fold04: preprocessor 1/1
i Fold04: preprocessor 1/1, model 1/1
i Fold04: preprocessor 1/1, model 1/1 (predictions)
i Fold08: preprocessor 1/1
i Fold08: preprocessor 1/1, model 1/1
i Fold08: preprocessor 1/1, model 1/1 (predictions)
i Fold06: preprocessor 1/1
i Fold06: preprocessor 1/1, model 1/1
i Fold06: preprocessor 1/1, model 1/1 (predictions)
i Fold04: preprocessor 1/1
i Fold04: preprocessor 1/1, model 1/1
i Fold04: preprocessor 1/1, model 1/1 (predictions)
i Fold08: preprocessor 1/1
i Fold08: preprocessor 1/1, model 1/1
i Fold08: preprocessor 1/1, model 1/1 (predictions)
i Fold06: preprocessor 1/1
i Fold06: preprocessor 1/1, model 1/1
i Fold06: preprocessor 1/1, model 1/1 (predictions)
i Fold04: preprocessor 1/1
i Fold04: preprocessor 1/1, model 1/1
i Fold04: preprocessor 1/1, model 1/1 (predictions)
i Fold08: preprocessor 1/1
i Fold08: preprocessor 1/1, model 1/1
i Fold08: preprocessor 1/1, model 1/1 (predictions)
i Fold06: preprocessor 1/1
i Fold06: preprocessor 1/1, model 1/1
i Fold06: preprocessor 1/1, model 1/1 (predictions)
i Fold04: preprocessor 1/1
i Fold04: preprocessor 1/1, model 1/1
i Fold04: preprocessor 1/1, model 1/1 (predictions)
i Fold08: preprocessor 1/1
i Fold08: preprocessor 1/1, model 1/1
i Fold08: preprocessor 1/1, model 1/1 (predictions)
i Fold06: preprocessor 1/1
i Fold06: preprocessor 1/1, model 1/1
i Fold06: preprocessor 1/1, model 1/1 (predictions)
i Fold04: preprocessor 1/1
i Fold04: preprocessor 1/1, model 1/1
i Fold04: preprocessor 1/1, model 1/1 (predictions)
i Fold08: preprocessor 1/1
i Fold08: preprocessor 1/1, model 1/1
i Fold08: preprocessor 1/1, model 1/1 (predictions)
i Fold06: preprocessor 1/1
i Fold06: preprocessor 1/1, model 1/1
i Fold06: preprocessor 1/1, model 1/1 (predictions)
i Fold04: preprocessor 1/1
i Fold04: preprocessor 1/1, model 1/1
i Fold04: preprocessor 1/1, model 1/1 (predictions)
i Fold08: preprocessor 1/1
i Fold08: preprocessor 1/1, model 1/1
i Fold08: preprocessor 1/1, model 1/1 (predictions)
i Fold06: preprocessor 1/1
i Fold06: preprocessor 1/1, model 1/1
i Fold06: preprocessor 1/1, model 1/1 (predictions)
i Fold04: preprocessor 1/1
i Fold04: preprocessor 1/1, model 1/1
i Fold04: preprocessor 1/1, model 1/1 (predictions)
i Fold08: preprocessor 1/1
i Fold08: preprocessor 1/1, model 1/1
i Fold08: preprocessor 1/1, model 1/1 (predictions)
i Fold06: preprocessor 1/1
i Fold06: preprocessor 1/1, model 1/1
i Fold06: preprocessor 1/1, model 1/1 (predictions)
i Fold04: preprocessor 1/1
i Fold04: preprocessor 1/1, model 1/1
i Fold04: preprocessor 1/1, model 1/1 (predictions)
i Fold08: preprocessor 1/1
i Fold08: preprocessor 1/1, model 1/1
i Fold08: preprocessor 1/1, model 1/1 (predictions)
i Fold06: preprocessor 1/1
i Fold06: preprocessor 1/1, model 1/1
i Fold06: preprocessor 1/1, model 1/1 (predictions)
i Fold04: preprocessor 1/1
i Fold04: preprocessor 1/1, model 1/1
i Fold04: preprocessor 1/1, model 1/1 (predictions)
i Fold08: preprocessor 1/1
i Fold08: preprocessor 1/1, model 1/1
i Fold08: preprocessor 1/1, model 1/1 (predictions)
i Fold06: preprocessor 1/1
i Fold06: preprocessor 1/1, model 1/1
i Fold06: preprocessor 1/1, model 1/1 (predictions)
i Fold04: preprocessor 1/1
i Fold04: preprocessor 1/1, model 1/1
i Fold04: preprocessor 1/1, model 1/1 (predictions)
i Fold08: preprocessor 1/1
i Fold08: preprocessor 1/1, model 1/1
i Fold08: preprocessor 1/1, model 1/1 (predictions)
i Fold06: preprocessor 1/1
i Fold06: preprocessor 1/1, model 1/1
i Fold06: preprocessor 1/1, model 1/1 (predictions)
i Fold04: preprocessor 1/1
i Fold04: preprocessor 1/1, model 1/1
i Fold04: preprocessor 1/1, model 1/1 (predictions)
i Fold08: preprocessor 1/1
i Fold08: preprocessor 1/1, model 1/1
i Fold08: preprocessor 1/1, model 1/1 (predictions)
i Fold06: preprocessor 1/1
i Fold06: preprocessor 1/1, model 1/1
i Fold06: preprocessor 1/1, model 1/1 (predictions)
i Fold04: preprocessor 1/1
i Fold04: preprocessor 1/1, model 1/1
i Fold04: preprocessor 1/1, model 1/1 (predictions)
i Fold08: preprocessor 1/1
i Fold08: preprocessor 1/1, model 1/1
i Fold08: preprocessor 1/1, model 1/1 (predictions)
i Fold06: preprocessor 1/1
i Fold06: preprocessor 1/1, model 1/1
i Fold06: preprocessor 1/1, model 1/1 (predictions)
i Fold04: preprocessor 1/1
i Fold04: preprocessor 1/1, model 1/1
i Fold04: preprocessor 1/1, model 1/1 (predictions)
i Fold08: preprocessor 1/1
i Fold08: preprocessor 1/1, model 1/1
i Fold08: preprocessor 1/1, model 1/1 (predictions)
i Fold06: preprocessor 1/1
i Fold06: preprocessor 1/1, model 1/1
i Fold06: preprocessor 1/1, model 1/1 (predictions)
i Fold04: preprocessor 1/1
i Fold04: preprocessor 1/1, model 1/1
i Fold04: preprocessor 1/1, model 1/1 (predictions)
i Fold02: preprocessor 1/1
i Fold02: preprocessor 1/1, model 1/1
i Fold02: preprocessor 1/1, model 1/1 (predictions)
i Fold02: preprocessor 1/1
i Fold02: preprocessor 1/1, model 1/1
i Fold02: preprocessor 1/1, model 1/1 (predictions)
i Fold02: preprocessor 1/1
i Fold02: preprocessor 1/1, model 1/1
i Fold02: preprocessor 1/1, model 1/1 (predictions)
i Fold02: preprocessor 1/1
i Fold02: preprocessor 1/1, model 1/1
i Fold02: preprocessor 1/1, model 1/1 (predictions)
i Fold02: preprocessor 1/1
i Fold02: preprocessor 1/1, model 1/1
i Fold02: preprocessor 1/1, model 1/1 (predictions)
i Fold02: preprocessor 1/1
i Fold02: preprocessor 1/1, model 1/1
i Fold02: preprocessor 1/1, model 1/1 (predictions)
i Fold02: preprocessor 1/1
i Fold02: preprocessor 1/1, model 1/1
i Fold02: preprocessor 1/1, model 1/1 (predictions)
i Fold02: preprocessor 1/1
i Fold02: preprocessor 1/1, model 1/1
i Fold02: preprocessor 1/1, model 1/1 (predictions)
i Fold02: preprocessor 1/1
i Fold02: preprocessor 1/1, model 1/1
i Fold02: preprocessor 1/1, model 1/1 (predictions)
i Fold02: preprocessor 1/1
i Fold02: preprocessor 1/1, model 1/1
i Fold02: preprocessor 1/1, model 1/1 (predictions)
i Fold02: preprocessor 1/1
i Fold02: preprocessor 1/1, model 1/1
i Fold02: preprocessor 1/1, model 1/1 (predictions)
i Fold02: preprocessor 1/1
i Fold02: preprocessor 1/1, model 1/1
i Fold02: preprocessor 1/1, model 1/1 (predictions)
i Fold02: preprocessor 1/1
i Fold02: preprocessor 1/1, model 1/1
i Fold02: preprocessor 1/1, model 1/1 (predictions)
i Fold02: preprocessor 1/1
i Fold02: preprocessor 1/1, model 1/1
i Fold02: preprocessor 1/1, model 1/1 (predictions)
i Fold02: preprocessor 1/1
i Fold02: preprocessor 1/1, model 1/1
i Fold02: preprocessor 1/1, model 1/1 (predictions)
i Fold02: preprocessor 1/1
i Fold02: preprocessor 1/1, model 1/1
i Fold02: preprocessor 1/1, model 1/1 (predictions)
i Fold02: preprocessor 1/1
i Fold02: preprocessor 1/1, model 1/1
i Fold02: preprocessor 1/1, model 1/1 (predictions)
i Fold02: preprocessor 1/1
i Fold02: preprocessor 1/1, model 1/1
i Fold02: preprocessor 1/1, model 1/1 (predictions)
i Fold02: preprocessor 1/1
i Fold02: preprocessor 1/1, model 1/1
i Fold02: preprocessor 1/1, model 1/1 (predictions)
i Fold02: preprocessor 1/1
i Fold02: preprocessor 1/1, model 1/1
i Fold02: preprocessor 1/1, model 1/1 (predictions)
i Fold02: preprocessor 1/1
i Fold02: preprocessor 1/1, model 1/1
i Fold02: preprocessor 1/1, model 1/1 (predictions)
i Fold02: preprocessor 1/1
i Fold02: preprocessor 1/1, model 1/1
i Fold02: preprocessor 1/1, model 1/1 (predictions)
i Fold02: preprocessor 1/1
i Fold02: preprocessor 1/1, model 1/1
i Fold02: preprocessor 1/1, model 1/1 (predictions)
i Fold02: preprocessor 1/1
i Fold02: preprocessor 1/1, model 1/1
i Fold02: preprocessor 1/1, model 1/1 (predictions)
i Fold02: preprocessor 1/1
i Fold02: preprocessor 1/1, model 1/1
i Fold02: preprocessor 1/1, model 1/1 (predictions)
i Fold02: preprocessor 1/1
i Fold02: preprocessor 1/1, model 1/1
i Fold02: preprocessor 1/1, model 1/1 (predictions)
i Fold02: preprocessor 1/1
i Fold02: preprocessor 1/1, model 1/1
i Fold02: preprocessor 1/1, model 1/1 (predictions)
i Fold02: preprocessor 1/1
i Fold02: preprocessor 1/1, model 1/1
i Fold02: preprocessor 1/1, model 1/1 (predictions)
i Fold02: preprocessor 1/1
i Fold02: preprocessor 1/1, model 1/1
i Fold02: preprocessor 1/1, model 1/1 (predictions)
i Fold02: preprocessor 1/1
i Fold02: preprocessor 1/1, model 1/1
i Fold02: preprocessor 1/1, model 1/1 (predictions)
i Fold02: preprocessor 1/1
i Fold02: preprocessor 1/1, model 1/1
i Fold02: preprocessor 1/1, model 1/1 (predictions)
i Fold02: preprocessor 1/1
i Fold02: preprocessor 1/1, model 1/1
i Fold02: preprocessor 1/1, model 1/1 (predictions)
i Fold02: preprocessor 1/1
i Fold02: preprocessor 1/1, model 1/1
i Fold02: preprocessor 1/1, model 1/1 (predictions)
i Fold02: preprocessor 1/1
i Fold02: preprocessor 1/1, model 1/1
i Fold02: preprocessor 1/1, model 1/1 (predictions)
i Fold02: preprocessor 1/1
i Fold02: preprocessor 1/1, model 1/1
i Fold02: preprocessor 1/1, model 1/1 (predictions)
i Fold01: preprocessor 1/1
i Fold01: preprocessor 1/1, model 1/1
i Fold01: preprocessor 1/1, model 1/1 (predictions)
i Fold01: preprocessor 1/1
i Fold01: preprocessor 1/1, model 1/1
i Fold01: preprocessor 1/1, model 1/1 (predictions)
i Fold01: preprocessor 1/1
i Fold01: preprocessor 1/1, model 1/1
i Fold01: preprocessor 1/1, model 1/1 (predictions)
i Fold01: preprocessor 1/1
i Fold01: preprocessor 1/1, model 1/1
i Fold01: preprocessor 1/1, model 1/1 (predictions)
i Fold01: preprocessor 1/1
i Fold01: preprocessor 1/1, model 1/1
i Fold01: preprocessor 1/1, model 1/1 (predictions)
i Fold01: preprocessor 1/1
i Fold01: preprocessor 1/1, model 1/1
i Fold01: preprocessor 1/1, model 1/1 (predictions)
i Fold01: preprocessor 1/1
i Fold01: preprocessor 1/1, model 1/1
i Fold01: preprocessor 1/1, model 1/1 (predictions)
i Fold01: preprocessor 1/1
i Fold01: preprocessor 1/1, model 1/1
i Fold01: preprocessor 1/1, model 1/1 (predictions)
i Fold01: preprocessor 1/1
i Fold01: preprocessor 1/1, model 1/1
i Fold01: preprocessor 1/1, model 1/1 (predictions)
i Fold01: preprocessor 1/1
i Fold01: preprocessor 1/1, model 1/1
i Fold01: preprocessor 1/1, model 1/1 (predictions)
i Fold01: preprocessor 1/1
i Fold01: preprocessor 1/1, model 1/1
i Fold01: preprocessor 1/1, model 1/1 (predictions)
i Fold01: preprocessor 1/1
i Fold01: preprocessor 1/1, model 1/1
i Fold01: preprocessor 1/1, model 1/1 (predictions)
i Fold01: preprocessor 1/1
i Fold01: preprocessor 1/1, model 1/1
i Fold01: preprocessor 1/1, model 1/1 (predictions)
i Fold01: preprocessor 1/1
i Fold01: preprocessor 1/1, model 1/1
i Fold01: preprocessor 1/1, model 1/1 (predictions)
i Fold01: preprocessor 1/1
i Fold01: preprocessor 1/1, model 1/1
i Fold01: preprocessor 1/1, model 1/1 (predictions)
i Fold01: preprocessor 1/1
i Fold01: preprocessor 1/1, model 1/1
i Fold01: preprocessor 1/1, model 1/1 (predictions)
i Fold01: preprocessor 1/1
i Fold01: preprocessor 1/1, model 1/1
i Fold01: preprocessor 1/1, model 1/1 (predictions)
i Fold01: preprocessor 1/1
i Fold01: preprocessor 1/1, model 1/1
i Fold01: preprocessor 1/1, model 1/1 (predictions)
i Fold01: preprocessor 1/1
i Fold01: preprocessor 1/1, model 1/1
i Fold01: preprocessor 1/1, model 1/1 (predictions)
i Fold01: preprocessor 1/1
i Fold01: preprocessor 1/1, model 1/1
i Fold01: preprocessor 1/1, model 1/1 (predictions)
i Fold01: preprocessor 1/1
i Fold01: preprocessor 1/1, model 1/1
i Fold01: preprocessor 1/1, model 1/1 (predictions)
i Fold01: preprocessor 1/1
i Fold01: preprocessor 1/1, model 1/1
i Fold01: preprocessor 1/1, model 1/1 (predictions)
i Fold01: preprocessor 1/1
i Fold01: preprocessor 1/1, model 1/1
i Fold01: preprocessor 1/1, model 1/1 (predictions)
i Fold01: preprocessor 1/1
i Fold01: preprocessor 1/1, model 1/1
i Fold01: preprocessor 1/1, model 1/1 (predictions)
i Fold01: preprocessor 1/1
i Fold01: preprocessor 1/1, model 1/1
i Fold01: preprocessor 1/1, model 1/1 (predictions)
i Fold09: preprocessor 1/1
i Fold09: preprocessor 1/1, model 1/1
i Fold09: preprocessor 1/1, model 1/1 (predictions)
i Fold09: preprocessor 1/1
i Fold09: preprocessor 1/1, model 1/1
i Fold09: preprocessor 1/1, model 1/1 (predictions)
i Fold09: preprocessor 1/1
i Fold09: preprocessor 1/1, model 1/1
i Fold09: preprocessor 1/1, model 1/1 (predictions)
i Fold09: preprocessor 1/1
i Fold09: preprocessor 1/1, model 1/1
i Fold09: preprocessor 1/1, model 1/1 (predictions)
i Fold09: preprocessor 1/1
i Fold09: preprocessor 1/1, model 1/1
i Fold09: preprocessor 1/1, model 1/1 (predictions)
i Fold09: preprocessor 1/1
i Fold09: preprocessor 1/1, model 1/1
i Fold09: preprocessor 1/1, model 1/1 (predictions)
i Fold09: preprocessor 1/1
i Fold09: preprocessor 1/1, model 1/1
i Fold09: preprocessor 1/1, model 1/1 (predictions)
i Fold09: preprocessor 1/1
i Fold09: preprocessor 1/1, model 1/1
i Fold09: preprocessor 1/1, model 1/1 (predictions)
i Fold09: preprocessor 1/1
i Fold09: preprocessor 1/1, model 1/1
i Fold09: preprocessor 1/1, model 1/1 (predictions)
i Fold09: preprocessor 1/1
i Fold09: preprocessor 1/1, model 1/1
i Fold09: preprocessor 1/1, model 1/1 (predictions)
i Fold09: preprocessor 1/1
i Fold09: preprocessor 1/1, model 1/1
i Fold09: preprocessor 1/1, model 1/1 (predictions)
i Fold09: preprocessor 1/1
i Fold09: preprocessor 1/1, model 1/1
i Fold09: preprocessor 1/1, model 1/1 (predictions)
i Fold09: preprocessor 1/1
i Fold09: preprocessor 1/1, model 1/1
i Fold09: preprocessor 1/1, model 1/1 (predictions)
i Fold09: preprocessor 1/1
i Fold09: preprocessor 1/1, model 1/1
i Fold09: preprocessor 1/1, model 1/1 (predictions)
i Fold09: preprocessor 1/1
i Fold09: preprocessor 1/1, model 1/1
i Fold09: preprocessor 1/1, model 1/1 (predictions)
i Fold09: preprocessor 1/1
i Fold09: preprocessor 1/1, model 1/1
i Fold09: preprocessor 1/1, model 1/1 (predictions)
i Fold09: preprocessor 1/1
i Fold09: preprocessor 1/1, model 1/1
i Fold09: preprocessor 1/1, model 1/1 (predictions)
i Fold09: preprocessor 1/1
i Fold09: preprocessor 1/1, model 1/1
i Fold09: preprocessor 1/1, model 1/1 (predictions)
i Fold09: preprocessor 1/1
i Fold09: preprocessor 1/1, model 1/1
i Fold09: preprocessor 1/1, model 1/1 (predictions)
i Fold09: preprocessor 1/1
i Fold09: preprocessor 1/1, model 1/1
i Fold09: preprocessor 1/1, model 1/1 (predictions)
i Fold05: preprocessor 1/1
i Fold05: preprocessor 1/1, model 1/1
i Fold05: preprocessor 1/1, model 1/1 (predictions)
i Fold05: preprocessor 1/1
i Fold05: preprocessor 1/1, model 1/1
i Fold05: preprocessor 1/1, model 1/1 (predictions)
i Fold05: preprocessor 1/1
i Fold05: preprocessor 1/1, model 1/1
i Fold05: preprocessor 1/1, model 1/1 (predictions)
i Fold05: preprocessor 1/1
i Fold05: preprocessor 1/1, model 1/1
i Fold05: preprocessor 1/1, model 1/1 (predictions)
i Fold05: preprocessor 1/1
i Fold05: preprocessor 1/1, model 1/1
i Fold05: preprocessor 1/1, model 1/1 (predictions)
i Fold05: preprocessor 1/1
i Fold05: preprocessor 1/1, model 1/1
i Fold05: preprocessor 1/1, model 1/1 (predictions)
i Fold05: preprocessor 1/1
i Fold05: preprocessor 1/1, model 1/1
i Fold05: preprocessor 1/1, model 1/1 (predictions)
i Fold05: preprocessor 1/1
i Fold05: preprocessor 1/1, model 1/1
i Fold05: preprocessor 1/1, model 1/1 (predictions)
i Fold05: preprocessor 1/1
i Fold05: preprocessor 1/1, model 1/1
i Fold05: preprocessor 1/1, model 1/1 (predictions)
i Fold05: preprocessor 1/1
i Fold05: preprocessor 1/1, model 1/1
i Fold05: preprocessor 1/1, model 1/1 (predictions)
i Fold05: preprocessor 1/1
i Fold05: preprocessor 1/1, model 1/1
i Fold05: preprocessor 1/1, model 1/1 (predictions)
i Fold05: preprocessor 1/1
i Fold05: preprocessor 1/1, model 1/1
i Fold05: preprocessor 1/1, model 1/1 (predictions)
i Fold05: preprocessor 1/1
i Fold05: preprocessor 1/1, model 1/1
i Fold05: preprocessor 1/1, model 1/1 (predictions)
i Fold07: preprocessor 1/1
i Fold07: preprocessor 1/1, model 1/1
i Fold07: preprocessor 1/1, model 1/1 (predictions)
i Fold07: preprocessor 1/1
i Fold07: preprocessor 1/1, model 1/1
i Fold07: preprocessor 1/1, model 1/1 (predictions)
i Fold07: preprocessor 1/1
i Fold07: preprocessor 1/1, model 1/1
i Fold07: preprocessor 1/1, model 1/1 (predictions)
i Fold07: preprocessor 1/1
i Fold07: preprocessor 1/1, model 1/1
i Fold07: preprocessor 1/1, model 1/1 (predictions)
i Fold07: preprocessor 1/1
i Fold07: preprocessor 1/1, model 1/1
i Fold07: preprocessor 1/1, model 1/1 (predictions)
i Fold07: preprocessor 1/1
i Fold07: preprocessor 1/1, model 1/1
i Fold07: preprocessor 1/1, model 1/1 (predictions)
i Fold07: preprocessor 1/1
i Fold07: preprocessor 1/1, model 1/1
i Fold07: preprocessor 1/1, model 1/1 (predictions)
i Fold07: preprocessor 1/1
i Fold07: preprocessor 1/1, model 1/1
i Fold07: preprocessor 1/1, model 1/1 (predictions)
i Fold07: preprocessor 1/1
i Fold07: preprocessor 1/1, model 1/1
i Fold07: preprocessor 1/1, model 1/1 (predictions)
i Fold07: preprocessor 1/1
i Fold07: preprocessor 1/1, model 1/1
i Fold07: preprocessor 1/1, model 1/1 (predictions)
i Fold10: preprocessor 1/1
i Fold10: preprocessor 1/1, model 1/1
i Fold10: preprocessor 1/1, model 1/1 (predictions)
i Fold10: preprocessor 1/1
i Fold10: preprocessor 1/1, model 1/1
i Fold10: preprocessor 1/1, model 1/1 (predictions)
i Fold10: preprocessor 1/1
i Fold10: preprocessor 1/1, model 1/1
i Fold10: preprocessor 1/1, model 1/1 (predictions)
i Fold10: preprocessor 1/1
i Fold10: preprocessor 1/1, model 1/1
i Fold10: preprocessor 1/1, model 1/1 (predictions)
i Fold10: preprocessor 1/1
i Fold10: preprocessor 1/1, model 1/1
i Fold10: preprocessor 1/1, model 1/1 (predictions)
i Fold10: preprocessor 1/1
i Fold10: preprocessor 1/1, model 1/1
i Fold10: preprocessor 1/1, model 1/1 (predictions)
i Fold10: preprocessor 1/1
i Fold10: preprocessor 1/1, model 1/1
i Fold10: preprocessor 1/1, model 1/1 (predictions)
i Fold10: preprocessor 1/1
i Fold10: preprocessor 1/1, model 1/1
i Fold10: preprocessor 1/1, model 1/1 (predictions)
i Fold10: preprocessor 1/1
i Fold10: preprocessor 1/1, model 1/1
i Fold10: preprocessor 1/1, model 1/1 (predictions)
i Fold10: preprocessor 1/1
i Fold10: preprocessor 1/1, model 1/1
i Fold10: preprocessor 1/1, model 1/1 (predictions)
i Fold03: preprocessor 1/1
i Fold03: preprocessor 1/1, model 1/1
i Fold03: preprocessor 1/1, model 1/1 (predictions)
i Fold03: preprocessor 1/1
i Fold03: preprocessor 1/1, model 1/1
i Fold03: preprocessor 1/1, model 1/1 (predictions)
i Fold03: preprocessor 1/1
i Fold03: preprocessor 1/1, model 1/1
i Fold03: preprocessor 1/1, model 1/1 (predictions)
i Fold03: preprocessor 1/1
i Fold03: preprocessor 1/1, model 1/1
i Fold03: preprocessor 1/1, model 1/1 (predictions)
i Fold03: preprocessor 1/1
i Fold03: preprocessor 1/1, model 1/1
i Fold03: preprocessor 1/1, model 1/1 (predictions)
i Fold03: preprocessor 1/1
i Fold03: preprocessor 1/1, model 1/1
i Fold03: preprocessor 1/1, model 1/1 (predictions)
i Fold03: preprocessor 1/1
i Fold03: preprocessor 1/1, model 1/1
i Fold03: preprocessor 1/1, model 1/1 (predictions)
i Fold03: preprocessor 1/1
i Fold03: preprocessor 1/1, model 1/1
i Fold03: preprocessor 1/1, model 1/1 (predictions)
i Fold03: preprocessor 1/1
i Fold03: preprocessor 1/1, model 1/1
i Fold03: preprocessor 1/1, model 1/1 (predictions)
i Fold03: preprocessor 1/1
i Fold03: preprocessor 1/1, model 1/1
i Fold03: preprocessor 1/1, model 1/1 (predictions)
Plot saved: 05_lgbm_race_plot.png
CSV  saved: 05_lgbm_tune_metrics_all.csv
Warning message:
Metric "rmse" was used to evaluate model candidates in the race but "rsq" has
been chosen to rank the candidates. These results may not agree with the race. 
CSV  saved: 06_xgb_best_hyperparams_all_strategies.csv
Warning message:
Metric "rmse" was used to evaluate model candidates in the race but "rsq" has
been chosen to rank the candidates. These results may not agree with the race. 
CSV  saved: 06_lgbm_best_hyperparams_all_strategies.csv
CSV  saved: 07_final_chosen_hyperparams.csv
Plot saved: 08_train_val_distribution.png
CSV  saved: 09_validation_metrics.csv
CSV  saved: 10_training_metrics.csv
CSV  saved: 11_metrics_summary_train_vs_val.csv
Plot saved: 11a_rmse_comparison.png
Plot saved: 11b_r2_comparison.png
`geom_smooth()` using formula = 'y ~ x'
Plot saved: 12_xgb_pred_vs_obs.png
`geom_smooth()` using formula = 'y ~ x'
Plot saved: 12_lgbm_pred_vs_obs.png
CSV  saved: 12_xgb_val_predictions.csv
CSV  saved: 12_lgbm_val_predictions.csv
Plot saved: 12_xgb_residuals.png
Plot saved: 12_lgbm_residuals.png
CSV  saved: 13_xgb_variable_importance.csv
Plot saved: 13_xgb_vip.png
CSV  saved: 13_lgbm_variable_importance.csv
Plot saved: 13_lgbm_vip.png
CSV  saved: 14_test_predictions.csv
Summary saved: 00_run_summary.txt
