year,site,month_abb,mean_dayl_s,mean_srad_w_m_2,mean_tmax_deg_c,mean_tmin_deg_c,mean_vp_pa,sum_prcp_mm_day,sum_swe_kg_m_2
2014,DEH1,Jan,34681.64387096774,225.62032258064517,5.398064516129033,-6.223870967741935,425.398064516129,67.36,101.75
2014,DEH1,Feb,37944.42428571429,271.3646428571428,6.960357142857142,-2.8489285714285715,512.4232142857143,104.65,176.79
2014,DEH1,Mar,42277.62774193548,330.48645161290324,10.375806451612902,-0.6041935483870968,614.9870967741936,111.03,30.240000000000002
2014,DEH1,Apr,46902.960333333336,389.48566666666665,17.013333333333332,5.996333333333333,959.1716666666666,105.04,0
2014,DEH1,May,50798.95483870968,405.8874193548387,23.717741935483872,12.624516129032259,1483.4867741935484,75.39,0
2014,DEH1,Jun,52759.836,395.09133333333335,28.022,17.15566666666667,1993.703,31.64,0
2014,DEH1,Jul,51835.21161290322,369.63516129032257,29.00258064516129,19.08290322580645,2237.593870967742,151.58,0
2014,DEH1,Aug,48447.35612903226,382.5651612903226,27.869032258064514,17.713870967741936,2044.1309677419354,103.03,0
2014,DEH1,Sep,43969.59333333333,319.5276666666667,26.165666666666667,16.353666666666665,1911.7796666666666,131.48,0
2014,DEH1,Oct,39354.256129032256,275.5577419354839,20.995806451612903,10.826129032258065,1338.6409677419356,67.01,0
2014,DEH1,Nov,35493.57633333333,227.20133333333334,12.971666666666666,2.375,770.8836666666666,96.57,0
2014,DEH1,Dec,33631.367741935486,172.88290322580644,9.998064516129032,1.6503225806451614,706.9496774193549,107.8,0
2014,GAH1,Jan,36720.92451612903,261.9541935483871,12.071612903225807,-0.21612903225806454,628.6609677419355,85.61,0
2014,GAH1,Feb,39186.38642857143,316.7682142857143,17.747857142857143,4.882857142857143,898.83,117.48,0
2014,GAH1,Mar,42493.9864516129,373.18709677419355,19.15290322580645,5.789032258064516,943.1525806451613,146.10999999999999,0
2014,GAH1,Apr,46031.244333333336,381.78633333333335,24.197,11.543333333333333,1395.6996666666666,245.83999999999997,0
2014,GAH1,May,48987.36387096774,430.47483870967744,29.381290322580647,16.28322580645161,1879.6270967741937,136.85,0
2014,GAH1,Jun,50459.106,381.282,32.431666666666665,20.909,2476.6273333333334,65.34,0
2014,GAH1,Jul,49766.79,380.85483870967744,32.715806451612906,21.32032258064516,2545.932580645161,63.22,0
2014,GAH1,Aug,47207.06967741936,389.6077419354839,33.63258064516129,21.30548387096774,2507.047741935484,77.31,0
2014,GAH1,Sep,43789.10433333334,298.15933333333334,29.604333333333333,20.092333333333332,2372.688,159.13,0
2014,GAH1,Oct,40259.951290322584,373.7861290322581,26.3341935483871,12.278709677419355,1475.4887096774194,76.09,0
2014,GAH1,Nov,37331.556666666664,284.824,18.293666666666667,3.603666666666667,828.5516666666666,173.03,0
2014,GAH1,Dec,35934.32064516129,222.6348387096774,17.679354838709678,5.849677419354839,963.8380645161291,196.39,0
2014,IAH1,Jan,33574.33,217.11225806451614,-3.080967741935484,-16.079354838709676,199.5558064516129,7.23,52.22
2014,IAH1,Feb,37277.22607142857,264.8275,-4.415,-16.431428571428572,195.48785714285714,48.46,623.21
2014,IAH1,Mar,42162.07548387097,377.6832258064516,4.974193548387097,-7.084193548387097,350.71612903225804,28.75,963.02
2014,IAH1,Apr,47369.83433333333,377.334,15.079666666666666,1.6393333333333333,650.3933333333333,171.71,93.95
2014,IAH1,May,51779.193225806455,398.551935483871,22.466129032258063,9.374516129032259,1239.9106451612904,102.97,0
2014,IAH1,Jun,54014.759666666665,363.276,26.477666666666668,15.471666666666668,1777.364,256.82,0
2014,IAH1,Jul,52958.88483870968,402.6141935483871,26.013870967741934,14.70258064516129,1696.6332258064517,82.56,0
2014,IAH1,Aug,49113.77225806451,322.56032258064516,26.815483870967743,16.97806451612903,1955.0393548387096,206.31,0
2014,IAH1,Sep,44065.975333333336,334.995,22.528,10.517,1312.126,128.11,0
2014,IAH1,Oct,38869.03129032258,268.36709677419356,16.804193548387097,4.410322580645161,857.3670967741936,88.51,0
2014,IAH1,Nov,34498.71566666666,201.36233333333334,3.6590000000000003,-6.923,407.485,24.89,75.96
2014,IAH1,Dec,32375.180322580643,149.81,1.3516129032258066,-5.438709677419355,447.03709677419357,36.29,77.36
2014,IAH2,Jan,33533.82129032258,216.25451612903225,-2.475806451612903,-16.47225806451613,192.77225806451614,5.12,23.8
2014,IAH2,Feb,37252.92821428571,260.38428571428574,-3.957142857142857,-16.1975,187.63392857142858,33.87,297.53000000000003
2014,IAH2,Mar,42157.87870967742,386.53096774193546,5.452580645161291,-7.735806451612903,285.00290322580645,16.13,506.52
2014,IAH2,Apr,47386.814666666665,362.3863333333333,14.981333333333334,1.0306666666666666,562.4503333333333,93.35,10.49
2014,IAH2,May,51814.99806451613,401.94,22.59516129032258,8.89741935483871,1160.2509677419355,107.62,0
2014,IAH2,Jun,54060.756,351.45033333333333,26.41166666666667,15.3,1760.511,228.01,0
2014,IAH2,Jul,52999.99741935484,410.14096774193547,25.765806451612903,14.456774193548387,1669.282258064516,91.79,0
2014,IAH2,Aug,49138.04451612903,317.6532258064516,26.114193548387096,16.760967741935485,1928.6654838709678,244.21,0
2014,IAH2,Sep,44069.475333333336,336.2613333333333,22.394000000000002,10.174666666666667,1280.8993333333333,145.85999999999999,0
2014,IAH2,Oct,38851.379677419354,276.31935483870967,17.086451612903225,4.244193548387097,852.0325806451613,43.75,0
2014,IAH2,Nov,34462.371333333336,204.971,3.5456666666666665,-7.749333333333333,390.6363333333333,11.67,67.52
2014,IAH2,Dec,32329.137741935483,139.53032258064516,0.977741935483871,-5.7787096774193545,441.4225806451613,23.98,32.449999999999996
2014,IAH3,Jan,33574.33,209.3383870967742,-4.615161290322581,-16.88064516129032,189.24354838709678,12.709999999999999,96.86
2014,IAH3,Feb,37277.22607142857,260.72714285714284,-6.084642857142857,-17.3125,181.08535714285713,46.91,731.36
2014,IAH3,Mar,42162.07548387097,375.47741935483873,4.150322580645161,-7.352903225806451,342.5345161290322,22.189999999999998,1072.02
2014,IAH3,Apr,47369.83433333333,377.787,14.762333333333334,1.3043333333333333,640.5266666666666,160.46,122.87
2014,IAH3,May,51779.193225806455,413.9990322580645,22.231290322580644,8.908387096774193,1189.6641935483872,57.03,0
2014,IAH3,Jun,54014.759666666665,354.34233333333333,26.577,15.645333333333333,1800.08,288.7,0
2014,IAH3,Jul,52958.88483870968,402.90935483870965,25.810967741935485,14.36774193548387,1660.7625806451613,78.08,0
2014,IAH3,Aug,49113.77225806451,325.0664516129032,26.88225806451613,16.488709677419354,1895.9006451612904,139.13,0
2014,IAH3,Sep,44065.975333333336,356.297,22.618666666666666,9.872333333333334,1257.1946666666668,74.39,0
2014,IAH3,Oct,38869.03129032258,265.3964516129032,15.84,3.721935483870968,816.0503225806451,70.45,0
2014,IAH3,Nov,34498.71566666666,199.98933333333332,3.395,-6.988,400.84066666666666,21.93,34.160000000000004
2014,IAH3,Dec,32375.180322580643,147.53225806451613,1.346774193548387,-5.453548387096774,443.75548387096774,30.669999999999998,5.93
2014,IAH4,Jan,33833.60709677419,216.25387096774193,-3.1038709677419356,-15.47483870967742,209.70612903225808,21.14,202.52
2014,IAH4,Feb,37432.938571428575,271.07928571428573,-4.187857142857143,-15.896428571428572,209.54607142857142,64.35000000000001,929.79
2014,IAH4,Mar,42188.99612903226,378.5341935483871,5.744516129032258,-6.888064516129032,380.35225806451615,25.09,1407.69
2014,IAH4,Apr,47260.973333333335,397.42966666666666,16.255666666666666,2.5116666666666667,707.7883333333333,124.21,257.94
2014,IAH4,May,51549.918387096775,399.2209677419355,23.258064516129032,10.23225806451613,1266.2012903225807,45.61,0
2014,IAH4,Jun,53720.509,355.7216666666667,27.52766666666667,16.430333333333333,1887.8453333333334,242.52,0
2014,IAH4,Jul,52695.73806451613,397.31709677419354,26.607096774193547,15.098709677419354,1735.4835483870968,89.96000000000001,0
2014,IAH4,Aug,48958.2335483871,331.25709677419354,27.58967741935484,17.50483870967742,2020.6793548387097,135.93,0
2014,IAH4,Sep,44043.521,368.1616666666667,23.654333333333334,10.543,1318.2966666666666,132.1,0
2014,IAH4,Oct,38982.180645161294,263.5783870967742,16.75258064516129,4.922258064516129,887.4896774193548,124.86,0
2014,IAH4,Nov,34731.435666666664,190.22966666666667,4.576333333333333,-5.750666666666667,433.80833333333334,52.43,57.72
2014,IAH4,Dec,32669.730967741936,159.72096774193548,2.643548387096774,-4.33,474.8296774193548,25.04,22.360000000000003
2014,ILH1,Jan,34219.54774193549,231.14741935483872,-1.9264516129032259,-12.754193548387097,259.2309677419355,70.42,729.09
2014,ILH1,Feb,37665.311785714286,296.69892857142855,-2.2357142857142858,-12.554285714285715,267.59285714285716,74.67999999999999,1541.41
2014,ILH1,Mar,42229.224516129034,408.0425806451613,7.403225806451613,-4.70258064516129,450.8232258064516,35.89,1635.6299999999999
2014,ILH1,Apr,47098.405,406.1836666666667,18.011,4.947333333333334,878.496,96.41,168.52
2014,ILH1,May,51208.35064516129,391.40419354838707,23.893870967741936,11.633870967741936,1398.208064516129,115.59,0
2014,ILH1,Jun,53282.983,345.106,28.156666666666666,17.532333333333334,2034.9803333333334,228.68,0
2014,ILH1,Jul,52304.082903225804,412.5141935483871,26.37741935483871,15.216774193548387,1750.7548387096774,172.31,0
2014,ILH1,Aug,48726.13032258065,344.04645161290324,27.775806451612905,17.64483870967742,2043.5716129032257,54.37,0
2014,ILH1,Sep,44009.96666666667,364.85366666666664,24.157333333333334,11.434666666666667,1402.747,97.54,0
2014,ILH1,Oct,39151.144838709675,249.6393548387097,17.407096774193548,6.518387096774194,997.4851612903226,113.16,0
2014,ILH1,Nov,35078.107,214.07933333333332,6.537,-3.921666666666667,491.1383333333333,62.36,27.33
2014,ILH1,Dec,33107.69741935484,151.47290322580645,3.6648387096774195,-2.552258064516129,527.0622580645161,49.22,0
2014,INH1,Jan,34086.18709677419,218.23387096774192,-3.138709677419355,-14.186774193548388,237.0683870967742,121.91,2321.36
2014,INH1,Feb,37584.9375,298.61321428571426,-2.8635714285714284,-13.728214285714285,250.56392857142856,69.35,3743.53
2014,INH1,Mar,42215.30225806452,419.36709677419356,6.043225806451613,-6.040322580645161,411.32870967741934,43.36,4203.48
2014,INH1,Apr,47154.65,461.77133333333336,16.839333333333332,3.8293333333333335,821.5506666666666,108.51,2027.03
2014,INH1,May,51326.415483870966,380.21838709677417,23.16225806451613,10.650967741935483,1328.9606451612904,122.5,0
2014,INH1,Jun,53434.104999999996,350.827,27.952333333333332,16.689666666666668,1938.5023333333334,153.58,0
2014,INH1,Jul,52439.41129032258,416.2509677419355,25.981935483870966,14.035483870967742,1631.026129032258,74.95,0
2014,INH1,Aug,48806.40935483871,341.2225806451613,27.60225806451613,16.24258064516129,1877.786129032258,195.21,0
2014,INH1,Sep,44021.579666666665,355.864,23.686,10.557,1326.6026666666667,140.55,0
2014,INH1,Oct,39092.68935483871,234.53806451612903,16.836129032258064,5.535483870967742,932.8558064516129,148.67000000000002,0
2014,INH1,Nov,34958.281,199.068,6.045,-3.735666666666667,500.4576666666667,56.98,53.81
2014,INH1,Dec,32956.423548387094,144.90290322580645,3.3238709677419354,-2.8925806451612903,513.5990322580645,52.12,0
2014,MNH1,Jan,32796.1564516129,182.77354838709678,-7.661935483870968,-20.462258064516128,144.2974193548387,29.47,219.09
2014,MNH1,Feb,36811.90535714286,260.81464285714287,-8.548571428571428,-20.102857142857143,140.7564285714286,40.17,1142.67
2014,MNH1,Mar,42081.813870967744,361.2138709677419,0.7406451612903225,-9.77,317.4041935483871,34.629999999999995,2280.95
2014,MNH1,Apr,47694.75433333333,377.767,10.958,0.391,614.2583333333333,144.52,1344.6100000000001
2014,MNH1,May,52466.32677419355,402.9793548387097,20.15,8.12483870967742,1139.001935483871,113.22,0
2014,MNH1,Jun,54899.560666666664,348.837,25.110333333333333,15.23,1754.2533333333333,264.74,0
2014,MNH1,Jul,53748.82548387097,398.318064516129,25.898709677419355,14.75290322580645,1708.3387096774193,26.68,0
2014,MNH1,Aug,49578.60870967742,338.1325806451613,26.966129032258063,16.08516129032258,1841.584193548387,126.73,0
2014,MNH1,Sep,44132.914666666664,316.551,21.685666666666666,10.131,1285.0976666666666,51.13,0
2014,MNH1,Oct,38531.26258064516,256.75709677419354,14.380322580645162,2.5319354838709676,748.6787096774193,32.94,0
2014,MNH1,Nov,33801.15666666667,177.66933333333333,0.22599999999999998,-9.345333333333333,349.71733333333333,23.66,118.12
2014,MNH1,Dec,31489.463548387095,128.66709677419354,-1.4112903225806452,-7.854838709677419,389.8758064516129,19.14,160.7
2014,MOH1,Jan,34609.142258064516,240.44290322580645,1.8651612903225805,-11.110967741935484,289.6051612903226,41.6,454.88
2014,MOH1,Feb,37900.56964285714,308.2917857142857,1.0592857142857144,-10.342857142857143,312.97214285714284,26.04,709.1899999999999
2014,MOH1,Mar,42270.017096774194,388.9741935483871,11.076129032258065,-3.63,447.11,30.580000000000002,322.13
2014,MOH1,Apr,46933.681333333334,359.663,17.918333333333333,5.867333333333333,962.34,175.01,0
2014,MOH1,May,50863.217419354834,394.41322580645163,24.216451612903224,12.245483870967742,1485.2316129032258,85.42999999999999,0
2014,MOH1,Jun,52841.86866666667,359.5903333333333,27.506333333333334,17.827,2067.124333333333,211.03,0
2014,MOH1,Jul,51908.77225806451,429.541935483871,27.824193548387097,16.287741935483872,1883.5696774193548,61.78,0
2014,MOH1,Aug,48491.15612903226,361.99290322580646,29.87290322580645,18.857741935483872,2199.5051612903226,83.92,0
2014,MOH1,Sep,43975.941,361.3953333333333,25.038333333333334,12.885,1528.5266666666666,160.08,0
2014,MOH1,Oct,39322.33225806452,263.0912903225807,18.72741935483871,7.64741935483871,1072.273870967742,242.26,0
2014,MOH1,Nov,35428.363,218.47933333333333,8.310333333333332,-2.662,537.557,22.94,0
2014,MOH1,Dec,33549.25322580645,157.4893548387097,5.163225806451613,-1.4858064516129033,570.9554838709678,47.660000000000004,0
2014,MOH2,Jan,34590.93322580645,238.10096774193548,2.3190322580645164,-10.778709677419355,297.48129032258066,30.099999999999998,266
2014,MOH2,Feb,37889.56,303.8121428571429,1.3724999999999998,-10.098214285714286,319.6825,27,568.42
2014,MOH2,Mar,42268.10677419355,372.62387096774194,11.570645161290322,-3.2193548387096773,467.83935483870965,50.59,165.66
2014,MOH2,Apr,46941.39366666666,350.7323333333333,18.45,6.234,988.5813333333333,183.85,0
2014,MOH2,May,50879.35580645161,393.4003225806452,24.92225806451613,12.813225806451612,1550.0135483870968,52.92,0
2014,MOH2,Jun,52862.473,359.85133333333334,28.133,18.574333333333332,2166.3703333333333,173.78,0
2014,MOH2,Jul,51927.24612903226,425.14032258064515,28.416774193548388,16.953870967741935,1964.7216129032258,45.01,0
2014,MOH2,Aug,48502.152903225804,358.6290322580645,30.451612903225804,19.51258064516129,2291.8270967741937,135.57,0
2014,MOH2,Sep,43977.53566666666,357.79633333333334,25.611,13.379666666666667,1578.794,174.8,0
2014,MOH2,Oct,39314.31838709678,262.1190322580645,19.385161290322582,8.023548387096774,1101.88,262.25,0
2014,MOH2,Nov,35411.986,217.44166666666666,8.84,-2.3043333333333336,553.16,31.75,2
2014,MOH2,Dec,33528.62806451613,156.02064516129033,5.601935483870967,-1.1435483870967742,586.0416129032258,56.08,0
2014,NCH1,Jan,35678.07,245.57516129032257,10.66516129032258,-2.756774193548387,533.3635483870968,68.78,0
2014,NCH1,Feb,38549.325,282.3225,13.165714285714285,0.9214285714285715,675.8078571428572,89.67,0
2014,NCH1,Mar,42382.81741935484,347.7625806451613,15.128064516129033,1.6438709677419354,710.3380645161291,142.08,2.2
2014,NCH1,Apr,46478.78166666667,396.9413333333333,23.741333333333333,9.548,1225.023,119.72,0
2014,NCH1,May,49914.70548387097,416.3793548387097,28.22967741935484,15.765806451612903,1822.7506451612903,89.28999999999999,0
2014,NCH1,Jun,51634.159999999996,381.9626666666667,31.195,19.121666666666666,2250.690666666667,177,0
2014,NCH1,Jul,50824.40225806452,370.6332258064516,30.695483870967742,20.54935483870968,2438.4454838709676,237.04999999999998,0
2014,NCH1,Aug,47843.23903225806,382.02774193548385,29.753870967741936,19.91032258064516,2336.9587096774194,157.63,0
2014,NCH1,Sep,43881.846,305.95533333333333,27.532333333333334,18.795333333333332,2200.737,190.56,0
2014,NCH1,Oct,39795.012903225805,353.9177419354839,24.93967741935484,10.824516129032258,1340.2512903225806,33.510000000000005,0
2014,NCH1,Nov,36390.80133333334,243.15266666666668,15.839333333333332,2.9596666666666667,807.4093333333333,76.94,0
2014,NCH1,Dec,34758.14419354839,199.67612903225807,13.600967741935484,2.7661290322580645,767.7270967741936,96.52,0
2014,NEH1,Jan,33970.42032258065,233.06774193548387,1.9451612903225806,-13.263225806451613,245.85645161290321,11.23,213.05
2014,NEH1,Feb,37515.23321428571,277.8907142857143,0.8396428571428571,-11.781785714285714,253.75357142857143,15.43,359.01
2014,NEH1,Mar,42203.235483870965,404.62774193548387,10.72,-6.029354838709677,242.28806451612903,2.98,120.05
2014,NEH1,Apr,47203.41533333333,370.15933333333334,18.069,3.105,542.3346666666666,112.92,0
2014,NEH1,May,51428.874193548385,401.86806451612904,24.801612903225806,10.119354838709677,1245.6254838709679,134.01,0
2014,NEH1,Jun,53565.34533333333,359.6956666666667,28.414666666666665,16.277,1876.4816666666666,203.29,0
2014,NEH1,Jul,52556.89290322581,429.95612903225805,29.441290322580645,15.596774193548388,1815.7393548387097,12.9,0
2014,NEH1,Aug,48876.03290322581,318.5912903225806,29.313225806451612,17.870322580645162,2070.386129032258,180.88,0
2014,NEH1,Sep,44031.64466666667,347.315,24.546666666666667,11.599666666666666,1411.912,257.09999999999997,0
2014,NEH1,Oct,39042.00580645161,289.7177419354839,19.97258064516129,5.537419354838709,937.7683870967742,53.86,0
2014,NEH1,Nov,34854.29266666667,220.22433333333333,7.621666666666667,-5.936,439.27066666666667,13.020000000000001,42.09
2014,NEH1,Dec,32825.051612903226,143.9474193548387,3.345806451612903,-4.612258064516129,475.9070967741936,36.85,7.52
2014,NEH2,Jan,33892.47516129032,233.19967741935486,5.0283870967741935,-11.115483870967742,238.9883870967742,8.3,250.73000000000002
2014,NEH2,Feb,37468.33714285714,281.7503571428571,-0.3499999999999999,-12.472857142857142,226.3957142857143,17.63,409.8
2014,NEH2,Mar,42195.12129032258,423.1693548387097,11.026129032258064,-6.338387096774194,226.72387096774193,17.38,276.40000000000003
2014,NEH2,Apr,47236.217,414.162,17.136,0.5723333333333334,315.238,19.68,0
2014,NEH2,May,51497.83967741935,434.92709677419356,22.206451612903226,6.669032258064516,647.1445161290322,73.83,0
2014,NEH2,Jun,53653.736,389.47366666666665,26.706,12.746333333333332,1450.7936666666667,228.39,0
2014,NEH2,Jul,52635.993870967744,431.7229032258065,29.40741935483871,14.414516129032258,1670.1687096774194,28.11,0
2014,NEH2,Aug,48922.87387096774,379.0441935483871,29.921935483870968,15.108387096774194,1724.6490322580646,135.73,0
2014,NEH2,Sep,44038.41333333333,360.7323333333333,24.642,9.524000000000001,1218.8783333333333,44.72,0
2014,NEH2,Oct,39007.91322580645,315.89677419354837,20.484516129032258,2.7051612903225806,761.2558064516129,20.62,0
2014,NEH2,Nov,34784.293666666665,232.89466666666667,8.468666666666667,-8.245,362.056,1.84,6.16
2014,NEH2,Dec,32736.572258064516,168.11032258064515,3.3803225806451613,-8.904516129032258,337.68612903225807,27.43,41.61
2014,NEH3,Jan,33853.26870967742,231.51354838709676,5.223870967741935,-9.945806451612903,259.49709677419355,8.7,316.34000000000003
2014,NEH3,Feb,37444.760357142855,288.7557142857143,-0.7592857142857141,-13.247857142857143,225.4607142857143,31.470000000000002,632.13
2014,NEH3,Mar,42191.04096774194,409.8225806451613,10.26032258064516,-5.541290322580645,294.4541935483871,14.24,566.44
2014,NEH3,Apr,47252.706333333335,421.34066666666666,16.687666666666665,0.27466666666666667,352.932,15.799999999999999,1.97
2014,NEH3,May,51532.52483870968,429.8674193548387,21.98709677419355,6.325483870967742,564.6454838709677,57.78,0
2014,NEH3,Jun,53698.204666666665,421.55033333333336,26.688,11.949333333333334,1209.8906666666667,157.34,0
2014,NEH3,Jul,52675.78419354839,433.1667741935484,30.363548387096774,14.763548387096774,1651.1848387096775,10.879999999999999,0
2014,NEH3,Aug,48946.42548387097,386.8525806451613,30.31,14.59032258064516,1652.7974193548387,92.69,0
2014,NEH3,Sep,44041.81533333333,369.50733333333335,25.198333333333334,8.743666666666666,1134.5813333333333,43.54,0
2014,NEH3,Oct,38990.7735483871,308.64,20.403225806451612,2.865483870967742,767.2216129032258,21.68,0
2014,NEH3,Nov,34749.08833333333,222.38533333333334,7.85,-7.562666666666667,385.584,5.93,8.32
2014,NEH3,Dec,32692.058064516128,173.01903225806453,3.445161290322581,-9.359677419354838,317.49387096774194,25.240000000000002,59.870000000000005
2014,NYH1,Jan,33307.96709677419,201.55064516129033,-2.6538709677419354,-12.869677419354838,264.35,56.6,698.76
2014,NYH1,Feb,37117.60178571429,263.13642857142855,-2.3985714285714286,-12.4275,266.18,58.42,1454.73
2014,NYH1,Mar,42134.51096774194,346.9087096774194,1.4493548387096773,-9.415483870967742,330.9932258064516,93.38,1857.04
2014,NYH1,Apr,47481.362,406.61733333333336,13.029,0.3483333333333334,649.7853333333334,97.46,754.73
2014,NYH1,May,52014.56612903226,378.3867741935484,20.31290322580645,8.374193548387098,1133.7674193548387,91.62,0
2014,NYH1,Jun,54317.33433333333,375.069,25.068666666666665,13.266666666666666,1561.9376666666667,101.92,0
2014,NYH1,Jul,53229.24935483871,359.1658064516129,25.58451612903226,14.720645161290323,1707.159677419355,117.31,0
2014,NYH1,Aug,49273.224516129034,353.59,24.433870967741935,13.384193548387097,1553.1490322580646,136.34,0
2014,NYH1,Sep,44088.96366666667,338.27866666666665,22.221,9.993,1276.4843333333333,63.66,0
2014,NYH1,Oct,38753.1,206.4241935483871,15.814516129032258,6.792258064516129,1031.2325806451613,71.13,0
2014,NYH1,Nov,34259.789333333334,170.69366666666667,6.315666666666667,-1.318,589.4093333333333,63.260000000000005,9.22
2014,NYH1,Dec,32072.295483870967,120.55580645161291,2.39,-2.841290322580645,510.5461290322581,74.51,150.13
2014,NYH2,Jan,33307.96709677419,201.55064516129033,-2.6538709677419354,-12.869677419354838,264.35,56.6,698.76
2014,NYH2,Feb,37117.60178571429,263.13642857142855,-2.3985714285714286,-12.4275,266.18,58.42,1454.73
2014,NYH2,Mar,42134.51096774194,346.9087096774194,1.4493548387096773,-9.415483870967742,330.9932258064516,93.38,1857.04
2014,NYH2,Apr,47481.362,406.61733333333336,13.029,0.3483333333333334,649.7853333333334,97.46,754.73
2014,NYH2,May,52014.56612903226,378.3867741935484,20.31290322580645,8.374193548387098,1133.7674193548387,91.62,0
2014,NYH2,Jun,54317.33433333333,375.069,25.068666666666665,13.266666666666666,1561.9376666666667,101.92,0
2014,NYH2,Jul,53229.24935483871,359.1658064516129,25.58451612903226,14.720645161290323,1707.159677419355,117.31,0
2014,NYH2,Aug,49273.224516129034,353.59,24.433870967741935,13.384193548387097,1553.1490322580646,136.34,0
2014,NYH2,Sep,44088.96366666667,338.27866666666665,22.221,9.993,1276.4843333333333,63.66,0
2014,NYH2,Oct,38753.1,206.4241935483871,15.814516129032258,6.792258064516129,1031.2325806451613,71.13,0
2014,NYH2,Nov,34259.789333333334,170.69366666666667,6.315666666666667,-1.318,589.4093333333333,63.260000000000005,9.22
2014,NYH2,Dec,32072.295483870967,120.55580645161291,2.39,-2.841290322580645,510.5461290322581,74.51,150.13
2014,ONH1,Jan,33012.702580645164,175.97709677419354,-5.6735483870967744,-14.22225806451613,241.49548387096775,98.97,738.01
2014,ONH1,Feb,36941.0775,268.3542857142857,-5.7825,-15.491785714285715,210.10321428571427,56.86,2457.45
2014,ONH1,Mar,42104.0664516129,381.96225806451616,-0.7964516129032259,-11.336129032258064,292.03548387096777,34.53,3545.86
2014,ONH1,Apr,47604.61633333333,426.59633333333335,10.622666666666667,-0.36500000000000005,601.2826666666667,101.41,2524.88
2014,ONH1,May,52275.26935483871,416.9067741935484,18.599354838709676,7.1167741935483875,1012.1029032258065,75.1,200.78
2014,ONH1,Jun,54653.081333333335,380.3813333333333,24.749666666666666,12.45,1461.991,61.63,0
2014,ONH1,Jul,53528.97935483871,366.31193548387097,23.63483870967742,12.64516129032258,1490.4706451612903,139.37,0
2014,ONH1,Aug,49449.563870967744,372.63548387096773,23.95193548387097,12.674516129032257,1483.7393548387097,62.370000000000005,0
2014,ONH1,Sep,44114.35533333333,318.56166666666667,20.583,9.099666666666666,1193.1963333333333,203.57,0
2014,ONH1,Oct,38624.97129032258,215.68032258064517,13.740967741935483,4.953870967741936,909.478064516129,73.35,0
2014,ONH1,Nov,33995.12933333333,166.77366666666666,4.146,-3.266,507.72133333333335,67.45,145.66
2014,ONH1,Dec,31736.199677419354,134.83322580645162,1.4209677419354838,-3.9906451612903227,469.0361290322581,32.35,32.83
2014,ONH2,Jan,33411.278387096776,193.70580645161291,-3.787741935483871,-12.519032258064517,275.5548387096774,67.37,360.59
2014,ONH2,Feb,37179.4725,263.2467857142857,-3.820357142857143,-12.888571428571428,260.7789285714286,59.8,943.9200000000001
2014,ONH2,Mar,42145.191612903225,361.45129032258063,0.7319354838709677,-8.000967741935485,366.778064516129,28.47,1317.23
2014,ONH2,Apr,47438.14133333333,394.0063333333333,11.554,1.4463333333333332,673.1586666666667,79.89,201.64000000000001
2014,ONH2,May,51923.2929032258,383.94193548387096,18.338387096774195,8.752258064516129,1133.5651612903225,99.82000000000001,0
2014,ONH2,Jun,54199.943333333336,374.7746666666667,24.769333333333332,14.872666666666667,1711.5883333333334,63.11,0
2014,ONH2,Jul,53124.38161290323,379.3483870967742,24.409032258064517,14.943870967741935,1720.1767741935485,131.76,0
2014,ONH2,Aug,49211.42032258064,362.1583870967742,24.67483870967742,15.503870967741936,1788.675806451613,46.72,0
2014,ONH2,Sep,44080.05733333333,328.38366666666667,21.342666666666666,11.690666666666667,1427.812,163.86,0
2014,ONH2,Oct,38798.02612903226,235.65387096774194,15.38516129032258,7.083225806451613,1042.3516129032257,63.910000000000004,0
2014,ONH2,Nov,34352.44033333333,173.00433333333334,5.807333333333333,-1.227,591.7503333333333,57.5,44.94
2014,ONH2,Dec,32189.80741935484,135.31709677419354,3.1993548387096773,-1.7948387096774194,552.5238709677419,28.580000000000002,0
2014,TXH1,Jan,36955.68096774194,288.40774193548384,15.64516129032258,0.6574193548387097,673.9145161290322,30.45,0
2014,TXH1,Feb,39330.294642857145,309.12642857142856,16.617857142857144,4.209642857142857,882.5660714285714,31.119999999999997,0
2014,TXH1,Mar,42519.14709677419,401.58,20.326129032258066,6.183870967741935,948.3535483870968,44.379999999999995,0
2014,TXH1,Apr,45930.045,426.9596666666667,25.837,13.036999999999999,1268.2930000000001,33.54,0
2014,TXH1,May,48778.375483870965,399.22064516129035,29.1,16.643870967741936,1797.6345161290324,225.34,0
2014,TXH1,Jun,50194.97,393.7416666666667,32.89366666666667,22.636333333333333,2756.1523333333334,41.23,0
2014,TXH1,Jul,49528.746451612904,413.1093548387097,34.395161290322584,22.43709677419355,2719.0564516129034,121.53,0
2014,TXH1,Aug,47063.36935483871,405.8658064516129,35.83870967741935,22.955161290322582,2797.3625806451614,10.66,0
2014,TXH1,Sep,43768.112,350.5246666666667,32.974333333333334,20.667,2434.9266666666667,145.66,0
2014,TXH1,Oct,40365.07419354839,351.02290322580643,29.226774193548387,15.226774193548387,1768.5070967741935,55.47,0
2014,TXH1,Nov,37543.54666666667,281.55833333333334,19.196333333333335,5.923333333333333,986.9003333333334,136.13,0
2014,TXH1,Dec,36198.70580645162,227.80548387096775,17.560967741935485,7.328387096774193,1064.8345161290322,106.27,0
2014,TXH2,Jan,36000.30870967742,296.00032258064516,12.290322580645162,-7.563870967741936,295.72225806451615,0,2.67
2014,TXH2,Feb,38745.7675,338.3732142857143,12.450714285714286,-4.820714285714286,203.36535714285714,3.34,4.3
2014,TXH2,Mar,42417.057096774195,440.338064516129,18.232580645161292,-2.215161290322581,195.90032258064517,5.82,6.61
2014,TXH2,Apr,46340.86266666667,470.235,23.35,4.273333333333333,306.98966666666666,9.57,0
2014,TXH2,May,49628.352580645165,462.4948387096774,27.901612903225807,10.168387096774193,666.8222580645162,106.92,0
2014,TXH2,Jun,51270.76033333333,419.72333333333336,31.243,16.897666666666666,1792.8223333333333,136.47,0
2014,TXH2,Jul,50497.57387096774,408.3322580645161,30.71741935483871,18.129354838709677,2085.7599999999998,80.85,0
2014,TXH2,Aug,47647.063548387094,441.3809677419355,32.82225806451613,17.50709677419355,2006.3835483870967,49.16,0
2014,TXH2,Sep,43853.282,322.894,25.9,15.201,1752.895,139.92,0
2014,TXH2,Oct,39938.30322580645,369.9645161290323,24.453225806451613,7.714838709677419,1067.2616129032258,20.71,0
2014,TXH2,Nov,36681.315,292.86066666666665,14.446,-1.9546666666666668,573.9566666666667,39.71,10.33
2014,TXH2,Dec,35121.89387096774,226.96064516129033,10.701612903225806,-2.138387096774194,546.5861290322581,3.57,2.51
2014,WIH1,Jan,33182.52387096774,193.41967741935483,-7.11483870967742,-18.72483870967742,164.4074193548387,26.79,284.14
2014,WIH1,Feb,37042.55,289.30321428571426,-6.291071428571429,-17.959642857142857,166.44178571428571,32.72,1032.47
2014,WIH1,Mar,42121.56193548387,378.51774193548385,2.3570967741935482,-9.699032258064516,304.6,34.02,1833.28
2014,WIH1,Apr,47533.77566666667,408.29,12.559666666666667,0.30533333333333335,587.5233333333333,158.56,955.52
2014,WIH1,May,52125.35129032258,414.54387096774195,20.989032258064515,8.158064516129032,1119.0435483870967,84.92,0
2014,WIH1,Jun,54459.93233333333,352.2873333333333,26.189666666666668,14.940333333333333,1718.0356666666667,271.64,0
2014,WIH1,Jul,53356.58483870968,405.6996774193548,25.103870967741937,13.548064516129033,1567.0829032258064,38.66,0
2014,WIH1,Aug,49348.195806451615,356.7951612903226,26.695806451612903,15.250645161290322,1754.4154838709678,115.99,0
2014,WIH1,Sep,44099.764,340.162,21.561333333333334,8.925333333333333,1177.4516666666666,109.64,0
2014,WIH1,Oct,38698.61483870968,242.31387096774193,14.511290322580646,3.7241935483870967,819.61,77.66,0
2014,WIH1,Nov,34147.323333333334,190.43233333333333,2.4923333333333337,-6.659666666666666,407.97933333333333,54.96,80.7
2014,WIH1,Dec,31929.549677419353,142.3625806451613,0.3970967741935484,-5.726129032258065,428.78709677419357,30.61,63.36
2015,DEH1,Jan,34681.64387096774,203.04032258064515,5.790322580645161,-3.3341935483870966,497.4809677419355,131.24,2.17
2015,DEH1,Feb,37944.42428571429,314.7839285714286,3.083214285714286,-7.684285714285714,364.13142857142856,81.66,424.82
2015,DEH1,Mar,42277.62774193548,365.62774193548387,10.707096774193548,-0.47645161290322585,617.731935483871,120.49,747.3
2015,DEH1,Apr,46902.960333333336,389.13233333333335,18.676666666666666,6.688,1005.6533333333333,98.3,0
2015,DEH1,May,50798.95483870968,407.4522580645161,25.694193548387098,14.10483870967742,1663.5332258064516,35.32,0
2015,DEH1,Jun,52759.836,340.6166666666667,28.019666666666666,18.770333333333333,2202.6286666666665,190.6,0
2015,DEH1,Jul,51835.21161290322,369.98290322580647,29.84225806451613,20.37451612903226,2415.6690322580644,112.49,0
2015,DEH1,Aug,48447.35612903226,378.76870967741934,29.550645161290323,18.65741935483871,2172.112258064516,96.7,0
2015,DEH1,Sep,43969.59333333333,316.64300000000003,27.642,17.544666666666668,2032.1463333333334,71.08,0
2015,DEH1,Oct,39354.256129032256,295.5551612903226,19.75483870967742,8.890322580645162,1176.8829032258063,123.9,0
2015,DEH1,Nov,35493.57633333333,215.127,17.208333333333332,5.886,977.9883333333333,85.96,0
2015,DEH1,Dec,33631.367741935486,170.48387096774195,15.810967741935483,6.3348387096774195,1018.6896774193548,118.66,0
2015,GAH1,Jan,36720.92451612903,270.2522580645161,14.488064516129032,2.6135483870967744,767.0122580645161,127.98,0
2015,GAH1,Feb,39186.38642857143,293.5217857142857,14.008571428571429,1.9017857142857142,724.3260714285715,130.78,0
2015,GAH1,Mar,42493.9864516129,369.1735483870968,22.58483870967742,10.07258064516129,1276.7312903225807,38.42,0
2015,GAH1,Apr,46031.244333333336,346.83433333333335,25.748333333333335,15.661,1797.1016666666667,137.85,0
2015,GAH1,May,48987.36387096774,466.08354838709676,30.451612903225808,16.63774193548387,1916.6532258064517,31.89,0
2015,GAH1,Jun,50459.106,359.47266666666667,32.635666666666665,21.21066666666667,2525.0046666666667,140.91,0
2015,GAH1,Jul,49766.79,379.3341935483871,33.645806451612906,22.160967741935483,2675.284193548387,144.17,0
2015,GAH1,Aug,47207.06967741936,362.33354838709676,32.285806451612906,21.945483870967742,2643.366129032258,95.61,0
2015,GAH1,Sep,43789.10433333334,327.747,28.571,19.232333333333333,2253.629,76.18,0
2015,GAH1,Oct,40259.951290322584,342.24064516129033,25.369032258064514,13.665161290322581,1594.0396774193548,66.12,0
2015,GAH1,Nov,37331.556666666664,252.71966666666665,22.551333333333332,11.605333333333334,1461.352,138.9,0
2015,GAH1,Dec,35934.32064516129,220.0764516129032,21.556451612903224,10.282903225806452,1339.4687096774194,168.1,0
2015,IAH1,Jan,33554.0964516129,213.44612903225806,-0.05161290322580636,-11.046129032258065,310.48064516129034,29.8,663.36
2015,IAH1,Feb,37265.08857142857,290.60821428571427,-4.7375,-15.791785714285714,207.16821428571427,12.91,947.43
2015,IAH1,Mar,42159.97903225807,396.43032258064517,11.068709677419355,-4.1570967741935485,418.8341935483871,5.63,549.48
2015,IAH1,Apr,47378.316333333336,368.261,17.269333333333332,3.6863333333333332,672.6966666666667,109.67999999999999,0
2015,IAH1,May,51797.07677419355,345.41161290322583,21.001290322580644,10.18483870967742,1252.8258064516128,128.91,0
2015,IAH1,Jun,54037.73333333334,369.73533333333336,26.194666666666667,15.370666666666667,1757.6023333333333,204.58,0
2015,IAH1,Jul,52979.42,374.05806451612904,27.593548387096774,16.780322580645162,1947.5493548387096,193.15,0
2015,IAH1,Aug,49125.89580645161,364.25290322580645,25.88258064516129,14.974516129032258,1730.8016129032258,257.17,0
2015,IAH1,Sep,44067.723333333335,335.545,26.288,13.955,1657.622,122.31,0
2015,IAH1,Oct,38860.213548387095,270.2138709677419,17.791612903225808,5.281290322580645,917.8396774193549,37.28,0
2015,IAH1,Nov,34480.56166666667,179.28666666666666,10.644666666666668,0.28366666666666673,666.891,83.95,0
2015,IAH1,Dec,32352.182903225807,149.78612903225806,3.993225806451613,-3.3322580645161293,495.3158064516129,161.29000000000002,66.99
2015,IAH3,Jan,33574.33,202.68903225806451,-1.1822580645161291,-11.506451612903225,295.21451612903223,47.4,250.98
2015,IAH3,Feb,37277.22607142857,299.80785714285713,-5.837857142857143,-16.904285714285713,187.00142857142856,16.08,1027
2015,IAH3,Mar,42162.07548387097,395.81193548387097,9.338064516129032,-5.199354838709677,427.57290322580644,13.200000000000001,779.73
2015,IAH3,Apr,47369.83433333333,381.98633333333333,17.261333333333333,2.8043333333333336,634.2133333333334,71.45,0
2015,IAH3,May,51779.193225806455,335.17548387096775,21.274516129032257,10.144838709677419,1220.6712903225807,119.22,0
2015,IAH3,Jun,54014.759666666665,365.32,25.883333333333333,14.879,1685.2956666666666,233.5,0
2015,IAH3,Jul,52958.88483870968,388.9064516129032,27.416451612903227,16.440322580645162,1902.8906451612904,121.65,0
2015,IAH3,Aug,49113.77225806451,377.67225806451614,25.863870967741935,14.270967741935484,1652.491935483871,102.44,0
2015,IAH3,Sep,44065.975333333336,340.645,26.32,13.568333333333333,1622.6336666666666,105.67999999999999,0
2015,IAH3,Oct,38869.03129032258,263.90258064516127,17.51516129032258,4.938709677419355,900.9712903225807,76.13000000000001,0
2015,IAH3,Nov,34498.71566666666,175.792,10.401333333333334,0.05633333333333343,655.9433333333334,110.89,0
2015,IAH3,Dec,32375.180322580643,137.8125806451613,4.956774193548387,-2.0883870967741935,542.6006451612903,126.29,6.609999999999999
2015,IAH4,Jan,33833.60709677419,209.23612903225808,-0.16096774193548388,-10.701935483870967,308.6974193548387,45.54,353.54
2015,IAH4,Feb,37432.938571428575,304.69357142857143,-3.8560714285714286,-15.118571428571428,210.64214285714286,17.14,733.15
2015,IAH4,Mar,42188.99612903226,384.4012903225806,10.202903225806452,-4.397741935483871,455.62032258064517,14.129999999999999,617.16
2015,IAH4,Apr,47260.973333333335,384.3953333333333,18.480333333333334,4.047,731.234,90.56,0
2015,IAH4,May,51549.918387096775,338.2203225806452,22.587096774193547,10.933225806451613,1338.4487096774194,142.60999999999999,0
2015,IAH4,Jun,53720.509,361.327,26.900333333333332,15.870666666666667,1822.5056666666667,192.03,0
2015,IAH4,Jul,52695.73806451613,379.17225806451614,28.318387096774195,17.59193548387097,2039.4851612903226,200.73,0
2015,IAH4,Aug,48958.2335483871,388.47161290322583,27.18516129032258,15.395806451612904,1770.57,90.02,0
2015,IAH4,Sep,44043.521,334.68766666666664,27.162666666666667,14.569666666666667,1721.2933333333333,91.99,0
2015,IAH4,Oct,38982.180645161294,268.97967741935486,18.30548387096774,5.751935483870968,958.7564516129032,70.26,0
2015,IAH4,Nov,34731.435666666664,181.47866666666667,11.807,0.8986666666666666,693.1033333333334,138.32999999999998,0
2015,IAH4,Dec,32669.730967741936,147.05129032258066,6.776129032258065,-0.9596774193548386,588.3248387096775,107.67,55.19
2015,ILH1,Jan,34219.54774193549,218.3383870967742,0.24612903225806446,-8.44483870967742,356.7754838709677,49.69,484
2015,ILH1,Feb,37665.311785714286,323.7810714285714,-2.2010714285714283,-13.011785714285715,250.08892857142857,40.17,312.73
2015,ILH1,Mar,42229.224516129034,376.661935483871,8.573548387096775,-3.253225806451613,513.5096774193548,26.73,477.98
2015,ILH1,Apr,47098.405,405.707,18.449666666666666,5.301,855.4816666666667,89.26,0
2015,ILH1,May,51208.35064516129,362.22967741935486,24.626774193548385,12.788387096774194,1479.8032258064516,147.26999999999998,0
2015,ILH1,Jun,53282.983,351.448,27.041999999999998,17.031333333333333,1975.9826666666668,242.98999999999998,0
2015,ILH1,Jul,52304.082903225804,404.1758064516129,28.016774193548386,17.46548387096774,2019.3245161290322,92.54,0
2015,ILH1,Aug,48726.13032258065,398.2606451612903,27.73032258064516,15.67741935483871,1805.741935483871,80,0
2015,ILH1,Sep,44009.96666666667,338.054,27.544666666666668,14.301666666666666,1681.6996666666666,161.45999999999998,0
2015,ILH1,Oct,39151.144838709675,286.2722580645161,19.67483870967742,6.7290322580645165,1012.2048387096775,40.82,0
2015,ILH1,Nov,35078.107,197.82433333333333,13.404333333333334,1.7906666666666666,735.1163333333333,118,0
2015,ILH1,Dec,33107.69741935484,153.5416129032258,8.598387096774193,0.9561290322580646,680.4435483870968,180.34,0
2015,INH1,Jan,34086.18709677419,211.35451612903225,-0.8141935483870968,-9.86741935483871,324.24870967741936,63.23,534.55
2015,INH1,Feb,37584.9375,302.6510714285714,-3.184285714285714,-13.656785714285714,235.5689285714286,37.55,673.78
2015,INH1,Mar,42215.30225806452,385.5106451612903,7.737096774193549,-4.34516129032258,476.54806451612905,38.99,889.18
2015,INH1,Apr,47154.65,385.707,17.38,4.049333333333333,799.7233333333334,98.78,0.16
2015,INH1,May,51326.415483870966,370.7893548387097,24.16516129032258,11.890322580645162,1422.481935483871,111.34,0
2015,INH1,Jun,53434.104999999996,346.6533333333333,26.513,16.167666666666666,1877.1626666666666,241.09,0
2015,INH1,Jul,52439.41129032258,404.0322580645161,27.54774193548387,16.70709677419355,1922.9583870967742,164.84,0
2015,INH1,Aug,48806.40935483871,389.6058064516129,27.39677419354839,15.065483870967743,1732.8558064516128,39.72,0
2015,INH1,Sep,44021.579666666665,349.5713333333333,26.887999999999998,13.639333333333333,1613.8046666666667,72.8,0
2015,INH1,Oct,39092.68935483871,278.08451612903224,18.864838709677418,6.309032258064516,982.8848387096774,48.1,0
2015,INH1,Nov,34958.281,196.93366666666665,12.722333333333333,1.4386666666666665,727.8026666666667,75.23,0
2015,INH1,Dec,32956.423548387094,147.19290322580645,8.270967741935484,0.8958064516129032,682.2674193548387,178.95,61.27
2015,KSH1,Jan,34499.38612903226,236.66129032258064,5.980322580645161,-8.65741935483871,339.2851612903226,33.45,79.12
2015,KSH1,Feb,37834.22571428571,287.32785714285717,3.052857142857143,-9.853214285714285,314.47785714285715,15.76,745.58
2015,KSH1,Mar,42258.506451612906,411.89096774193547,15.920967741935485,-1.2906451612903225,450.46258064516127,6.73,360.3
2015,KSH1,Apr,46980.147333333334,372.82866666666666,19.770666666666667,6.336333333333333,782.2090000000001,71.07000000000001,0
2015,KSH1,May,50960.48096774193,345.5574193548387,22.379032258064516,11.272258064516128,1323.8325806451612,268.51,0
2015,KSH1,Jun,52966.08466666667,394.43966666666665,30.127666666666666,18.030666666666665,2089.2436666666667,141.53,0
2015,KSH1,Jul,52020.133870967744,359.4845161290323,31.40483870967742,19.980645161290322,2367.816451612903,150.35,0
2015,KSH1,Aug,48557.41870967742,390.98129032258066,30.02741935483871,16.871612903225806,1959.4161290322581,90.72,0
2015,KSH1,Sep,43985.543,330.77566666666667,29.23966666666667,16.721666666666668,1967.0396666666666,88.37,0
2015,KSH1,Oct,39274.04387096774,313.81225806451613,21.73225806451613,7.256774193548387,1064.1441935483872,18.53,0
2015,KSH1,Nov,35329.657333333336,207.88533333333334,15.199,2.3476666666666666,763.352,128.21,0
2015,KSH1,Dec,33424.912903225806,188.2393548387097,8.521290322580645,-2.9361290322580644,507.28322580645164,92.31,0
2015,MNH1,Jan,32796.1564516129,187.48,-3.614193548387097,-13.170967741935483,263.9777419354839,17.68,718.7
2015,MNH1,Feb,36811.90535714286,267.59464285714284,-7.276071428571429,-17.64107142857143,174.7707142857143,15.27,834.32
2015,MNH1,Mar,42081.813870967744,365.28322580645164,7.230967741935483,-6.164193548387097,371.1483870967742,24.93,648.45
2015,MNH1,Apr,47694.75433333333,369.63533333333334,15.227666666666666,2.0873333333333335,597.1593333333333,71.45,0
2015,MNH1,May,52466.32677419355,352.0016129032258,19.580967741935485,8.000967741935485,1029.0096774193548,122.28,0
2015,MNH1,Jun,54899.560666666664,371.73066666666665,25.625,14.265333333333333,1639.0033333333333,175.91,0
2015,MNH1,Jul,53748.82548387097,378.65967741935486,27.223548387096773,15.775806451612903,1818.1761290322581,167.96,0
2015,MNH1,Aug,49578.60870967742,349.41322580645163,25.456774193548387,14.245806451612903,1660.4403225806452,135.3,0
2015,MNH1,Sep,44132.914666666664,308.50466666666665,25.014333333333333,13.507333333333333,1619.2896666666668,132.2,0
2015,MNH1,Oct,38531.26258064516,255.54129032258064,16.5958064516129,3.987741935483871,833.6225806451613,37.63,0
2015,MNH1,Nov,33801.15666666667,160.494,8.799666666666667,-0.5046666666666667,639.032,111.67999999999999,9.71
2015,MNH1,Dec,31489.463548387095,123.16548387096775,1.2864516129032257,-5.033548387096774,446.45354838709676,74.76,74.2
2015,MOH1,Jan,34609.142258064516,222.8925806451613,4.644838709677419,-6.451935483870968,402.86451612903227,27.72,11.64
2015,MOH1,Feb,37900.56964285714,290.69142857142856,1.2807142857142857,-9.700714285714286,313.7082142857143,28.71,173.1
2015,MOH1,Mar,42270.017096774194,365.08774193548385,13.246129032258064,0.3251612903225807,645.3322580645162,47.88,221.86
2015,MOH1,Apr,46933.681333333334,381.54833333333335,20.008,7.823666666666667,1038.768,74.91,0
2015,MOH1,May,50863.217419354834,347.3748387096774,23.171935483870968,13.066451612903226,1510.7967741935483,153.05,0
2015,MOH1,Jun,52841.86866666667,358.42133333333334,27.731,18.441333333333333,2141.0163333333335,180.8,0
2015,MOH1,Jul,51908.77225806451,375.6177419354839,29.48774193548387,19.953548387096774,2356.8445161290324,219.32,0
2015,MOH1,Aug,48491.15612903226,383.3558064516129,28.640967741935484,17.684516129032257,2054.3474193548386,103.32,0
2015,MOH1,Sep,43975.941,351.5846666666667,28.125,15.893666666666666,1862.6173333333334,27.64,0
2015,MOH1,Oct,39322.33225806452,289.518064516129,20.558709677419355,8.105483870967742,1111.45,27.81,0
2015,MOH1,Nov,35428.363,204.964,14.695333333333334,3.3613333333333335,806.15,199.81,0
2015,MOH1,Dec,33549.25322580645,173.34870967741935,10.128709677419355,0.864516129032258,671.1887096774194,163.03,0
2015,MOH2,Jan,34609.142258064516,222.8925806451613,4.644838709677419,-6.451935483870968,402.86451612903227,27.72,11.64
2015,MOH2,Feb,37900.56964285714,290.69142857142856,1.2807142857142857,-9.700714285714286,313.7082142857143,28.71,173.1
2015,MOH2,Mar,42270.017096774194,365.08774193548385,13.246129032258064,0.3251612903225807,645.3322580645162,47.88,221.86
2015,MOH2,Apr,46933.681333333334,381.54833333333335,20.008,7.823666666666667,1038.768,74.91,0
2015,MOH2,May,50863.217419354834,347.3748387096774,23.171935483870968,13.066451612903226,1510.7967741935483,153.05,0
2015,MOH2,Jun,52841.86866666667,358.42133333333334,27.731,18.441333333333333,2141.0163333333335,180.8,0
2015,MOH2,Jul,51908.77225806451,375.6177419354839,29.48774193548387,19.953548387096774,2356.8445161290324,219.32,0
2015,MOH2,Aug,48491.15612903226,383.3558064516129,28.640967741935484,17.684516129032257,2054.3474193548386,103.32,0
2015,MOH2,Sep,43975.941,351.5846666666667,28.125,15.893666666666666,1862.6173333333334,27.64,0
2015,MOH2,Oct,39322.33225806452,289.518064516129,20.558709677419355,8.105483870967742,1111.45,27.81,0
2015,MOH2,Nov,35428.363,204.964,14.695333333333334,3.3613333333333335,806.15,199.81,0
2015,MOH2,Dec,33549.25322580645,173.34870967741935,10.128709677419355,0.864516129032258,671.1887096774194,163.03,0
2015,NCH1,Jan,35694.423548387094,238.62354838709678,11.44483870967742,-0.6529032258064515,610.5419354838709,139.53,23.29
2015,NCH1,Feb,38559.28357142857,276.2517857142857,7.9992857142857146,-3.5714285714285716,492.16035714285715,121.71,245.04999999999998
2015,NCH1,Mar,42384.552903225805,370.3841935483871,18.21677419354839,4.144516129032258,858.9816129032258,107.22,19.96
2015,NCH1,Apr,46471.791,375.6193333333333,22.943333333333335,10.414666666666667,1309.703,101.02,0
2015,NCH1,May,49900.17741935484,420.1177419354839,26.795161290322582,14.781612903225806,1729.0106451612903,137.95,0
2015,NCH1,Jun,51615.71166666667,376.3176666666667,32.511,20.841333333333335,2488.195333333333,157.17000000000002,0
2015,NCH1,Jul,50807.81677419355,379.1061290322581,32.348387096774196,21.697741935483872,2604.5974193548386,145.57999999999998,0
2015,NCH1,Aug,47833.29419354839,374.37225806451613,30.83483870967742,19.880645161290325,2335.4167741935485,104.66,0
2015,NCH1,Sep,43880.399,293.9886666666667,28.202333333333332,18.874333333333333,2219.467,125.11,0
2015,NCH1,Oct,39802.27612903226,313.0593548387097,22.840645161290322,11.220967741935484,1386.4770967741936,135.23000000000002,0
2015,NCH1,Nov,36405.539,227.805,19.757666666666665,8.172,1159.5833333333333,225.32999999999998,0
2015,NCH1,Dec,34776.610322580644,192.51258064516128,19.993870967741934,9.442580645161291,1267.1548387096775,126.37,0
2015,NEH1,Jan,33853.26870967742,220.56967741935483,3.720967741935484,-9.56741935483871,330.87193548387097,24.28,102.71
2015,NEH1,Feb,37444.760357142855,284.57714285714286,-0.48392857142857143,-12.587142857142858,260.8507142857143,13.12,755.27
2015,NEH1,Mar,42191.04096774194,398.84548387096777,14.790645161290323,-2.8738709677419356,431.80064516129033,17.97,329.21999999999997
2015,NEH1,Apr,47252.706333333335,351.60433333333333,18.131,5.1146666666666665,805.592,97.83,0
2015,NEH1,May,51532.52483870968,346.8625806451613,20.990322580645163,10.206774193548387,1270.4341935483872,195.84,0
2015,NEH1,Jun,53698.204666666665,374.881,27.895,16.298333333333332,1864.1726666666666,148.92,0
2015,NEH1,Jul,52675.78419354839,385.38,29.660645161290322,18.105806451612903,2109.1687096774194,79.92999999999999,0
2015,NEH1,Aug,48946.42548387097,356.89709677419353,27.696451612903225,16.26483870967742,1880.5377419354838,189.46,0
2015,NEH1,Sep,44041.81533333333,324.85066666666665,27.052333333333333,15.212666666666667,1789.949,115.28,0
2015,NEH1,Oct,38990.7735483871,288.1890322580645,20.044838709677418,6.744193548387097,1014.56,14.04,0
2015,NEH1,Nov,34749.08833333333,187.60833333333332,12.379666666666667,1.0636666666666668,694.695,65.95,0
2015,NEH1,Dec,32692.058064516128,157.29903225806453,4.834193548387097,-3.9196774193548385,477.83290322580643,126.42999999999999,12.45
2015,NEH2,Jan,33892.47516129032,228.65193548387097,5.120645161290323,-9.93741935483871,306.00451612903225,9.18,34.9
2015,NEH2,Feb,37468.33714285714,276.79607142857145,5.366071428571429,-10.063571428571429,254.09357142857144,8.81,44.92
2015,NEH2,Mar,42195.12129032258,413.6322580645161,16.822903225806453,-3.8296774193548386,180.51032258064515,0.94,0.41
2015,NEH2,Apr,47236.217,369.407,17.764666666666667,2.1166666666666667,477.2733333333333,92.3,0
2015,NEH2,May,51497.83967741935,369.9661290322581,18.955806451612904,6.860967741935484,956.1822580645161,128.33,0
2015,NEH2,Jun,53653.736,410.60433333333333,27.535333333333334,14.306333333333333,1630.496,104.64,0
2015,NEH2,Jul,52635.993870967744,415.51935483870966,30.37741935483871,15.616451612903226,1783.2235483870968,39.099999999999994,0
2015,NEH2,Aug,48922.87387096774,390.74870967741936,28.420322580645163,13.907741935483871,1620.2467741935484,87.04,0
2015,NEH2,Sep,44038.41333333333,344.64466666666664,28.013,12.413666666666666,1444.3633333333332,35.9,0
2015,NEH2,Oct,39007.91322580645,291.02096774193546,19.86064516129032,4.514516129032258,870.2306451612903,50.699999999999996,0
2015,NEH2,Nov,34784.293666666665,197.67466666666667,10.337,-2.9496666666666664,511.18466666666666,33.06,0.63
2015,NEH2,Dec,32736.572258064516,192.56612903225806,4.861290322580645,-6.816774193548387,384.5,9.16,6.6499999999999995
2015,NEH3,Jan,33853.26870967742,235.86290322580646,5.026451612903226,-9.814193548387097,320.2251612903226,8.83,294.59
2015,NEH3,Feb,37444.760357142855,277.4478571428571,5.614285714285715,-8.783928571428572,301.9189285714286,12.11,69.59
2015,NEH3,Mar,42191.04096774194,421.9658064516129,16.41,-3.379032258064516,193.64612903225807,2.7,22.72
2015,NEH3,Apr,47252.706333333335,375.14633333333336,17.344333333333335,1.4066666666666667,462.3193333333333,88.57000000000001,0
2015,NEH3,May,51532.52483870968,355.0158064516129,18.051935483870967,6.251290322580645,923.918064516129,181.21,0
2015,NEH3,Jun,53698.204666666665,426.10533333333336,28.106666666666666,13.910333333333334,1596.909,92.8,0
2015,NEH3,Jul,52675.78419354839,410.61,30.962903225806453,15.304193548387097,1746.2348387096774,66.42,0
2015,NEH3,Aug,48946.42548387097,399.37,29.866774193548387,13.546774193548387,1567.6025806451612,47.38,0
2015,NEH3,Sep,44041.81533333333,354.633,28.52166666666667,11.337,1297.991,40.79,0
2015,NEH3,Oct,38990.7735483871,280.6103225806452,19.77258064516129,4.26258064516129,854.4432258064516,37.66,0
2015,NEH3,Nov,34749.08833333333,195.13566666666665,9.707666666666666,-4.167,463.4986666666667,51.1,8.41
2015,NEH3,Dec,32692.058064516128,205.2583870967742,3.572258064516129,-8.091290322580646,354.1551612903226,13.580000000000002,201.26
2015,NEH4,Jan,33853.26870967742,220.56967741935483,3.720967741935484,-9.56741935483871,330.87193548387097,24.28,102.71
2015,NEH4,Feb,37444.760357142855,284.57714285714286,-0.48392857142857143,-12.587142857142858,260.8507142857143,13.12,755.27
2015,NEH4,Mar,42191.04096774194,398.84548387096777,14.790645161290323,-2.8738709677419356,431.80064516129033,17.97,329.21999999999997
2015,NEH4,Apr,47252.706333333335,351.60433333333333,18.131,5.1146666666666665,805.592,97.83,0
2015,NEH4,May,51532.52483870968,346.8625806451613,20.990322580645163,10.206774193548387,1270.4341935483872,195.84,0
2015,NEH4,Jun,53698.204666666665,374.881,27.895,16.298333333333332,1864.1726666666666,148.92,0
2015,NEH4,Jul,52675.78419354839,385.38,29.660645161290322,18.105806451612903,2109.1687096774194,79.92999999999999,0
2015,NEH4,Aug,48946.42548387097,356.89709677419353,27.696451612903225,16.26483870967742,1880.5377419354838,189.46,0
2015,NEH4,Sep,44041.81533333333,324.85066666666665,27.052333333333333,15.212666666666667,1789.949,115.28,0
2015,NEH4,Oct,38990.7735483871,288.1890322580645,20.044838709677418,6.744193548387097,1014.56,14.04,0
2015,NEH4,Nov,34749.08833333333,187.60833333333332,12.379666666666667,1.0636666666666668,694.695,65.95,0
2015,NEH4,Dec,32692.058064516128,157.29903225806453,4.834193548387097,-3.9196774193548385,477.83290322580643,126.42999999999999,12.45
2015,NYH2,Jan,33307.96709677419,191.72064516129032,-2.741935483870968,-13.135806451612902,241.26806451612904,31.98,375.03000000000003
2015,NYH2,Feb,37117.60178571429,270.75142857142856,-6.6625,-17.2825,168.3557142857143,80,2398.24
2015,NYH2,Mar,42134.51096774194,368.1116129032258,1.845483870967742,-8.652258064516129,340.42709677419356,43.7,3855.77
2015,NYH2,Apr,47481.362,425.16166666666663,12.833666666666666,1.0103333333333333,656.012,70.35,2408.91
2015,NYH2,May,52014.56612903226,404.4877419354839,23.28258064516129,10.107096774193549,1260.893870967742,147.59,98.43
2015,NYH2,Jun,54317.33433333333,344.353,23.131666666666668,12.446,1468.638,200.99,0
2015,NYH2,Jul,53229.24935483871,391.10387096774195,25.87258064516129,14.70225806451613,1695.4454838709678,85.94,0
2015,NYH2,Aug,49273.224516129034,367.24806451612903,25.427419354838708,14.427741935483871,1667.7690322580645,48.56,0
2015,NYH2,Sep,44088.96366666667,322.47433333333333,24.626333333333335,13.032333333333334,1542.578,144.26999999999998,0
2015,NYH2,Oct,38753.1,242.53032258064516,14.22258064516129,4.348387096774194,861.9896774193548,73.3,0
2015,NYH2,Nov,34259.789333333334,180.38966666666667,11.657,1.7183333333333333,729.4733333333334,32.69,0.81
2015,NYH2,Dec,32072.295483870967,137.98806451612904,8.69516129032258,0.7058064516129032,660.0412903225806,90.81,0.19
2015,NYH3,Jan,33307.96709677419,194.00064516129032,-2.708064516129032,-13.08290322580645,242.3216129032258,31.4,367.33
2015,NYH3,Feb,37117.60178571429,270.3617857142857,-6.595,-17.231785714285714,169.145,75.26,2289.32
2015,NYH3,Mar,42134.51096774194,365.79645161290324,1.896774193548387,-8.576451612903226,342.2509677419355,42.25,3621.82
2015,NYH3,Apr,47481.362,422.50333333333333,12.888333333333334,1.0546666666666666,655.6943333333334,70.98,2146.57
2015,NYH3,May,52014.56612903226,396.7283870967742,23.328387096774193,10.19032258064516,1267.1087096774195,144.3,54.26
2015,NYH3,Jun,54317.33433333333,344.387,23.196,12.539333333333333,1477.102,200.37,0
2015,NYH3,Jul,53229.24935483871,390.2845161290323,25.921612903225807,14.804516129032258,1706.7651612903226,87.81,0
2015,NYH3,Aug,49273.224516129034,367.06032258064516,25.489677419354837,14.519032258064517,1677.7051612903226,48.24,0
2015,NYH3,Sep,44088.96366666667,322.184,24.69,13.093,1548.191,143.93,0
2015,NYH3,Oct,38753.1,242.92774193548388,14.272258064516128,4.382258064516129,863.7064516129033,74,0
2015,NYH3,Nov,34259.789333333334,180.845,11.732333333333333,1.7393333333333334,730.4046666666667,32.03,0.87
2015,NYH3,Dec,32072.295483870967,138.12967741935483,8.769032258064517,0.7577419354838709,662.2867741935484,89.21000000000001,0.17
2015,OHH1,Jan,34294.94935483871,221.84451612903226,0.1751612903225806,-9.231935483870968,330.5516129032258,122.58,1314.56
2015,OHH1,Feb,37710.790357142854,318.34464285714284,-3.1589285714285715,-13.849285714285715,232.3982142857143,46.25,2003.26
2015,OHH1,Mar,42237.10451612903,392.3225806451613,8.025806451612903,-3.405806451612903,505.15516129032255,131.62,3205.09
2015,OHH1,Apr,47066.57133333333,410.23533333333336,16.954,4.773,891.5866666666667,145.15,700.83
2015,OHH1,May,51141.57870967742,395.5796774193548,24.935483870967744,12.169354838709678,1469.5345161290322,74.59,0
2015,OHH1,Jun,53197.566666666666,324.3946666666667,25.919666666666668,16.167666666666666,1871.564,308.99,0
2015,OHH1,Jul,52227.56935483871,391.4145161290323,27.090967741935483,16.614193548387096,1904.6409677419356,171.88,0
2015,OHH1,Aug,48680.70419354839,388.5009677419355,26.39516129032258,14.773548387096774,1695.9906451612903,63.120000000000005,0
2015,OHH1,Sep,44003.393000000004,356.051,26.324333333333332,13.205,1556.6713333333332,52.279999999999994,0
2015,OHH1,Oct,39184.22903225807,281.40612903225804,18.746129032258064,5.869032258064516,958.4074193548387,85.39,0
2015,OHH1,Nov,35145.871666666666,200.63566666666665,13.340333333333334,2.126,749.301,85.03,0
2015,OHH1,Dec,33193.19935483871,157.83548387096775,10.064193548387097,1.4951612903225806,716.2522580645161,145.35999999999999,8.469999999999999
2015,ONH1,Jan,33012.702580645164,200.68967741935484,-4.53,-13.68774193548387,227.5716129032258,49.769999999999996,1371.96
2015,ONH1,Feb,36941.0775,295.2232142857143,-9.245357142857143,-19.53035714285714,143.94642857142858,44.31,2352.71
2015,ONH1,Mar,42104.0664516129,375.031935483871,1.3603225806451613,-8.558387096774194,346.3035483870968,17,3047.6
2015,ONH1,Apr,47604.61633333333,446.98199999999997,11.801333333333334,0.16733333333333333,561.2016666666667,77.9,1733.23
2015,ONH1,May,52275.26935483871,433.12129032258065,22.013870967741937,8.30258064516129,897.0774193548386,58.230000000000004,25.59
2015,ONH1,Jun,54653.081333333335,354.279,22.285666666666668,11.432666666666666,1347.5013333333334,137.71,0
2015,ONH1,Jul,53528.97935483871,430.02193548387095,25.83,13.000322580645161,1516.268064516129,54.32,0
2015,ONH1,Aug,49449.563870967744,348.4809677419355,24.20225806451613,13.191612903225806,1540.8725806451612,77.99,0
2015,ONH1,Sep,44114.35533333333,325.84766666666667,23.987666666666666,11.820333333333334,1430.3973333333333,48.16,0
2015,ONH1,Oct,38624.97129032258,232.6283870967742,13.69741935483871,3.85,832.5067741935484,105.63,0
2015,ONH1,Nov,33995.12933333333,178.42666666666668,10.194666666666667,0.601,666.126,52.73,15.33
2015,ONH1,Dec,31736.199677419354,129.93387096774194,6.302258064516129,-0.36709677419354836,606.166129032258,72.32,71.86
2015,ONH2,Jan,33411.278387096776,199.61741935483872,-2.764838709677419,-10.674193548387096,291.9193548387097,46.1,324.92
2015,ONH2,Feb,37179.4725,305.79857142857145,-6.546428571428572,-17.255714285714287,177.09357142857144,45.61,1307.12
2015,ONH2,Mar,42145.191612903225,342.58032258064515,3.045483870967742,-5.550322580645161,427.98967741935485,30.759999999999998,1619.13
2015,ONH2,Apr,47438.14133333333,402.99666666666667,12.123,2.2006666666666668,682.9010000000001,62.59,227.72
2015,ONH2,May,51923.2929032258,399.2829032258065,20.62,10.018387096774193,1095.1816129032259,94.49000000000001,0
2015,ONH2,Jun,54199.943333333336,351.62466666666666,22.763333333333332,13.795333333333334,1585.9573333333333,132.35,0
2015,ONH2,Jul,53124.38161290323,404.47322580645164,25.82709677419355,15.566129032258065,1788.0945161290322,53.95,0
2015,ONH2,Aug,49211.42032258064,338.6293548387097,24.97225806451613,15.804516129032258,1817.054193548387,80.67,0
2015,ONH2,Sep,44080.05733333333,323.702,24.48,14.870666666666667,1735.4886666666666,41.43,0
2015,ONH2,Oct,38798.02612903226,253.15032258064517,15.941290322580645,7.121612903225807,1038.5909677419354,79.81,0
2015,ONH2,Nov,34352.44033333333,179.742,11.629999999999999,3.619,828.9373333333333,44,0
2015,ONH2,Dec,32189.80741935484,137.8293548387097,8.148064516129033,1.8851612903225807,716.5790322580646,69.92,0
2015,SDH1,Jan,32752.259677419355,207.48032258064515,5.126451612903226,-9.350967741935484,301.22548387096776,5.44,459.29
2015,SDH1,Feb,36785.75,281.07928571428573,5.542142857142857,-10.343571428571428,217.4635714285714,8.24,90.15
2015,SDH1,Mar,42077.31032258065,382.0141935483871,15.137741935483872,-3.2074193548387098,197.83451612903227,0,61.09
2015,SDH1,Apr,47712.99866666667,389.40766666666667,15.687000000000001,-0.16133333333333333,231.642,16.23,0
2015,SDH1,May,52505.04258064516,358.7225806451613,16.638709677419357,5.40258064516129,642.0061290322581,103.53,0
2015,SDH1,Jun,54949.551,399.228,25.582666666666668,13.462333333333333,1438.705,102.12,0
2015,SDH1,Jul,53793.393548387096,430.3390322580645,29.230967741935483,14.658387096774193,1639.0909677419354,37.74,0
2015,SDH1,Aug,49604.73774193548,385.1603225806452,28.975161290322582,13.563225806451612,1543.8490322580644,45.06,0
2015,SDH1,Sep,44136.668333333335,350.552,26.961,10.379333333333333,1140.4826666666668,26.5,0
2015,SDH1,Oct,38512.29483870968,252.70548387096773,17.94516129032258,3.9429032258064516,827.0154838709677,45.71,0
2015,SDH1,Nov,33761.850333333336,200.42000000000002,8.898333333333333,-5.018,450.85533333333336,8.99,15.55
2015,SDH1,Dec,31439.420967741935,173.85645161290321,2.5270967741935486,-9.273548387096774,334.9616129032258,16.86,258.16
2015,TXH1,Jan,36955.68096774194,258.01935483870966,14.232903225806451,2.2512903225806453,735.3532258064516,157.24,0
2015,TXH1,Feb,39330.294642857145,316.3017857142857,16.224285714285713,3.455714285714286,807.1139285714286,19.68,0
2015,TXH1,Mar,42519.14709677419,360.5141935483871,20.740967741935485,8.928387096774193,1206.3890322580646,139.19,0
2015,TXH1,Apr,45930.045,371.944,26.644666666666666,15.698666666666666,1816.3266666666666,152.71,0
2015,TXH1,May,48778.375483870965,341.64096774193547,28.77,18.941935483870967,2213.2787096774196,322.88,0
2015,TXH1,Jun,50194.97,391.86133333333333,32.84766666666667,22.155,2677.588,118.22,0
2015,TXH1,Jul,49528.746451612904,422.2835483870968,35.207741935483874,23.471612903225807,2893.237741935484,10.11,0
2015,TXH1,Aug,47063.36935483871,402.551935483871,36.88516129032258,22.67967741935484,2726.485806451613,27.25,0
2015,TXH1,Sep,43768.112,403.79566666666665,34.13133333333333,20.099666666666668,1788.8626666666667,23.35,0
2015,TXH1,Oct,40365.07419354839,349.81709677419354,30.148709677419355,14.737096774193548,1104.5112903225806,259.94,0
2015,TXH1,Nov,37543.54666666667,254.26966666666667,21.663333333333334,10.187666666666667,1292.8943333333334,159.8,0
2015,TXH1,Dec,36198.70580645162,267.6432258064516,20.447096774193547,6.885806451612903,1048.04,193.42,0
2015,WIH1,Jan,33182.52387096774,191.7532258064516,-3.4406451612903224,-12.099677419354839,275.50548387096774,37.91,330.25
2015,WIH1,Feb,37042.55,312.2182142857143,-6.773214285714285,-18.093214285714286,157.18035714285713,17.69,1099.1200000000001
2015,WIH1,Mar,42121.56193548387,383.42709677419356,6.958709677419355,-6.507741935483871,393.3296774193548,30.82,1133.9
2015,WIH1,Apr,47533.77566666667,386.20533333333333,15.549666666666667,1.8343333333333334,656.7923333333333,100.15,132.93
2015,WIH1,May,52125.35129032258,355.15806451612906,20.776451612903227,9.217096774193548,1181.0212903225806,127.84,0
2015,WIH1,Jun,54459.93233333333,373.2583333333333,24.637666666666668,12.964333333333334,1514.8493333333333,124.28,0
2015,WIH1,Jul,53356.58483870968,401.9158064516129,26.47935483870968,14.79,1704.0183870967742,106.88,0
2015,WIH1,Aug,49348.195806451615,355.5332258064516,25.46709677419355,14.522903225806452,1677.3045161290322,148.72,0
2015,WIH1,Sep,44099.764,334.23466666666667,24.908666666666665,13.037333333333333,1559.4226666666666,161.62,0
2015,WIH1,Oct,38698.61483870968,258.9574193548387,16.323548387096775,4.425806451612903,858.8932258064516,78.27,0
2015,WIH1,Nov,34147.323333333334,178.84466666666665,10.118666666666666,-0.376,643.1443333333333,149.55,32.01
2015,WIH1,Dec,31929.549677419353,124.93741935483871,4.430967741935484,-2.11,540.8716129032258,105.87,7.41
2015,WIH2,Jan,33076.73516129032,189.19774193548386,-3.654193548387097,-12.208709677419355,274.3312903225806,19.26,149.9
2015,WIH2,Feb,36979.32035714285,298.5625,-7.0925,-18.330357142857142,154.30892857142857,11.059999999999999,582.29
2015,WIH2,Mar,42110.65838709677,380.8067741935484,7.228064516129033,-6.314838709677419,341.1141935483871,11.8,364.71
2015,WIH2,Apr,47577.92166666667,377.649,15.395666666666667,1.1796666666666666,600.1183333333333,150.59,0
2015,WIH2,May,52218.75,345.5106451612903,20.988709677419354,8.669354838709678,1161.4122580645162,145,0
2015,WIH2,Jun,54580.239,387.021,24.846,12.556333333333333,1479.5586666666666,98.69,0
2015,WIH2,Jul,53463.97677419355,399.45612903225805,26.696129032258064,14.191612903225806,1646.7635483870968,101.14,0
2015,WIH2,Aug,49411.36064516129,352.1867741935484,25.633225806451613,14.130967741935484,1637.9048387096775,105.33,0
2015,WIH2,Sep,44108.85833333333,331.9363333333333,25.073666666666668,12.563333333333333,1514.7446666666667,142.36,0
2015,WIH2,Oct,38652.722903225804,255.6341935483871,16.282258064516128,4.082258064516129,839.2077419354839,58.35,0
2015,WIH2,Nov,34052.507,169.66033333333334,10.155333333333333,-0.20566666666666666,649.7886666666667,125.14,8.48
2015,WIH2,Dec,31809.11741935484,126.27870967741936,4.663870967741936,-2.1993548387096777,538.6009677419355,84.74,4.1
2016,ARH1,Jan,35840.439032258066,244.23258064516128,9.04483870967742,-0.7548387096774194,595.8809677419355,59.809999999999995,21.78
2016,ARH1,Feb,38709.166551724134,306.0048275862069,13.464137931034482,2.3572413793103446,759.1703448275862,96.77,0
2016,ARH1,Mar,42533.13290322581,356.1893548387097,19.37,7.946451612903226,1103.4093548387098,423.19,0
2016,ARH1,Apr,46534.831666666665,363.1933333333333,22.787,11.89,1425.394,189.3,0
2016,ARH1,May,49858.26096774193,401.93,25.999354838709678,15.05967741935484,1745.2393548387097,104.7,0
2016,ARH1,Jun,51465.71433333334,388.837,32.20633333333333,21.786333333333335,2624.4736666666668,49.69,0
2016,ARH1,Jul,50593.610322580644,361.0932258064516,33.03806451612903,23.26451612903226,2859.313870967742,92.91,0
2016,ARH1,Aug,47627.423870967745,337.71741935483874,31.885806451612904,22.999032258064517,2814.4912903225804,86.58,0
2016,ARH1,Sep,43734.20533333333,384.084,31.329666666666668,19.157666666666668,2251.983,29.62,0
2016,ARH1,Oct,39742.436451612906,323.6554838709677,27.24225806451613,13.329677419354839,1564.225806451613,39.68,0
2016,ARH1,Nov,36451.104,237.35066666666665,19.589666666666666,7.167,1057.7553333333333,101.88,0
2016,ARH1,Dec,34928.00666666667,193.42866666666666,11.241,1.2493333333333332,710.8076666666667,160.59,0
2016,ARH2,Jan,35529.71870967742,233.57290322580644,8.072903225806451,-2.3680645161290323,533.3067741935483,60.69,6.47
2016,ARH2,Feb,38522.48448275862,297.92241379310343,12.069655172413793,0.7758620689655172,684.1344827586207,58.900000000000006,0
2016,ARH2,Mar,42505.65193548387,345.4664516129032,18.109032258064516,6.268709677419355,996.428064516129,319.23,0
2016,ARH2,Apr,46672.90633333333,383.422,22.466666666666665,10.434333333333333,1295.3026666666667,136.68,0
2016,ARH2,May,50138.13,399.0577419354839,25.121935483870967,13.96774193548387,1631.1422580645162,227.59,0
2016,ARH2,Jun,51816.924333333336,383.17533333333336,31.68,21.113333333333333,2526.4776666666667,38.8,0
2016,ARH2,Jul,50905.83870967742,361.01709677419353,32.755806451612905,22.848064516129032,2790.3245161290324,78.8,0
2016,ARH2,Aug,47811.45903225806,332.4516129032258,31.33,22.220645161290324,2691.3287096774193,178.24,0
2016,ARH2,Sep,43756.215,380.42333333333335,30.728,17.886,2095.074,63.06,0
2016,ARH2,Oct,39599.21161290323,305.3983870967742,26.485806451612902,12.651290322580646,1499.157741935484,42.71,0
2016,ARH2,Nov,36167.28333333333,236.64033333333333,18.903666666666666,5.977333333333333,975.634,105.02000000000001,0
2016,ARH2,Dec,34576.513333333336,199.96566666666666,9.561666666666667,-0.6276666666666667,617.4283333333333,112.38,0
2016,DEH1,Jan,34681.64387096774,230.35516129032257,7.265161290322581,-2.9661290322580647,516.191935483871,87.25999999999999,222.11
2016,DEH1,Feb,38014.87655172414,274.49586206896555,9.197931034482759,-0.3972413793103448,629.451724137931,118.16,118.99
2016,DEH1,Mar,42431.080322580645,341.42225806451614,15.823225806451612,4.69258064516129,892.3748387096774,45.62,0
2016,DEH1,Apr,47047.988333333335,377.0996666666667,18.019333333333332,5.908666666666667,974.807,92.66,0
2016,DEH1,May,50901.16612903226,355.78387096774196,21.18709677419355,11.705483870967742,1409.2493548387097,160.73999999999998,0
2016,DEH1,Jun,52777.03866666667,388.497,27.729333333333333,17.12066666666667,1974.866,85.63,0
2016,DEH1,Jul,51758.080322580645,358.95193548387095,31.33290322580645,21.650967741935485,2606.762580645161,199.65,0
2016,DEH1,Aug,48311.86258064516,369.14193548387095,31.461935483870967,20.796129032258065,2490.35935483871,86.85,0
2016,DEH1,Sep,43815.937333333335,288.9596666666667,27.094,18.18,2120.759,352.71999999999997,0
2016,DEH1,Oct,39210.088387096774,299.44612903225806,21.663870967741936,11.01483870967742,1372.6541935483872,103.46,0
2016,DEH1,Nov,35393.38333333333,232.18833333333333,15.940666666666667,3.83,831.319,10.46,0
2016,DEH1,Dec,33615.613333333335,184.622,9.491333333333333,-0.3796666666666667,614.9386666666667,81.53,1.4100000000000001
2016,GAH1,Jan,36720.92451612903,258.10322580645163,14.01032258064516,2.2461290322580645,748.9945161290323,107.74,0
2016,GAH1,Feb,39240.02620689655,333.6479310344828,17.650689655172414,3.826206896551724,839.346551724138,198.89000000000001,0
2016,GAH1,Mar,42611.430645161294,348.2754838709677,23.268709677419356,10.16709677419355,1301.6870967741936,137.34,0
2016,GAH1,Apr,46141.846666666665,418.44933333333336,25.125,12.154333333333334,1455.0936666666666,126.6,0
2016,GAH1,May,49064.396129032255,422.3109677419355,29.13741935483871,15.918387096774193,1836.850322580645,75.77,0
2016,GAH1,Jun,50471.95533333333,383.628,32.772333333333336,20.912666666666667,2484.1683333333335,164.3,0
2016,GAH1,Jul,49708.89870967742,396.90548387096777,34.61354838709678,22.383225806451613,2708.5748387096774,59.39,0
2016,GAH1,Aug,47104.085483870964,359.24225806451614,33.29806451612903,22.29193548387097,2693.9829032258062,73.49,0
2016,GAH1,Sep,43671.49333333333,368.40133333333335,31.335,19.910333333333334,2336.7636666666667,149.95000000000002,0
2016,GAH1,Oct,40150.03935483871,361.06709677419354,28.13258064516129,13.188709677419356,1558.3990322580646,9.26,0
2016,GAH1,Nov,37256.081,305.684,23.612000000000002,7.147,1048.985,14.97,0
2016,GAH1,Dec,35922.556333333334,215.36633333333333,18.910666666666668,7.444333333333334,1068.414,234.3,0
2016,GAH2,Jan,36126.467741935485,250.6467741935484,11.484193548387097,-0.022580645161290314,633.1390322580645,107.06,0
2016,GAH2,Feb,38881.324137931035,319.5837931034483,15.076896551724138,2.4489655172413793,770.9979310344828,87.45,0
2016,GAH2,Mar,42558.50064516129,371.24709677419355,22.286129032258064,7.9,1113.8183870967741,75.81,0
2016,GAH2,Apr,46407.44066666667,420.65133333333335,24.303666666666665,9.941333333333333,1254.153,53.44,0
2016,GAH2,May,49600.49709677419,414.6438709677419,27.976451612903226,14.229032258064516,1553.5435483870967,36.77,0
2016,GAH2,Jun,51142.65933333333,406.3536666666667,33.508,19.857333333333333,2231.4943333333335,113.34,0
2016,GAH2,Jul,50306.20193548387,390.64677419354837,34.979354838709675,21.903548387096773,2519.6567741935482,47.86,0
2016,GAH2,Aug,47457.70516129032,348.4632258064516,33.336451612903225,21.926774193548386,2632.3645161290324,150.33,0
2016,GAH2,Sep,43713.88766666667,387.627,32.31766666666667,18.209,2104.521,16.22,0
2016,GAH2,Oct,39874.57322580645,353.13193548387096,28.09032258064516,11.388064516129033,1372.0996774193547,0.63,0
2016,GAH2,Nov,36712.48966666667,277.857,22.005,5.483666666666666,807.373,75.29,0
2016,GAH2,Dec,35251.31933333333,206.76266666666666,14.761666666666667,3.5146666666666664,815.213,94.16,0
2016,IAH1,Jan,33833.60709677419,206.40548387096774,-0.7480645161290322,-9.749677419354839,318.9054838709677,15.42,23.66
2016,IAH1,Feb,37510.363103448275,276.2503448275862,4.006896551724138,-5.491724137931034,411.64862068965516,20.03,47.379999999999995
2016,IAH1,Mar,42357.2035483871,320.51709677419353,11.889354838709677,0.6383870967741936,605.4041935483871,73.67,1.52
2016,IAH1,Apr,47420.223666666665,366.262,16.636,4.209333333333333,789.749,66.99,0
2016,IAH1,May,51662.82129032258,408.17548387096775,22.46741935483871,9.83483870967742,1217.9325806451614,106.38000000000001,0
2016,IAH1,Jun,53739.598666666665,404.95733333333334,30.142,16.403666666666666,1871.944,102.73,0
2016,IAH1,Jul,52610.359032258064,345.3390322580645,28.40774193548387,17.913870967741936,2067.514516129032,158.27,0
2016,IAH1,Aug,48809.20419354839,340.00451612903225,28.60483870967742,18.18774193548387,2105.4954838709677,243.45,0
2016,IAH1,Sep,43875.098666666665,351.28266666666667,26.837,14.643666666666666,1711.6173333333334,52.900000000000006,0
2016,IAH1,Oct,38823.85,256.9590322580645,20.38290322580645,8.269032258064517,1143.9670967741936,48.440000000000005,0
2016,IAH1,Nov,34620.73566666667,199.09133333333332,13.961333333333334,1.7973333333333334,737.128,30.5,0
2016,IAH1,Dec,32652.245666666666,167.97666666666666,0.08533333333333333,-7.668,387.7916666666667,29.6,91.75
2016,IAH2,Jan,33533.82129032258,204.34935483870967,-3.371935483870968,-11.851935483870967,276.41967741935485,16.14,677.3100000000001
2016,IAH2,Feb,37332.81413793103,270.14,1.7727586206896553,-7.010344827586207,387.1479310344828,29.89,499.58000000000004
2016,IAH2,Mar,42331.267096774194,351.21612903225804,11.95483870967742,-0.8041935483870968,525.9770967741936,45.24,13.03
2016,IAH2,Apr,47551.077666666664,354.60200000000003,16.073,3.3836666666666666,703.7766666666666,115.97,0
2016,IAH2,May,51931.71580645161,397.46774193548384,21.67774193548387,8.798709677419355,1160.1925806451613,118.65,0
2016,IAH2,Jun,54080.526,407.2246666666667,29.97833333333333,16.64,1931.741,70.8,0
2016,IAH2,Jul,52911.66193548387,352.8509677419355,28.069032258064517,17.080967741935485,1984.8777419354838,149.51,0
2016,IAH2,Aug,48984.22774193549,368.33096774193547,27.301612903225806,16.45935483870968,1889.5512903225806,116.47,0
2016,IAH2,Sep,43895.86866666667,328.6703333333333,25.13533333333333,13.040333333333333,1544.0233333333333,146.94,0
2016,IAH2,Oct,38688.055806451615,275.68774193548387,19.11258064516129,5.966451612903226,971.0493548387096,50.91,0
2016,IAH2,Nov,34347.920333333335,190.475,12.848666666666666,0.267,646.317,33.18,6.699999999999999
2016,IAH2,Dec,32311.028666666665,178.05266666666665,-0.6916666666666667,-10.364,315.4286666666667,31.32,211.91
2016,IAH3,Jan,33574.33,196.8041935483871,-2.8951612903225805,-11.283548387096774,285.7316129032258,16.990000000000002,11.219999999999999
2016,IAH3,Feb,37356.77931034483,265.53689655172417,2.013448275862069,-6.44448275862069,399.1696551724138,14.97,22.34
2016,IAH3,Mar,42334.76516129032,334.64870967741933,10.779032258064516,-0.9287096774193548,543.0374193548387,65.41,14.200000000000001
2016,IAH3,Apr,47533.420333333335,354.7833333333333,15.809,3.4010000000000002,745.5246666666667,71.41,0
2016,IAH3,May,51895.39451612903,414.91483870967744,21.919677419354837,8.506451612903225,1097.641612903226,79.38,0
2016,IAH3,Jun,54034.437333333335,387.2056666666667,29.057333333333332,15.599,1780.8776666666668,142.23000000000002,0
2016,IAH3,Jul,52870.95,352.4358064516129,27.79064516129032,17.218709677419355,1989.3987096774194,104.5,0
2016,IAH3,Aug,48960.60258064516,356.8509677419355,27.735806451612902,16.684838709677418,1915.354193548387,182.96,0
2016,IAH3,Sep,43893.068,322.4746666666667,25.440333333333335,13.524666666666667,1593.2803333333334,186.31,0
2016,IAH3,Oct,38706.38161290323,263.8948387096774,19.12451612903226,6.634193548387096,1023.8525806451613,44.18,0
2016,IAH3,Nov,34384.772666666664,192.85766666666666,12.927333333333333,0.6183333333333334,665.229,40.8,0
2016,IAH3,Dec,32357.156,163.08466666666666,-1.4696666666666667,-9.191333333333333,350.3333333333333,41.07,48.62
2016,IAH4,Jan,33554.0964516129,200.04193548387096,-2.77258064516129,-10.95483870967742,293.2616129032258,21.03,25.89
2016,IAH4,Feb,37344.807931034484,263.1003448275862,2.1141379310344828,-6.692413793103448,400.6468965517241,25.55,36.2
2016,IAH4,Mar,42333.01774193549,335.30290322580646,11.96516129032258,-0.13064516129032258,570.0596774193548,65.06,1.9
2016,IAH4,Apr,47542.240666666665,347.51433333333335,16.491333333333333,3.998666666666667,790.8316666666667,99.5,0
2016,IAH4,May,51913.53580645161,396.26193548387096,21.906129032258065,8.98741935483871,1170.754193548387,101.27,0
2016,IAH4,Jun,54057.457,403.0043333333333,29.753666666666668,16.432333333333332,1897.5536666666667,34.96,0
2016,IAH4,Jul,52891.285161290325,350.0741935483871,28.23741935483871,17.434516129032257,2022.4587096774194,175.12,0
2016,IAH4,Aug,48972.403225806454,351.78032258064513,27.79193548387097,17.158387096774195,1972.2632258064516,203.75,0
2016,IAH4,Sep,43894.46633333333,323.325,25.699333333333335,13.805,1620.6366666666668,230.36,0
2016,IAH4,Oct,38697.22741935484,271.05967741935484,19.613870967741935,6.8429032258064515,1031.8725806451614,20.9,0
2016,IAH4,Nov,34366.36466666667,196.058,13.669666666666666,0.789,668.96,37.2,0
2016,IAH4,Dec,32334.11633333333,173.132,-0.2673333333333333,-9.088666666666667,347.4406666666667,37.41,37.410000000000004
2016,ILH1,Jan,34219.54774193549,213.3351612903226,1.632258064516129,-7.596774193548387,376.1858064516129,25.5,51.42
2016,ILH1,Feb,37739.564827586204,274.3203448275862,5.221379310344828,-4.4079310344827585,463.5165517241379,34.47,33.21
2016,ILH1,Mar,42390.73483870968,344.9574193548387,14.106451612903225,2.804516129032258,746.0932258064516,86.38,0
2016,ILH1,Apr,47251.19033333333,392.54633333333334,17.600666666666665,4.825,872.52,88.98,0
2016,ILH1,May,51316.36967741935,385.8325806451613,22.530645161290323,10.369354838709677,1294.5583870967741,93.57000000000001,0
2016,ILH1,Jun,53301.20766666667,384.64866666666666,29.487666666666666,17.084666666666667,1978.5573333333334,156.18,0
2016,ILH1,Jul,52222.47774193549,350.9225806451613,28.59032258064516,18.669354838709676,2170.8967741935485,114.57000000000001,0
2016,ILH1,Aug,48583.26225806452,361.9670967741935,29.000967741935483,18.885161290322582,2196.443870967742,107.51,0
2016,ILH1,Sep,43848.246666666666,333.6836666666667,27.488666666666667,15.456666666666667,1782.6596666666667,147.8,0
2016,ILH1,Oct,38999.25258064516,280.08451612903224,21.75967741935484,9.269032258064517,1215.060322580645,50.63,0
2016,ILH1,Nov,34972.20766666667,196.33033333333333,13.775,2.852,786.5126666666666,81.8,0
2016,ILH1,Dec,33091.005666666664,174.24933333333334,1.6173333333333333,-5.537,436.54333333333335,35.28,42.73
2016,INH1,Jan,34086.18709677419,209.10870967741934,1.1283870967741936,-8.114193548387096,365.39709677419353,30.82,56.4
2016,INH1,Feb,37660.28655172414,259.9141379310345,4.269655172413793,-5.273793103448276,435.4106896551724,48.410000000000004,44.83
2016,INH1,Mar,42379.13032258065,334.7138709677419,13.02774193548387,2.1716129032258062,757.3174193548388,133.01,108.46000000000001
2016,INH1,Apr,47309.670666666665,378.91433333333333,16.24566666666667,3.9899999999999998,859.494,84.18,0
2016,INH1,May,51436.118709677416,397.3632258064516,21.870967741935484,9.906129032258065,1278.463870967742,53.65,0
2016,INH1,Jun,53452.62733333333,380.42766666666665,28.517333333333333,16.074333333333332,1856.462,142.03,0
2016,INH1,Jul,52356.506129032256,365.3116129032258,28.090645161290322,17.664516129032258,2045.0287096774193,107.43,0
2016,INH1,Aug,48661.41225806452,348.71612903225804,28.95774193548387,18.500645161290322,2151.0451612903225,138.14,0
2016,INH1,Sep,43857.54033333333,333.235,26.816333333333333,14.781333333333333,1709.5576666666666,85.17,0
2016,INH1,Oct,38938.57129032258,267.5783870967742,20.59032258064516,8.683225806451613,1175.3009677419354,37.3,0
2016,INH1,Nov,34850.72633333333,192.274,13.314666666666666,2.4006666666666665,762.4573333333334,71.99,0
2016,INH1,Dec,32939.458666666666,165.03433333333334,1.1006666666666667,-6.189666666666667,422.34,44.24,77.75
2016,KSH1,Jan,34517.763225806455,219.25967741935483,4.453548387096774,-6.759032258064516,370.53967741935486,17.29,3.98
2016,KSH1,Feb,37917.129655172415,302.3227586206897,11.815517241379311,-3.0717241379310343,421.74172413793104,12.59,0
2016,KSH1,Mar,42416.747741935484,364.8922580645161,18.038387096774194,1.8741935483870968,401.41806451612905,12.870000000000001,0
2016,KSH1,Apr,47120.151333333335,372.2103333333333,21.524333333333335,7.335333333333334,714.376,183.58,0
2016,KSH1,May,51048.463548387095,391.9925806451613,23.84161290322581,11.026451612903225,1334.7196774193549,150.85999999999999,0
2016,KSH1,Jun,52962.84733333333,409.5613333333333,33.133,19.544666666666668,2316.298,24.8,0
2016,KSH1,Jul,51922.77419354839,348.32032258064515,32.35709677419355,21.19258064516129,2547.0225806451613,166.92,0
2016,KSH1,Aug,48408.220322580644,349.9125806451613,30.504516129032258,19.566451612903226,2300.761612903226,196.29,0
2016,KSH1,Sep,43827.416333333334,345.26866666666666,28.421333333333333,15.886,1877.0466666666666,143.95,0
2016,KSH1,Oct,39135.216129032255,295.0635483870968,23.93967741935484,8.838387096774193,1169.6716129032259,61.11,0
2016,KSH1,Nov,35243.972,217.34933333333333,17.128333333333334,3.220666666666667,804.3706666666667,10.92,0
2016,KSH1,Dec,33429.649666666664,215.461,5.104666666666667,-7.665,365.3283333333333,21.77,29.56
2016,MIH1,Jan,33411.278387096776,197.2141935483871,-0.09935483870967743,-7.618387096774193,364.24,27.43,171.12
2016,MIH1,Feb,37260.364137931036,256.1893103448276,2.8158620689655174,-6.6962068965517245,397.65,47.370000000000005,22.22
2016,MIH1,Mar,42320.69225806452,339.3106451612903,10.394838709677419,-0.8774193548387097,614.7412903225807,92.62,158.95
2016,MIH1,Apr,47604.450666666664,370.911,13.129333333333333,0.986,678.547,81.42,4.04
2016,MIH1,May,52041.576129032255,416.1777419354839,20.875806451612902,7.895483870967742,1113.788064516129,62.65,0
2016,MIH1,Jun,54219.99333333333,410.36,26.943,13.081333333333333,1478.8053333333332,34.5,0
2016,MIH1,Jul,53034.83096774194,363.70290322580644,28.798387096774192,16.403225806451612,1836.9525806451613,95.75999999999999,0
2016,MIH1,Aug,49055.64677419355,356.2345161290323,28.71483870967742,16.753548387096775,1873.708064516129,197.34,0
2016,MIH1,Sep,43904.33666666667,309.082,24.466666666666665,12.766666666666666,1503.087,131.1,0
2016,MIH1,Oct,38632.6635483871,248.09451612903226,17.66741935483871,6.450967741935484,1010.1135483870968,92.38,0
2016,MIH1,Nov,34236.45,186.133,12.232333333333333,1.453,702.2733333333333,54.32,0
2016,MIH1,Dec,32171.441333333332,154.91266666666667,0.3693333333333333,-6.177,415.44266666666664,41.480000000000004,363.03000000000003
2016,MNH1,Jan,32796.1564516129,185.88258064516128,-5.077419354838709,-13.764193548387096,248.6167741935484,11.28,590.3199999999999
2016,MNH1,Feb,36897.839655172414,251.12103448275863,-0.5958620689655172,-8.977931034482758,347.5737931034483,18.1,416.88
2016,MNH1,Mar,42267.867741935486,299.5138709677419,8.898387096774194,-1.0764516129032258,544.3716129032258,63.2,3.74
2016,MNH1,Apr,47871.314333333336,351.432,14.469,3.078666666666667,700.2916666666666,53.45,0
2016,MNH1,May,52592.518387096774,396.54290322580647,21.405806451612904,8.570967741935483,1069.8712903225808,90.34,0
2016,MNH1,Jun,54921.035,382.48833333333334,27.245,15.171333333333333,1747.6396666666667,117.94,0
2016,MNH1,Jul,53653.117419354836,335.49387096774194,27.62258064516129,17.161290322580644,1990.1032258064515,218.13,0
2016,MNH1,Aug,49413.007741935486,347.731935483871,27.00258064516129,16.300967741935484,1876.891612903226,266.65,0
2016,MNH1,Sep,43946.634666666665,292.212,23.791333333333334,13.018,1532.9426666666666,329.94,0
2016,MNH1,Oct,38355.68548387097,244.1690322580645,16.726451612903226,5.058064516129033,903.7545161290323,79.61,0
2016,MNH1,Nov,33677.386333333336,169.28166666666667,11.296,0.6543333333333333,658.8566666666667,41.12,0.22
2016,MNH1,Dec,31469.790333333334,149.72933333333333,-3.7003333333333335,-11.929,296.99333333333334,43,360.02
2016,MOH1,Jan,34609.142258064516,232.58903225806452,4.088064516129032,-6.191612903225806,412.3358064516129,27.33,133.75
2016,MOH1,Feb,37971.61827586207,287.35275862068966,8.757586206896551,-2.1748275862068964,501.0889655172414,14.28,21.27
2016,MOH1,Mar,42424.73677419355,342.55806451612904,16.090967741935483,4.419032258064516,755.2764516129032,48.87,0.99
2016,MOH1,Apr,47079.92766666667,399.66166666666663,20.195,7.864333333333334,879.5223333333333,61.18,0
2016,MOH1,May,50966.337096774194,399.8090322580645,23.07516129032258,11.324516129032258,1258.2670967741935,83.44,0
2016,MOH1,Jun,52859.23066666666,412.73633333333333,31.215333333333334,19.197333333333333,2079.908,28.93,0
2016,MOH1,Jul,51830.94225806452,353.04806451612905,30.406451612903226,20.425806451612903,2412.501612903226,277.13,0
2016,MOH1,Aug,48354.50580645161,348.8358064516129,29.398387096774194,19.811612903225807,2328.4351612903224,110.61999999999999,0
2016,MOH1,Sep,43821.017,351.158,27.711,16.334666666666667,1895.626,168.5,0
2016,MOH1,Oct,39176.951290322584,279.74064516129033,22.545806451612904,10.934516129032259,1355.581935483871,45.07,0
2016,MOH1,Nov,35327.27766666667,222.04433333333333,15.929333333333332,4.172666666666666,867.8376666666667,41.63,0
2016,MOH1,Dec,33533.352666666666,195.848,4.3,-5.441,437.4603333333333,28.11,15.12
2016,NCH1,Jan,35678.07,242.15935483870967,10.589032258064517,-0.1461290322580645,630.9693548387097,98.19,0
2016,NCH1,Feb,38611.56931034483,286.24,13.395172413793103,2.0048275862068965,753.2,212.13,0
2016,NCH1,Mar,42518.76193548387,356.9787096774194,21.530967741935484,7.984516129032258,1129.822258064516,73.34,0
2016,NCH1,Apr,46607.024666666664,397.847,22.593333333333334,8.723333333333333,1186.1516666666666,78.57,0
2016,NCH1,May,50004.528064516126,362.4767741935484,25.90451612903226,14.875806451612902,1722.4609677419355,150.31,0
2016,NCH1,Jun,51649.206333333335,390.12,31.003333333333334,19.501,2291.5263333333332,118.7,0
2016,NCH1,Jul,50756.767096774194,355.0264516129032,33.52967741935484,22.606774193548386,2748.0574193548387,168.22,0
2016,NCH1,Aug,47723.63741935484,353.93967741935484,32.66,22.101935483870967,2672.162258064516,150.35,0
2016,NCH1,Sep,43745.71466666667,304.7436666666667,29.450666666666667,19.877333333333333,2330.6696666666667,299.33,0
2016,NCH1,Oct,39667.55129032258,327.5383870967742,25.105806451612903,12.86225806451613,1540.1922580645162,254.03,0
2016,NCH1,Nov,36302.774333333335,257.151,19.120333333333335,4.758333333333334,904.1943333333334,26.59,0
2016,NCH1,Dec,34744.36666666667,197.176,13.657,2.5223333333333335,769.9653333333333,95.61,0
2016,NYH2,Jan,33307.96709677419,194.18290322580646,0.597741935483871,-7.798387096774193,359.2609677419355,31.83,840.53
2016,NYH2,Feb,37199.340689655175,255.79655172413794,2.3589655172413795,-7.311379310344828,397.54758620689654,100.12,1199.49
2016,NYH2,Mar,42311.790322580644,373.30645161290323,9.856129032258064,-2.2261290322580645,553.5516129032258,46.8,1734.19
2016,NYH2,Apr,47649.39566666666,382.82933333333335,11.106666666666667,-1.232,586.1493333333333,64.26,215.76
2016,NYH2,May,52134.17129032258,409.9590322580645,19.9941935483871,7.1412903225806454,1003.4903225806452,54.32,0
2016,NYH2,Jun,54337.621333333336,414.06966666666665,25.234,11.706666666666667,1250.1443333333334,28.669999999999998,0
2016,NYH2,Jul,53138.67161290323,389.6683870967742,28.61709677419355,15.564838709677419,1501.6183870967743,55.32,0
2016,NYH2,Aug,49115.80064516129,350.0016129032258,28.518064516129034,16.977096774193548,1856.691935483871,115.82,0
2016,NYH2,Sep,43911.46333333333,328.9506666666667,24.464333333333332,11.217,1373.5083333333334,75.59,0
2016,NYH2,Oct,38586.019677419354,204.61354838709678,15.665806451612903,6.349032258064516,1000.5370967741935,194.64000000000001,0
2016,NYH2,Nov,34142.49866666667,180.061,10.479000000000001,0.6353333333333334,653.5656666666666,89.45,0
2016,NYH2,Dec,32053.712,147.377,1.778,-5.184,442.69733333333335,68.78,532.83
2016,OHH1,Jan,34294.94935483871,228.09225806451613,1.9345161290322581,-8.378064516129033,348.69612903225806,34.09,1255.37
2016,OHH1,Feb,37784.42344827586,277.3686206896552,5.082068965517242,-5.011379310344828,449.1786206896552,89.18,871.76
2016,OHH1,Mar,42397.302903225805,329.5535483870968,13.794516129032258,2.8890322580645162,795.0996774193549,115.03,67.44
2016,OHH1,Apr,47218.092,387.11066666666665,16.597333333333335,3.2236666666666665,809.639,98.93,0
2016,OHH1,May,51248.64709677419,378.04193548387093,21.315806451612904,9.416129032258064,1229.708064516129,113.28999999999999,0
2016,OHH1,Jun,53215.62366666667,403.72433333333333,28.238,15.946666666666667,1838.555,73.89,0
2016,OHH1,Jul,52146.69741935484,356.54806451612905,29.03290322580645,18.12516129032258,2101.395483870968,124.41,0
2016,OHH1,Aug,48539.03967741936,348.0658064516129,29.348709677419354,18.706129032258065,2177.8132258064516,165.52,0
2016,OHH1,Sep,43842.986000000004,344.69733333333335,26.673666666666666,14.105666666666666,1638.079,145.5,0
2016,OHH1,Oct,39033.59612903226,277.5058064516129,20.40516129032258,8.361935483870967,1134.7470967741936,63.84,0
2016,OHH1,Nov,35040.90633333333,210.448,13.695666666666666,1.4633333333333334,713.608,29.8,0
2016,OHH1,Dec,33176.66166666667,169.47,2.6146666666666665,-5.086,446.41766666666666,123.94,686.82
2016,ONH1,Jan,33012.702580645164,184.75677419354838,-1.3158064516129033,-8.783225806451613,334.8296774193548,55.18,1078.65
2016,ONH1,Feb,37025.237586206895,265.94965517241377,0.7779310344827586,-7.8662068965517244,379.22620689655173,55.36,812.78
2016,ONH1,Mar,42286.41483870968,316.16387096774196,6.573548387096774,-2.684516129032258,538.4793548387097,134.93,457.28
2016,ONH1,Apr,47777.57233333334,408.38666666666666,9.415666666666667,-1.596,571.122,78.27,236.7
2016,ONH1,May,52398.6664516129,424.8890322580645,19.658387096774195,6.744516129032258,1040.801935483871,41.61,0
2016,ONH1,Jun,54674.05066666667,422.61066666666665,24.777,10.603666666666667,1273.7723333333333,43.32,0
2016,ONH1,Jul,53435.45064516129,373.5335483870968,27.56290322580645,14.750322580645161,1515.4825806451613,69.49,0
2016,ONH1,Aug,49287.42290322581,354.35,27.791612903225808,15.382903225806452,1697.0183870967742,152,0
2016,ONH1,Sep,43931.782666666666,319.92133333333334,23.299,11.080333333333334,1359.6953333333333,60.410000000000004,0
2016,ONH1,Oct,38452.9864516129,223.14354838709679,15.325483870967743,5.505806451612903,963.0090322580645,53.91,0
2016,ONH1,Nov,33874.10833333334,175.08833333333334,10.500333333333334,0.25566666666666665,639.6426666666666,74.05,7.63
2016,ONH1,Dec,31716.99,128.26,-0.25266666666666665,-5.865333333333333,418.373,89.37,623.47
2016,ONH2,Jan,33411.278387096776,182.77387096774194,0.743225806451613,-6.281612903225806,403.54806451612905,30.7,18.37
2016,ONH2,Feb,37260.364137931036,238.8393103448276,2.4782758620689656,-5.30551724137931,444.4858620689655,58.36,5.08
2016,ONH2,Mar,42320.69225806452,308.13709677419354,7.952903225806452,-0.377741935483871,625.1364516129032,108.99,17.15
2016,ONH2,Apr,47604.450666666664,374.82166666666666,10.544,1.2896666666666667,696.5793333333334,69.78,20.88
2016,ONH2,May,52041.576129032255,410.1125806451613,19.126129032258063,8.842903225806452,1181.6883870967742,37.81,0
2016,ONH2,Jun,54219.99333333333,420.24533333333335,25.444,13.379333333333333,1527.8153333333332,69.63,0
2016,ONH2,Jul,53034.83096774194,362.2493548387097,28.074193548387097,16.969677419354838,1928.8948387096773,97.74,0
2016,ONH2,Aug,49055.64677419355,331.70193548387095,28.023548387096774,18.22032258064516,2109.626451612903,81,0
2016,ONH2,Sep,43904.33666666667,306.7033333333333,24.419333333333334,14.657666666666668,1705.247,108.99,0
2016,ONH2,Oct,38632.6635483871,242.09354838709677,17.21516129032258,8.495806451612903,1169.8064516129032,52.019999999999996,0
2016,ONH2,Nov,34236.45,177.40633333333332,11.784,3.6853333333333333,823.264,37.03,0
2016,ONH2,Dec,32171.441333333332,139.864,1.619,-4.316333333333334,474.975,51.49,22.990000000000002
2016,TXH1,Jan,36955.68096774194,290.40612903225804,17.143548387096775,2.6764516129032256,759.6206451612903,33.97,0
2016,TXH1,Feb,39381.995517241376,335.2727586206897,21.60655172413793,5.955172413793103,988.1806896551724,49.01,0
2016,TXH1,Mar,42632.404516129034,380.0116129032258,24.636774193548387,10.615483870967742,1304.8158064516128,127.45,0
2016,TXH1,Apr,46036.667,381.49233333333336,26.706666666666667,13.429,1582.1416666666667,177.2,0
2016,TXH1,May,48852.55064516129,369.7141935483871,28.499032258064517,17.671935483870968,2057.1951612903226,385.12,0
2016,TXH1,Jun,50207.332,406.613,33.50366666666667,22.314,2706.2013333333334,61.15,0
2016,TXH1,Jul,49473.02451612903,398.75387096774193,36.24709677419355,24.142903225806453,3014.6838709677418,14.17,0
2016,TXH1,Aug,46964.12387096774,343.6512903225806,34.38548387096774,23.208709677419353,2850.2251612903224,255.25,0
2016,TXH1,Sep,43654.69266666667,376.4003333333333,33.32033333333333,21.301,2558.7723333333333,42.92,0
2016,TXH1,Oct,40259.12096774194,363.5167741935484,30.670967741935485,15.255806451612903,1787.6761290322581,38.45,0
2016,TXH1,Nov,37470.874,262.616,24.643666666666668,11.504666666666667,1420.0093333333334,84.79,0
2016,TXH1,Dec,36187.38766666667,224.07466666666667,17.85033333333333,7.101,1101.6286666666667,90.73,0
2016,WIH1,Jan,33182.52387096774,197.78032258064516,-3.2635483870967743,-11.692903225806452,278.258064516129,32.91,582.69
2016,WIH1,Feb,37125.317931034486,270.3796551724138,0.7493103448275862,-7.851379310344828,371.3741379310345,22.580000000000002,447.57
2016,WIH1,Mar,42300.9970967742,314.6083870967742,8.930645161290323,-1.5564516129032258,580.5493548387096,122.53,46.190000000000005
2016,WIH1,Apr,47703.901666666665,373.43033333333335,13.479333333333333,1.4593333333333334,698.796,68.16,0
2016,WIH1,May,52246.565161290324,397.53387096774196,21.23741935483871,7.794516129032258,1107.9935483870968,96.25,0
2016,WIH1,Jun,54480.508,382.26666666666665,26.497,14.179333333333334,1636.9213333333332,128.05,0
2016,WIH1,Jul,53264.756451612906,365.7790322580645,27.54483870967742,16.571935483870966,1908.445806451613,214.79999999999998,0
2016,WIH1,Aug,49188.76774193548,343.531935483871,27.214193548387097,16.749032258064517,1923.8551612903225,152.28,0
2016,WIH1,Sep,43920.10666666667,292.686,23.606333333333332,13.163,1539.0636666666667,147.73,0
2016,WIH1,Oct,38529.449677419354,247.9251612903226,17.259354838709676,6.516451612903226,1014.8490322580645,120.46,0
2016,WIH1,Nov,34028.450333333334,179.16,11.528333333333332,0.893,672.765,63.02,11.23
2016,WIH1,Dec,31910.701,148.38366666666667,-2.9676666666666667,-9.511,335.36733333333336,56.7,402.22
2016,WIH2,Jan,33076.73516129032,188.22516129032257,-3.391290322580645,-11.942903225806452,278.2261290322581,24.96,472.93
2016,WIH2,Feb,37062.95551724138,270.3651724137931,0.8213793103448276,-8.278620689655172,360.6851724137931,18.029999999999998,528.15
2016,WIH2,Mar,42291.90935483871,304.8461290322581,8.90967741935484,-1.681290322580645,565.918064516129,126.39,71.16
2016,WIH2,Apr,47749.810666666664,373.127,13.384333333333334,1.0646666666666667,670.2656666666667,45.26,0
2016,WIH2,May,52341.32322580645,390.218064516129,21.49516129032258,7.5529032258064515,1086.2003225806452,100.68,0
2016,WIH2,Jun,54601.05966666667,381.748,26.747666666666667,13.789333333333333,1598.8809999999999,115.6,0
2016,WIH2,Jul,53371.090000000004,359.3435483870968,27.840967741935483,16.309677419354838,1883.6648387096775,145.68,0
2016,WIH2,Aug,49250.242580645165,342.52612903225804,27.34709677419355,15.93,1830.6070967741935,163.77,0
2016,WIH2,Sep,43927.384,288.5246666666667,23.654,12.340333333333334,1459.029,194.5,0
2016,WIH2,Oct,38481.80096774194,243.7541935483871,17.25032258064516,6.1329032258064515,987.7612903225806,93.82000000000001,0
2016,WIH2,Nov,33932.29666666667,183.09,11.822333333333333,0.5866666666666667,659.0613333333333,45.8,3.9799999999999995
2016,WIH2,Dec,31790.044333333335,148.234,-2.4186666666666667,-9.572666666666667,339.2,45.160000000000004,347.58
2017,ARH1,Jan,35840.439032258066,226.83451612903227,12.762258064516129,3.354516129032258,846.0983870967742,117.43,0
2017,ARH1,Feb,38648.26107142857,304.2917857142857,17.697142857142858,5.635714285714286,956.8503571428571,57.6,0
2017,ARH1,Mar,42400.05774193548,333.7625806451613,19.54032258064516,7.792580645161291,1116.368064516129,97.35,0
2017,ARH1,Apr,46409.33066666667,377.196,24.725666666666665,13.147,1544.2226666666666,168.97,0
2017,ARH1,May,49770.44064516129,395.2006451612903,26.771612903225808,15.368709677419355,1788.821935483871,189.56,0
2017,ARH1,Jun,51451.014,371.46433333333334,30.00733333333333,20.130333333333333,2373.5223333333333,195.67,0
2017,ARH1,Jul,50659.71580645161,386.13290322580644,32.54548387096774,22.353870967741937,2711.367741935484,116.39,0
2017,ARH1,Aug,47744.437419354836,341.69870967741934,30.141612903225806,21.16548387096774,2522.747096774194,279.67,0
2017,ARH1,Sep,43867.46433333334,392.85833333333335,29.262999999999998,17.553333333333335,2037.7723333333333,28.78,0
2017,ARH1,Oct,39867.17,315.54870967741937,24.356774193548386,11.439032258064517,1450.5154838709677,57.7,0
2017,ARH1,Nov,36537.16533333333,255.25566666666668,18.188666666666666,6.192,1005.7506666666667,29.25,0
2017,ARH1,Dec,34941.46709677419,189.40322580645162,10.380967741935484,0.8587096774193549,689.3148387096775,230.39000000000001,0
2017,ARH2,Jan,35579.40903225807,221.80354838709678,11.569354838709678,2.2629032258064514,780.3877419354839,83.94,0
2017,ARH2,Feb,38489.25428571428,288.8357142857143,16.5075,4.526071428571429,892.4889285714286,58.8,0
2017,ARH2,Mar,42372.355161290325,328.078064516129,17.733548387096775,6.41741935483871,1016.7974193548387,174.87,0
2017,ARH2,Apr,46520.94066666667,382.6333333333333,24.174333333333333,12.175666666666666,1452.902,178.87,0
2017,ARH2,May,50002.342903225806,400.0935483870968,26.45774193548387,14.706129032258065,1716.1564516129033,135.92000000000002,0
2017,ARH2,Jun,51745.484,379.93033333333335,30.516333333333332,19.783333333333335,2328.758,93.42,0
2017,ARH2,Jul,50924.47548387097,375.2448387096774,32.46225806451613,22.371290322580645,2719.053225806452,118.99000000000001,0
2017,ARH2,Aug,47903.22774193549,358.96,29.76967741935484,20.028387096774193,2354.8264516129034,180.28,0
2017,ARH2,Sep,43890.57366666666,376.4386666666667,28.961,16.887666666666668,1957.32,48.21,0
2017,ARH2,Oct,39751.21193548387,310.2958064516129,23.881612903225808,10.703870967741935,1377.4303225806452,73.11,0
2017,ARH2,Nov,36301.884,242.609,17.007,4.929,920.34,37.88,0
2017,ARH2,Dec,34646.71290322581,187.53870967741935,9.406129032258065,-0.3387096774193548,637.0109677419355,158.62,0
2017,COH1,Jan,34028.47387096774,254.80225806451614,5.538064516129032,-8.325161290322582,296.6251612903226,23.599999999999998,514.52
2017,COH1,Feb,37550.18142857143,311.375,11.405357142857143,-4.160357142857143,261.39785714285716,7.5600000000000005,71.81
2017,COH1,Mar,42209.28548387097,380.7490322580645,16.836774193548386,-0.6364516129032258,287.2616129032258,35.98,0
2017,COH1,Apr,47178.96833333333,414.10366666666664,16.969666666666665,1.3673333333333333,381.721,49.76,0
2017,COH1,May,51377.49741935484,430.2945161290323,20.50483870967742,4.930645161290323,724.6964516129033,108.58,0
2017,COH1,Jun,53499.52533333333,474.7353333333333,28.102666666666668,11.069333333333333,1185.7543333333333,1.92,0
2017,COH1,Jul,52497.97774193549,439.4641935483871,31.982580645161292,14.62258064516129,1394.2183870967742,25.36,0
2017,COH1,Aug,48841.12516129032,414.09032258064514,28.04032258064516,12.361290322580645,1158.271935483871,71.64,0
2017,COH1,Sep,44026.599,350.53066666666666,24.479,9.040333333333333,955.6823333333333,53.82,0
2017,COH1,Oct,39067.41516129032,323.27612903225804,17.39483870967742,0.48225806451612907,649.6506451612903,33.18,0
2017,COH1,Nov,34906.43666666667,235.41633333333334,14.243333333333334,-1.817,544.19,12.41,0
2017,COH1,Dec,32890.93838709677,210.47838709677418,7.962903225806452,-7.837741935483871,360.00548387096774,6.109999999999999,27.48
2017,DEH1,Jan,34681.64387096774,204.1783870967742,8.610967741935484,0.525483870967742,678.9858064516129,87.64999999999999,66.32000000000001
2017,DEH1,Feb,37944.42428571429,300.0842857142857,13.185714285714285,1.5042857142857144,718.8560714285715,34.08,0
2017,DEH1,Mar,42277.62774193548,354.68387096774194,12.573548387096775,1.4529032258064516,729.0648387096775,122.57,468.93
2017,DEH1,Apr,46902.960333333336,377.52433333333335,21.337333333333333,10.192,1286.0533333333333,65.52,0
2017,DEH1,May,50798.95483870968,364.0367741935484,22.324193548387097,12.396774193548387,1477.161612903226,154.76,0
2017,DEH1,Jun,52759.836,405.83733333333333,28.66433333333333,17.704333333333334,2077.9653333333335,62.330000000000005,0
2017,DEH1,Jul,51835.21161290322,353.3429032258065,30.79225806451613,21.32548387096774,2558.245806451613,183.81,0
2017,DEH1,Aug,48447.35612903226,360.3438709677419,28.46483870967742,19.034193548387098,2223.2909677419357,179.56,0
2017,DEH1,Sep,43969.59333333333,341.622,26.311666666666667,16.578,1917.8133333333333,49.21,0
2017,DEH1,Oct,39354.256129032256,275.9267741935484,22.74225806451613,11.904193548387097,1481.7454838709677,99.45,0
2017,DEH1,Nov,35493.57633333333,229.108,14.773,3.7866666666666666,846.9463333333333,61.440000000000005,0
2017,DEH1,Dec,33631.367741935486,188.15129032258065,7.817096774193549,-1.8025806451612902,560.1674193548387,29.59,0.8699999999999999
2017,GAH1,Jan,36720.92451612903,264.65193548387094,19.166774193548388,6.352258064516129,1006.3561290322581,202.51,0
2017,GAH1,Feb,39186.38642857143,348.34535714285715,22.48392857142857,7.228928571428571,1046.7603571428572,37.64,0
2017,GAH1,Mar,42493.9864516129,382.08612903225804,22.624193548387098,8.147096774193548,1140.991935483871,39.95,0
2017,GAH1,Apr,46031.244333333336,422.0733333333333,27.804666666666666,13.038666666666666,1518.5353333333333,85.64,0
2017,GAH1,May,48987.36387096774,399.6248387096774,29.281290322580645,16.214193548387097,1808.641935483871,132.32999999999998,0
2017,GAH1,Jun,50459.106,341.25466666666665,30.168666666666667,20.675333333333334,2446.2556666666665,181.67,0
2017,GAH1,Jul,49766.79,369.1390322580645,32.84870967741936,22.36806451612903,2705.5009677419353,158.93,0
2017,GAH1,Aug,47207.06967741936,384.25129032258064,32.72354838709678,22.003548387096775,2652.3435483870967,89.02,0
2017,GAH1,Sep,43789.10433333334,383.9653333333333,30.263666666666666,18.525,2143.2793333333334,142.74,0
2017,GAH1,Oct,40259.951290322584,330.06870967741935,27.04032258064516,14.52,1773.415806451613,81.39999999999999,0
2017,GAH1,Nov,37331.556666666664,295.1,21.853,7.685666666666667,1081.1503333333333,11.9,0
2017,GAH1,Dec,35934.32064516129,224.82193548387096,16.351935483870967,5.571290322580645,955.0274193548387,82.78999999999999,0
2017,GAH2,Jan,36126.467741935485,252.06806451612903,16.67322580645161,4.44258064516129,893.4977419354839,145.02,0
2017,GAH2,Feb,38822.77785714286,326.52142857142854,20.08142857142857,4.674285714285714,880.4485714285714,54.55,0
2017,GAH2,Mar,42430.49,352.7758064516129,20.4941935483871,6.39258064516129,1030.552258064516,77.01,0
2017,GAH2,Apr,46286.774333333335,404.09433333333334,25.975666666666665,12.033,1445.5430000000001,158.31,0
2017,GAH2,May,49516.194193548385,389.42967741935485,27.776774193548388,14.97516129032258,1741.223870967742,134.92,0
2017,GAH2,Jun,51128.564666666665,369.0156666666667,29.839666666666666,18.932333333333332,2198.4076666666665,298.83,0
2017,GAH2,Jul,50369.62483870968,398.6225806451613,32.83838709677419,21.174193548387098,2520.0822580645163,80.52,0
2017,GAH2,Aug,47570.16032258065,354.1832258064516,30.814193548387095,20.566774193548387,2432.1770967741936,183.1,0
2017,GAH2,Sep,43842.07633333333,400.09,28.992666666666665,16.096333333333334,1841.8866666666668,100.95,0
2017,GAH2,Oct,39994.49677419355,325.6777419354839,24.92258064516129,11.367096774193548,1449.733870967742,151.23,0
2017,GAH2,Nov,36795.098666666665,267.3686666666667,19.404333333333334,5.803333333333334,965.319,42.14,0
2017,GAH2,Dec,35264.22483870968,205.3416129032258,13.29483870967742,3.135806451612903,802.8132258064516,90.65,0
2017,IAH1,Jan,33833.60709677419,198.3141935483871,1.2851612903225806,-7.015161290322581,392.34000000000003,37.28,261.38
2017,IAH1,Feb,37432.938571428575,291.2578571428571,9.881428571428572,-3.8907142857142856,441.76928571428573,17.91,6.66
2017,IAH1,Mar,42188.99612903226,279.91967741935485,9.37258064516129,-1.1816129032258065,574.1512903225806,71.06,28.43
2017,IAH1,Apr,47260.973333333335,364.782,17.709,5.385666666666666,892.758,128.52,0
2017,IAH1,May,51549.918387096775,410.85709677419356,21.796129032258065,9.311290322580644,1202.5022580645161,83.55,0
2017,IAH1,Jun,53720.509,393.915,29.269,15.212333333333333,1778.1526666666666,65.41,0
2017,IAH1,Jul,52695.73806451613,378.89193548387095,30.763870967741934,17.541290322580643,2025.976129032258,119.81,0
2017,IAH1,Aug,48958.2335483871,380.3567741935484,26.96516129032258,14.129354838709677,1628.466129032258,51.37,0
2017,IAH1,Sep,44043.521,362.338,27.236666666666668,11.974333333333334,1447.6646666666666,91.4,0
2017,IAH1,Oct,38982.180645161294,228.86967741935484,18.221612903225807,7.349032258064516,1090.244193548387,119.36,0
2017,IAH1,Nov,34731.435666666664,223.953,9.126333333333333,-2.751,512.5756666666666,28.7,35.07
2017,IAH1,Dec,32669.730967741936,153.46354838709678,1.3883870967741936,-8.378709677419355,359.2958064516129,18.68,60.769999999999996
2017,IAH2,Jan,33533.82129032258,186.2483870967742,-1.1141935483870968,-8.630322580645162,351.61129032258066,31.84,490.65000000000003
2017,IAH2,Feb,37252.92821428571,286.44678571428574,6.820714285714286,-5.444285714285714,372.2675,34.04,86.27
2017,IAH2,Mar,42157.87870967742,284.33516129032256,8.081935483870968,-2.811290322580645,520.2758064516129,80.24,46.86
2017,IAH2,Apr,47386.814666666665,360.9026666666667,15.659666666666666,4.035,819.215,101.86,0
2017,IAH2,May,51814.99806451613,397.1596774193548,21.635161290322582,8.239032258064515,1122.2170967741936,118.87,0
2017,IAH2,Jun,54060.756,406.00233333333335,28.996,14.874333333333333,1735.2856666666667,45.57,0
2017,IAH2,Jul,52999.99741935484,377.6067741935484,30.401935483870968,17.76967741935484,2060.2683870967744,89.46000000000001,0
2017,IAH2,Aug,49138.04451612903,360.61967741935484,25.99451612903226,13.923225806451613,1605.9225806451614,128.9,0
2017,IAH2,Sep,44069.475333333336,337.2973333333333,26.062666666666665,12.518333333333334,1487.9046666666666,73.71,0
2017,IAH2,Oct,38851.379677419354,239.00612903225806,16.878709677419355,5.6329032258064515,961.9706451612903,141.43,0
2017,IAH2,Nov,34462.371333333336,219.51266666666666,8.584666666666667,-3.9836666666666667,473.3586666666667,5.22,6.22
2017,IAH2,Dec,32329.137741935483,149.99193548387098,0.5258064516129032,-9.916129032258064,320.1777419354839,12.2,43.39
2017,IAH3,Jan,33574.33,182.89483870967743,-0.6935483870967741,-7.93,371.1258064516129,52.12,428.76
2017,IAH3,Feb,37277.22607142857,299.4775,7.781071428571429,-5.406071428571429,397.24607142857144,19.99,45.24
2017,IAH3,Mar,42162.07548387097,283.85967741935485,7.5529032258064515,-3.023548387096774,516.674193548387,57.07,54.08
2017,IAH3,Apr,47369.83433333333,365.1326666666667,16.485666666666667,4.325333333333333,838.548,139.68,0
2017,IAH3,May,51779.193225806455,400.4935483870968,20.96677419354839,8.039032258064516,1105.9151612903227,92.72,0
2017,IAH3,Jun,54014.759666666665,401.12166666666667,28.447,14.361666666666666,1686.4683333333335,67.48,0
2017,IAH3,Jul,52958.88483870968,382.99870967741936,29.333548387096773,16.666129032258066,1916.7025806451613,67.45,0
2017,IAH3,Aug,49113.77225806451,376.53709677419357,25.61709677419355,13.028387096774194,1509.7154838709678,67.21,0
2017,IAH3,Sep,44065.975333333336,363.60633333333334,26.483,11.309333333333333,1387.4256666666668,22.22,0
2017,IAH3,Oct,38869.03129032258,230.69645161290322,17.171935483870968,5.977741935483871,986.7445161290323,128.23,0
2017,IAH3,Nov,34498.71566666666,220.58233333333334,8.03,-3.937333333333333,470.593,17.33,37.76
2017,IAH3,Dec,32375.180322580643,155.02483870967743,0.021612903225806435,-10.19,312.07451612903225,9.59,33.96
2017,IAH4,Jan,33574.33,189.72870967741935,-0.6564516129032257,-7.799032258064516,373.7609677419355,53.239999999999995,363.69
2017,IAH4,Feb,37277.22607142857,290.89964285714285,7.796785714285714,-4.676785714285714,436.1925,45.74,7.51
2017,IAH4,Mar,42162.07548387097,289.19612903225806,8.026451612903227,-2.2661290322580645,556.2951612903225,83.77,47.660000000000004
2017,IAH4,Apr,47369.83433333333,375.27433333333335,16.360666666666667,5.006333333333333,884.6393333333333,99.24,0
2017,IAH4,May,51779.193225806455,399.7367741935484,21.87258064516129,8.748387096774193,1162.5,134.59,0
2017,IAH4,Jun,54014.759666666665,391.086,29.010333333333335,15.034333333333333,1756.5253333333333,79.13,0
2017,IAH4,Jul,52958.88483870968,386.9974193548387,30.38,17.973225806451612,2082.7370967741936,58.75,0
2017,IAH4,Aug,49113.77225806451,360.07612903225805,26.414516129032258,14.030967741935484,1616.3212903225806,98.16,0
2017,IAH4,Sep,44065.975333333336,353.464,26.858666666666664,12.696,1510.9656666666667,54.05,0
2017,IAH4,Oct,38869.03129032258,236.12064516129033,17.35967741935484,6.163870967741936,994.0490322580645,161.74,0
2017,IAH4,Nov,34498.71566666666,220.48833333333334,8.714,-3.372,489.39733333333334,9.01,0
2017,IAH4,Dec,32375.180322580643,159.58322580645162,0.9322580645161291,-9.72,324.0896774193548,9.2,37.25
2017,MIH1,Jan,33307.96709677419,164.28870967741935,1.2048387096774194,-5.142258064516129,448.16322580645163,97.36,776.73
2017,MIH1,Feb,37117.60178571429,290.71535714285716,6.557142857142857,-3.7503571428571427,492.4864285714286,69.48,300.51
2017,MIH1,Mar,42134.51096774194,305.7458064516129,6.018064516129033,-3.6793548387096773,499.79387096774195,80.24,61.42
2017,MIH1,Apr,47481.362,367.1603333333333,16.886,5.008666666666667,899.3426666666667,132.78,0
2017,MIH1,May,52014.56612903226,396.7525806451613,19.828709677419354,7.539354838709677,1083.0970967741935,66.11,0
2017,MIH1,Jun,54317.33433333333,394.779,27.044,14.177333333333333,1666.8916666666667,65.68,0
2017,MIH1,Jul,53229.24935483871,400.64612903225805,27.99290322580645,15.845483870967742,1806.4183870967743,73.82000000000001,0
2017,MIH1,Aug,49273.224516129034,353.45,25.683870967741935,13.404516129032258,1548.5251612903226,63.55,0
2017,MIH1,Sep,44088.96366666667,357.6263333333333,25.429,10.827333333333334,1353.067,28.66,0
2017,MIH1,Oct,38753.1,213.20612903225808,18.02709677419355,7.182258064516129,1054.895806451613,222.18,0
2017,MIH1,Nov,34259.789333333334,183.25933333333333,7.5103333333333335,-1.339,565.5766666666667,92.94,0
2017,MIH1,Dec,32072.295483870967,158.1916129032258,-0.7916129032258065,-8.523870967741935,359.00387096774193,32.52,371.49
2017,MOH1,Jan,34609.142258064516,205.2306451612903,5.955483870967742,-3.297741935483871,511.7083870967742,33.06,19.39
2017,MOH1,Feb,37900.56964285714,316.3042857142857,13.759642857142858,0.44428571428571423,460.76392857142855,6.06,0
2017,MOH1,Mar,42270.017096774194,296.5816129032258,14.117096774193548,3.1170967741935485,646.4254838709677,63.47,0
2017,MOH1,Apr,46933.681333333334,377.6406666666667,20.895666666666667,9.009333333333334,1088.5906666666667,259.18,0
2017,MOH1,May,50863.217419354834,403.4558064516129,23.822580645161292,11.925806451612903,1433.139677419355,144.53,0
2017,MOH1,Jun,52841.86866666667,401.71066666666667,29.169,17.126666666666665,1981.805,96.17,0
2017,MOH1,Jul,51908.77225806451,383.18806451612903,31.54967741935484,20.391935483870967,2415.0406451612903,68.87,0
2017,MOH1,Aug,48491.15612903226,394.8716129032258,28.01290322580645,16.735806451612902,1921.9422580645162,68.28999999999999,0
2017,MOH1,Sep,43975.941,370.59366666666665,28.441333333333333,14.772333333333334,1722.7359999999999,35.53,0
2017,MOH1,Oct,39322.33225806452,254.3651612903226,20.476774193548387,9.475806451612904,1284.6399999999999,113.03,0
2017,MOH1,Nov,35428.363,236.53833333333333,13.883000000000001,1.964,731.04,13.07,0
2017,MOH1,Dec,33549.25322580645,186.57064516129032,5.5932258064516125,-4.596129032258064,479.36967741935484,6.59,19.6
2017,NCH1,Jan,35694.423548387094,239.90032258064517,15.146774193548387,3.3896774193548387,835.343870967742,84.58,0
2017,NCH1,Feb,38559.28357142857,327.3667857142857,19.91464285714286,4.188928571428572,856.7446428571428,26.46,0
2017,NCH1,Mar,42384.552903225805,350.09580645161293,18.348387096774193,3.9203225806451614,865.5509677419354,85.49,0
2017,NCH1,Apr,46471.791,366.9746666666667,25.863,13.198,1530.6263333333334,180.68,0
2017,NCH1,May,49900.17741935484,389.6941935483871,27.470645161290324,15.98741935483871,1863.4412903225807,100,0
2017,NCH1,Jun,51615.71166666667,390.628,30.211333333333332,19.337,2276.104333333333,110.98,0
2017,NCH1,Jul,50807.81677419355,374.25032258064516,32.44870967741935,22.14548387096774,2684.4709677419355,65.76,0
2017,NCH1,Aug,47833.29419354839,342.2893548387097,30.606129032258064,21.025806451612905,2514.043870967742,94.84,0
2017,NCH1,Sep,43880.399,352.7103333333333,28.290666666666667,17.942333333333334,2076.318333333333,140.46,0
2017,NCH1,Oct,39802.27612903226,314.2303225806452,25.266774193548386,12.560645161290322,1559.5809677419354,73.72,0
2017,NCH1,Nov,36405.539,261.445,18.331666666666667,4.519333333333333,888.97,35.7,0
2017,NCH1,Dec,34776.610322580644,192.44806451612902,12.504193548387097,1.6087096774193548,716.6225806451613,100.71,0
2017,NEH3,Jan,33853.26870967742,208.55645161290323,1.1987096774193549,-7.300967741935484,336.68612903225807,24.41,165.85
2017,NEH3,Feb,37444.760357142855,294.3475,9.688214285714286,-3.9653571428571426,326.7942857142857,16.13,4.4399999999999995
2017,NEH3,Mar,42191.04096774194,284.0074193548387,11.613870967741935,-0.35999999999999993,504.48290322580647,64.39,1.56
2017,NEH3,Apr,47252.706333333335,359.928,17.276333333333334,5.263,831.003,98.85,0
2017,NEH3,May,51532.52483870968,407.10806451612905,23.223870967741934,9.778064516129032,1205.0370967741935,170.14000000000001,0
2017,NEH3,Jun,53698.204666666665,406.349,30.24866666666667,16.450333333333333,1901.823,94.81,0
2017,NEH3,Jul,52675.78419354839,364.5467741935484,31.343870967741935,19.48709677419355,2290.4309677419355,70.59,0
2017,NEH3,Aug,48946.42548387097,378.70129032258063,27.27,15.341612903225807,1756.248064516129,106.08,0
2017,NEH3,Sep,44041.81533333333,340.67466666666667,27.131,13.593666666666666,1596.1673333333333,111.42,0
2017,NEH3,Oct,38990.7735483871,252.23419354838708,18.42322580645161,6.172258064516129,1008.6216129032258,119.58,0
2017,NEH3,Nov,34749.08833333333,227.34333333333333,11.252666666666666,-2.462666666666667,523.8416666666667,4.49,0
2017,NEH3,Dec,32692.058064516128,161.46935483870968,2.776774193548387,-8.191935483870967,368.1645161290323,7.7,50.05
2017,NEH4,Jan,33853.26870967742,208.55645161290323,1.1987096774193549,-7.300967741935484,336.68612903225807,24.41,165.85
2017,NEH4,Feb,37444.760357142855,294.3475,9.688214285714286,-3.9653571428571426,326.7942857142857,16.13,4.4399999999999995
2017,NEH4,Mar,42191.04096774194,284.0074193548387,11.613870967741935,-0.35999999999999993,504.48290322580647,64.39,1.56
2017,NEH4,Apr,47252.706333333335,359.928,17.276333333333334,5.263,831.003,98.85,0
2017,NEH4,May,51532.52483870968,407.10806451612905,23.223870967741934,9.778064516129032,1205.0370967741935,170.14000000000001,0
2017,NEH4,Jun,53698.204666666665,406.349,30.24866666666667,16.450333333333333,1901.823,94.81,0
2017,NEH4,Jul,52675.78419354839,364.5467741935484,31.343870967741935,19.48709677419355,2290.4309677419355,70.59,0
2017,NEH4,Aug,48946.42548387097,378.70129032258063,27.27,15.341612903225807,1756.248064516129,106.08,0
2017,NEH4,Sep,44041.81533333333,340.67466666666667,27.131,13.593666666666666,1596.1673333333333,111.42,0
2017,NEH4,Oct,38990.7735483871,252.23419354838708,18.42322580645161,6.172258064516129,1008.6216129032258,119.58,0
2017,NEH4,Nov,34749.08833333333,227.34333333333333,11.252666666666666,-2.462666666666667,523.8416666666667,4.49,0
2017,NEH4,Dec,32692.058064516128,161.46935483870968,2.776774193548387,-8.191935483870967,368.1645161290323,7.7,50.05
2017,NYH1,Jan,33307.96709677419,174.00709677419354,1.9854838709677418,-4.792903225806452,460.5441935483871,71.15,67.39
2017,NYH1,Feb,37117.60178571429,284.6614285714286,5.760714285714285,-4.280714285714286,466.61107142857145,63.46,126.41
2017,NYH1,Mar,42134.51096774194,311.9948387096774,3.2267741935483873,-6.485161290322581,413.28709677419357,118.54,591.3100000000001
2017,NYH1,Apr,47481.362,375.5556666666667,15.850333333333333,4.1193333333333335,854.6646666666667,127.69,86.71
2017,NYH1,May,52014.56612903226,350.3283870967742,17.856129032258064,7.43741935483871,1072.1941935483871,140.6,0
2017,NYH1,Jun,54317.33433333333,389.388,24.096,12.694333333333333,1509.9756666666667,121.44,0
2017,NYH1,Jul,53229.24935483871,353.05290322580646,25.730645161290322,15.610645161290323,1790.4690322580645,162.9,0
2017,NYH1,Aug,49273.224516129034,397.80612903225807,25.068387096774195,13.163225806451614,1538.5148387096774,51.66,0
2017,NYH1,Sep,44088.96366666667,315.3593333333333,23.056333333333335,10.948666666666666,1341.0143333333333,77.94,0
2017,NYH1,Oct,38753.1,230.46064516129033,18.767096774193547,7.71741935483871,1096.4645161290323,171.07,0
2017,NYH1,Nov,34259.789333333334,176.52033333333333,7.426333333333333,-1.3053333333333332,573.993,72.67999999999999,0.84
2017,NYH1,Dec,32072.295483870967,153.07548387096773,-0.5954838709677419,-7.440645161290322,380.8283870967742,38.9,26.52
2017,NYH2,Jan,33307.96709677419,174.00709677419354,1.9854838709677418,-4.792903225806452,460.5441935483871,71.15,67.39
2017,NYH2,Feb,37117.60178571429,284.6614285714286,5.760714285714285,-4.280714285714286,466.61107142857145,63.46,126.41
2017,NYH2,Mar,42134.51096774194,311.9948387096774,3.2267741935483873,-6.485161290322581,413.28709677419357,118.54,591.3100000000001
2017,NYH2,Apr,47481.362,375.5556666666667,15.850333333333333,4.1193333333333335,854.6646666666667,127.69,86.71
2017,NYH2,May,52014.56612903226,350.3283870967742,17.856129032258064,7.43741935483871,1072.1941935483871,140.6,0
2017,NYH2,Jun,54317.33433333333,389.388,24.096,12.694333333333333,1509.9756666666667,121.44,0
2017,NYH2,Jul,53229.24935483871,353.05290322580646,25.730645161290322,15.610645161290323,1790.4690322580645,162.9,0
2017,NYH2,Aug,49273.224516129034,397.80612903225807,25.068387096774195,13.163225806451614,1538.5148387096774,51.66,0
2017,NYH2,Sep,44088.96366666667,315.3593333333333,23.056333333333335,10.948666666666666,1341.0143333333333,77.94,0
2017,NYH2,Oct,38753.1,230.46064516129033,18.767096774193547,7.71741935483871,1096.4645161290323,171.07,0
2017,NYH2,Nov,34259.789333333334,176.52033333333333,7.426333333333333,-1.3053333333333332,573.993,72.67999999999999,0.84
2017,NYH2,Dec,32072.295483870967,153.07548387096773,-0.5954838709677419,-7.440645161290322,380.8283870967742,38.9,26.52
2017,NYH3,Jan,33307.96709677419,174.00709677419354,1.9854838709677418,-4.792903225806452,460.5441935483871,71.15,67.39
2017,NYH3,Feb,37117.60178571429,284.6614285714286,5.760714285714285,-4.280714285714286,466.61107142857145,63.46,126.41
2017,NYH3,Mar,42134.51096774194,311.9948387096774,3.2267741935483873,-6.485161290322581,413.28709677419357,118.54,591.3100000000001
2017,NYH3,Apr,47481.362,375.5556666666667,15.850333333333333,4.1193333333333335,854.6646666666667,127.69,86.71
2017,NYH3,May,52014.56612903226,350.3283870967742,17.856129032258064,7.43741935483871,1072.1941935483871,140.6,0
2017,NYH3,Jun,54317.33433333333,389.388,24.096,12.694333333333333,1509.9756666666667,121.44,0
2017,NYH3,Jul,53229.24935483871,353.05290322580646,25.730645161290322,15.610645161290323,1790.4690322580645,162.9,0
2017,NYH3,Aug,49273.224516129034,397.80612903225807,25.068387096774195,13.163225806451614,1538.5148387096774,51.66,0
2017,NYH3,Sep,44088.96366666667,315.3593333333333,23.056333333333335,10.948666666666666,1341.0143333333333,77.94,0
2017,NYH3,Oct,38753.1,230.46064516129033,18.767096774193547,7.71741935483871,1096.4645161290323,171.07,0
2017,NYH3,Nov,34259.789333333334,176.52033333333333,7.426333333333333,-1.3053333333333332,573.993,72.67999999999999,0.84
2017,NYH3,Dec,32072.295483870967,153.07548387096773,-0.5954838709677419,-7.440645161290322,380.8283870967742,38.9,26.52
2017,OHH1,Jan,34294.94935483871,183.45967741935485,5.057741935483871,-3.0167741935483874,534.7922580645161,88.75,30.06
2017,OHH1,Feb,37710.790357142854,268.83642857142854,10.044285714285714,-1.3557142857142856,600.3253571428571,71.73,0
2017,OHH1,Mar,42237.10451612903,312.7983870967742,9.913225806451614,-0.7551612903225806,635.388064516129,133.03,14.15
2017,OHH1,Apr,47066.57133333333,385.9186666666667,20.376,7.008666666666667,1040.2013333333334,124.14,0
2017,OHH1,May,51141.57870967742,375.27354838709675,21.58516129032258,10.078064516129032,1280.9683870967742,185.68,0
2017,OHH1,Jun,53197.566666666666,392.05066666666664,26.896666666666665,14.84,1726.1293333333333,120.77,0
2017,OHH1,Jul,52227.56935483871,377.70612903225805,28.108064516129033,17.258064516129032,1990.9190322580646,223.6,0
2017,OHH1,Aug,48680.70419354839,384.45677419354837,26.45935483870968,14.891290322580645,1717.5390322580645,87.03,0
2017,OHH1,Sep,44003.393000000004,351.48833333333334,24.561333333333334,12.379,1466.251,88.66,0
2017,OHH1,Oct,39184.22903225807,249.1658064516129,19.183870967741935,7.698387096774193,1113.5777419354838,147.97,0
2017,OHH1,Nov,35145.871666666666,203.539,10.299,-0.24266666666666664,625.2663333333334,184.32999999999998,0
2017,OHH1,Dec,33193.19935483871,168.30774193548388,2.2229032258064514,-6.30741935483871,411.9374193548387,52.04,22.2
2017,ONH1,Jan,33012.702580645164,161.76096774193547,-0.08677419354838714,-6.106451612903226,418.3674193548387,101.14,1186.73
2017,ONH1,Feb,36941.0775,292.25964285714286,3.279642857142857,-5.430714285714286,428.7825,85.87,949.54
2017,ONH1,Mar,42104.0664516129,304.4890322580645,3.0603225806451615,-5.344193548387097,443.04387096774195,82.32000000000001,534.29
2017,ONH1,Apr,47604.61633333333,367.67766666666665,13.974333333333334,3.0216666666666665,776.664,134.09,1.33
2017,ONH1,May,52275.26935483871,368.84354838709675,16.281290322580645,6.421935483870968,995.0064516129032,135.72,0
2017,ONH1,Jun,54653.081333333335,380.84866666666665,23.57,12.438333333333333,1478.8176666666666,100.82000000000001,0
2017,ONH1,Jul,53528.97935483871,382.25709677419354,25.205161290322582,14.326451612903226,1643.3445161290322,56.75,0
2017,ONH1,Aug,49449.563870967744,363.0409677419355,23.916774193548388,12.302903225806451,1452.0045161290323,89.41,0
2017,ONH1,Sep,44114.35533333333,345.67533333333336,23.296,10.071,1277.6376666666667,30.52,0
2017,ONH1,Oct,38624.97129032258,223.28677419354838,17.080645161290324,6.148064516129033,983.8696774193548,70.77,0
2017,ONH1,Nov,33995.12933333333,161.548,6.107,-1.862,548.9506666666666,84.74,0
2017,ONH1,Dec,31736.199677419354,154.18709677419355,-2.4612903225806453,-9.744516129032258,331.0477419354839,53.910000000000004,262.99
2017,ONH2,Jan,33411.278387096776,175.15935483870967,2.131290322580645,-3.951290322580645,487.51032258064515,53.29,505.08
2017,ONH2,Feb,37179.4725,270.4271428571429,6.1175,-2.8474999999999997,519.2510714285714,70.11,3.27
2017,ONH2,Mar,42145.191612903225,300.3016129032258,5.178064516129032,-2.9174193548387097,523.603870967742,67.50999999999999,51.85
2017,ONH2,Apr,47438.14133333333,375.909,15.193,5.130333333333334,899.0823333333333,70.62,0
2017,ONH2,May,51923.2929032258,361.93548387096774,17.324193548387097,8.22483870967742,1128.6274193548388,138.12,0
2017,ONH2,Jun,54199.943333333336,398.8713333333333,25.155333333333335,14.360666666666667,1675.04,56.69,0
2017,ONH2,Jul,53124.38161290323,378.85548387096776,26.78516129032258,16.29032258064516,1870.1967741935484,45.91,0
2017,ONH2,Aug,49211.42032258064,374.0232258064516,25.32483870967742,13.977419354838709,1599.6803225806452,61.04,0
2017,ONH2,Sep,44080.05733333333,337.5126666666667,23.653333333333332,12.125666666666667,1460.2956666666666,36.88,0
2017,ONH2,Oct,38798.02612903226,225.55290322580646,18.33225806451613,8.868064516129031,1193.618387096774,79.14,0
2017,ONH2,Nov,34352.44033333333,180.092,8.302333333333333,0.18,636.2653333333334,121.16,0
2017,ONH2,Dec,32189.80741935484,154.78774193548387,-0.6829032258064517,-7.594838709677419,388.1974193548387,51.300000000000004,354.92
2017,WIH1,Jan,33182.52387096774,172.0448387096774,-1.666774193548387,-9.078387096774193,348.96032258064514,78.85,669.12
2017,WIH1,Feb,37042.55,289.34964285714284,5.220714285714286,-6.021428571428571,421.1035714285714,60.99,642.53
2017,WIH1,Mar,42121.56193548387,314.43774193548387,6.026774193548388,-4.432903225806451,472.50548387096774,74.62,164.94
2017,WIH1,Apr,47533.77566666667,359.53766666666667,15.812666666666667,3.4636666666666667,800.3643333333333,124.28,0
2017,WIH1,May,52125.35129032258,373.71,19.04290322580645,7.042903225806452,1033.3096774193548,91.85,0
2017,WIH1,Jun,54459.93233333333,380.766,26.374666666666666,14.117666666666667,1651.2573333333332,180.53,0
2017,WIH1,Jul,53356.58483870968,385.85870967741937,27.251612903225805,15.77774193548387,1806.481935483871,273.95,0
2017,WIH1,Aug,49348.195806451615,380.42645161290324,24.539354838709677,13.283548387096774,1539.038064516129,64.99,0
2017,WIH1,Sep,44099.764,356.63366666666667,24.64,11.208333333333334,1377.383,15.55,0
2017,WIH1,Oct,38698.61483870968,213.79129032258064,16.336129032258064,6.283548387096774,994.4432258064517,108.08,0
2017,WIH1,Nov,34147.323333333334,204.453,6.540666666666667,-3.5856666666666666,481.11766666666665,18.92,0.77
2017,WIH1,Dec,31929.549677419353,147.55741935483871,-2.0370967741935484,-9.968387096774194,320.56193548387097,23.72,46.74
2017,WIH2,Jan,33076.73516129032,168.52322580645162,-1.7048387096774194,-9.552903225806451,341.8354838709677,70.79,544.23
2017,WIH2,Feb,36979.32035714285,285.7117857142857,4.6275,-6.7025,402.31107142857144,55.51,560.49
2017,WIH2,Mar,42110.65838709677,319.25935483870967,5.443225806451613,-5.182258064516129,451.87129032258065,63.71,143.03
2017,WIH2,Apr,47577.92166666667,351.41833333333335,15.683333333333334,3.338,799.1466666666666,156.09,0
2017,WIH2,May,52218.75,384.1683870967742,19.19,6.7706451612903225,1015.2467741935484,75.56,0
2017,WIH2,Jun,54580.239,364.815,26.290666666666667,13.795333333333334,1622.6673333333333,178.96,0
2017,WIH2,Jul,53463.97677419355,390.28,27.223548387096773,15.074516129032258,1730.9770967741936,136.77,0
2017,WIH2,Aug,49411.36064516129,373.99225806451614,24.676774193548386,12.667741935483871,1483.3564516129031,57.96,0
2017,WIH2,Sep,44108.85833333333,352.00600000000003,24.672666666666668,10.523333333333333,1321.2273333333333,19.61,0
2017,WIH2,Oct,38652.722903225804,212.49,16.33483870967742,5.650322580645161,950.6787096774193,97.23,0
2017,WIH2,Nov,34052.507,196.46099999999998,6.358333333333333,-3.9023333333333334,472.12166666666667,19.16,0
2017,WIH2,Dec,31809.11741935484,147.01225806451612,-2.4858064516129033,-10.586129032258064,306.4735483870968,17.94,23.86
2018,ARH1,Jan,35840.439032258066,244.64193548387095,7.45258064516129,-3.3251612903225807,529.4777419354839,77.12,0
2018,ARH1,Feb,38648.26107142857,262.8792857142857,13.948214285714286,2.950357142857143,800.4867857142857,408.88,0
2018,ARH1,Mar,42400.05774193548,356.2116129032258,18.156129032258065,6.722258064516129,1013.5238709677419,94.37,0
2018,ARH1,Apr,46409.33066666667,402.066,19.635666666666665,6.832333333333334,1020.747,196.62,0
2018,ARH1,May,49770.44064516129,385.98387096774195,31.091290322580644,19.39741935483871,2269.2406451612906,65.27,0
2018,ARH1,Jun,51451.014,389.976,32.98233333333333,21.584,2587.581,81.18,0
2018,ARH1,Jul,50659.71580645161,378.7903225806452,33.116129032258065,22.79290322580645,2741.9945161290325,54.14,0
2018,ARH1,Aug,47744.437419354836,373.31774193548387,31.793870967741935,21.302903225806453,2513.539677419355,121.58999999999999,0
2018,ARH1,Sep,43867.46433333334,317.313,29.382666666666665,19.965666666666667,2361.68,197.28,0
2018,ARH1,Oct,39867.17,306.61483870967743,23.572580645161292,12.599032258064517,1564.6193548387096,158.82,0
2018,ARH1,Nov,36537.16533333333,226.427,13.441333333333333,3.4383333333333335,816.8919999999999,122.33,0
2018,ARH1,Dec,34941.46709677419,191.91258064516128,11.549032258064516,2.987741935483871,790.2429032258065,215.96,0
2018,ARH2,Jan,35579.40903225807,259.2861290322581,6.256129032258064,-3.993225806451613,510.6309677419355,125.74,541.32
2018,ARH2,Feb,38489.25428571428,274.9535714285714,12.995357142857143,2.3310714285714287,777.385,310.46,26.9
2018,ARH2,Mar,42372.355161290325,353.5977419354839,16.429354838709678,5.339354838709678,921.2483870967742,90.91,0
2018,ARH2,Apr,46520.94066666667,395.1693333333333,18.628666666666668,6.128,981.6216666666667,200.21,0
2018,ARH2,May,50002.342903225806,370.82935483870966,30.696129032258064,19.235806451612902,2252.8722580645162,169.53,0
2018,ARH2,Jun,51745.484,381.445,32.852333333333334,21.824333333333332,2628.428,99.47,0
2018,ARH2,Jul,50924.47548387097,379.36709677419356,33.07322580645161,22.713870967741936,2772.2829032258064,39.77,0
2018,ARH2,Aug,47903.22774193549,368.09225806451616,31.60774193548387,21.08290322580645,2511.900322580645,136.19,0
2018,ARH2,Sep,43890.57366666666,317.321,29.489,19.41433333333333,2288.559,162.56,0
2018,ARH2,Oct,39751.21193548387,307.48064516129034,23.122258064516128,11.537096774193548,1471.2706451612903,91.85,0
2018,ARH2,Nov,36301.884,216.33599999999998,12.387,2.7106666666666666,776.8636666666666,166.45000000000002,0
2018,ARH2,Dec,34646.71290322581,192.77709677419355,10.851290322580645,2.2287096774193547,747.1277419354839,138.15,0
2018,DEH1,Jan,34681.64387096774,226.24903225806452,6.280645161290322,-4.314516129032258,497.33677419354837,93.89,394.86
2018,DEH1,Feb,37944.42428571429,262.4175,12.268214285714286,1.7175,741.8464285714285,103.39,0
2018,DEH1,Mar,42277.62774193548,342.4335483870968,9.828064516129032,0.33967741935483875,641.0064516129032,92.62,0
2018,DEH1,Apr,46902.960333333336,407.76933333333335,17.064,5.398,930.0576666666667,111.19,0
2018,DEH1,May,50798.95483870968,357.02677419354836,25.643870967741936,15.177741935483871,1755.35,254.04,0
2018,DEH1,Jun,52759.836,387.8036666666667,27.953333333333333,18.298666666666666,2135.525,136.38,0
2018,DEH1,Jul,51835.21161290322,353.65,30.291612903225808,20.361290322580647,2427.255806451613,137.7,0
2018,DEH1,Aug,48447.35612903226,355.7425806451613,31.02709677419355,21.53290322580645,2593.9648387096777,98.08,0
2018,DEH1,Sep,43969.59333333333,258.02233333333334,27.752666666666666,20.302333333333333,2411.152,193.91,0
2018,DEH1,Oct,39354.256129032256,295.5303225806452,21.4,11.460645161290323,1463.3167741935483,130.26,0
2018,DEH1,Nov,35493.57633333333,211.063,13.212,3.8583333333333334,858.3993333333333,160.07,0
2018,DEH1,Dec,33631.367741935486,186.6216129032258,10.51774193548387,1.3893548387096775,704.7745161290322,105.35000000000001,0
2018,GAH1,Jan,36720.92451612903,281.8316129032258,13.95516129032258,0.5961290322580646,695.0941935483871,74.39,0
2018,GAH1,Feb,39186.38642857143,285.2060714285714,22.500714285714285,10.840357142857142,1363.3060714285714,125.28999999999999,0
2018,GAH1,Mar,42493.9864516129,410.65516129032255,21.022903225806452,6.258064516129032,997.9703225806452,77.53,0
2018,GAH1,Apr,46031.244333333336,431.4513333333333,24.437,9.903,1234.8873333333333,75.17,0
2018,GAH1,May,48987.36387096774,354.4709677419355,30.111290322580647,18.026774193548388,2093.3122580645163,179.53,0
2018,GAH1,Jun,50459.106,401.12333333333333,32.800333333333334,21.323333333333334,2545.0293333333334,176.2,0
2018,GAH1,Jul,49766.79,346.361935483871,32.278387096774196,22.155806451612904,2669.848064516129,159.56,0
2018,GAH1,Aug,47207.06967741936,363.26935483870966,32.27903225806452,21.71741935483871,2598.6612903225805,161.41,0
2018,GAH1,Sep,43789.10433333334,357.91966666666667,32.88666666666667,21.548000000000002,2572.747,65.15,0
2018,GAH1,Oct,40259.951290322584,334.0532258064516,27.817096774193548,15.368709677419355,1815.9312903225807,91.97999999999999,0
2018,GAH1,Nov,37331.556666666664,258.4026666666667,19.206,7.109333333333333,1071.974,179.82,0
2018,GAH1,Dec,35934.32064516129,231.33193548387098,16.793548387096774,5.668387096774193,969.7358064516129,250.69,0
2018,GAH2,Jan,36126.467741935485,265.56290322580645,11.64,-1.647741935483871,587.5870967741936,113.92,1.58
2018,GAH2,Feb,38822.77785714286,267.2939285714286,19.390714285714285,8.377857142857144,1174.152857142857,115.51,0
2018,GAH2,Mar,42430.49,373.231935483871,18.35516129032258,4.393870967741935,866.3503225806452,101.46,0
2018,GAH2,Apr,46286.774333333335,432.0516666666667,22.469333333333335,7.325666666666667,1044.576,136.78,0
2018,GAH2,May,49516.194193548385,353.8883870967742,29.288064516129033,16.864516129032257,1962.7048387096775,155.8,0
2018,GAH2,Jun,51128.564666666665,417.32666666666665,32.46966666666667,19.945333333333334,2338.4193333333333,107.43,0
2018,GAH2,Jul,50369.62483870968,362.1825806451613,32.08,21.034193548387098,2496.8483870967743,128.6,0
2018,GAH2,Aug,47570.16032258065,394.52032258064514,31.965806451612902,20.374193548387098,2404.053225806452,83.00999999999999,0
2018,GAH2,Sep,43842.07633333333,353.24133333333333,32.673,20.223666666666666,2373.3033333333333,26.07,0
2018,GAH2,Oct,39994.49677419355,330.87032258064517,25.683225806451613,12.59258064516129,1539.1603225806452,85.69,0
2018,GAH2,Nov,36795.098666666665,240.09033333333332,15.663333333333334,4.056333333333333,842.701,185.1,0
2018,GAH2,Dec,35264.22483870968,208.46774193548387,13.949354838709677,3.4570967741935483,813.3077419354839,296.79,0
2018,IAH1,Jan,33833.60709677419,226.42193548387098,-0.23225806451612901,-12.362580645161291,300.5016129032258,8.16,415.24
2018,IAH1,Feb,37432.938571428575,275.99107142857144,1.447857142857143,-9.930714285714286,325.01,69.8,721.02
2018,IAH1,Mar,42188.99612903226,349.4358064516129,7.8022580645161295,-3.067096774193548,493.99032258064517,84.1,569.81
2018,IAH1,Apr,47260.973333333335,442.775,12.130333333333333,-1.5290000000000001,561.2883333333333,19.64,37.24
2018,IAH1,May,51549.918387096775,368.7177419354839,27.085483870967742,13.905483870967743,1593.4922580645161,113.58,0
2018,IAH1,Jun,53720.509,349.726,29.23966666666667,17.77,2031.8326666666667,142.4,0
2018,IAH1,Jul,52695.73806451613,409.5006451612903,29.33516129032258,17.060645161290324,1967.4770967741936,52.92,0
2018,IAH1,Aug,48958.2335483871,358.9335483870968,29.339032258064517,17.169354838709676,1981.8106451612903,179.54,0
2018,IAH1,Sep,44043.521,311.18833333333333,25.187,13.503666666666666,1616.814,163.48,0
2018,IAH1,Oct,38982.180645161294,255.78225806451613,15.970967741935484,4.529032258064516,904.8012903225807,139.93,0
2018,IAH1,Nov,34731.435666666664,177.08933333333334,3.737,-4.392333333333333,475.704,88.2,27.880000000000003
2018,IAH1,Dec,32669.730967741936,173.56806451612903,3.5012903225806453,-5.458709677419355,420.0270967741935,48.39,29.73
2018,IAH2,Jan,33533.82129032258,207.97645161290322,-2.358709677419355,-13.62,263.0441935483871,20.78,268.29
2018,IAH2,Feb,37252.92821428571,277.10785714285714,-2.065714285714286,-13.131428571428572,248.16,35.019999999999996,655.94
2018,IAH2,Mar,42157.87870967742,313.1751612903226,6.360645161290322,-2.985161290322581,498.9235483870968,100.14,431.83
2018,IAH2,Apr,47386.814666666665,436.752,10.841666666666667,-2.695666666666667,517.096,62.93,70.41
2018,IAH2,May,51814.99806451613,376.52774193548385,25.780967741935484,12.858064516129032,1505.4151612903227,90.05,0
2018,IAH2,Jun,54060.756,322.203,28.274666666666665,17.502666666666666,2030.3473333333334,297.01,0
2018,IAH2,Jul,52999.99741935484,422.4022580645161,28.53516129032258,16.903548387096773,1949.1783870967743,20.34,0
2018,IAH2,Aug,49138.04451612903,349.23064516129034,27.52225806451613,15.864193548387096,1826.6454838709678,217.24,0
2018,IAH2,Sep,44069.475333333336,303.128,24.159,13.155666666666667,1585.5476666666666,172.37,0
2018,IAH2,Oct,38851.379677419354,254.9967741935484,14.495806451612903,2.599354838709677,759.4016129032258,101.42,0
2018,IAH2,Nov,34462.371333333336,176.77666666666667,3.3373333333333335,-6.426,409.7056666666667,30.11,9.09
2018,IAH2,Dec,32329.137741935483,170.43935483870968,1.3096774193548386,-7.448387096774193,367.2664516129032,78.33,126.25999999999999
2018,IAH3,Jan,33574.33,215.03129032258065,-2.2161290322580647,-13.714516129032258,266.1167741935484,35.58,917.26
2018,IAH3,Feb,37277.22607142857,278.1771428571429,-0.8089285714285714,-11.734642857142857,280.84464285714284,43.02,1079.17
2018,IAH3,Mar,42162.07548387097,352.1609677419355,6.123870967741936,-4.348709677419355,450.05387096774194,77.62,812.71
2018,IAH3,Apr,47369.83433333333,457.0133333333333,10.924666666666667,-2.8766666666666665,487.62733333333335,26.71,243.01
2018,IAH3,May,51779.193225806455,363.09806451612906,26.091290322580644,12.96774193548387,1498.393870967742,129.86,0
2018,IAH3,Jun,54014.759666666665,346.9456666666667,28.335666666666665,16.965666666666667,1946.584,164.42,0
2018,IAH3,Jul,52958.88483870968,408.53387096774196,28.32483870967742,16.219354838709677,1870.5132258064516,60.91,0
2018,IAH3,Aug,49113.77225806451,343.3741935483871,27.76290322580645,16.135483870967743,1855.0332258064516,238.78,0
2018,IAH3,Sep,44065.975333333336,306.047,24.030333333333335,12.721,1538.0363333333332,232.56,0
2018,IAH3,Oct,38869.03129032258,256.3732258064516,14.955483870967742,3.2803225806451612,819.5132258064516,107.45,0
2018,IAH3,Nov,34498.71566666666,169.69933333333333,2.8543333333333334,-5.249333333333333,445.39666666666665,54.66,0
2018,IAH3,Dec,32375.180322580643,166.60709677419354,2.4280645161290324,-6.780322580645161,379.35225806451615,57.38,157.29
2018,IAH4,Jan,33554.0964516129,202.5209677419355,-1.9741935483870967,-13.124193548387098,275.63709677419354,34.5,80.42
2018,IAH4,Feb,37265.08857142857,277.9075,-1.0785714285714285,-11.782142857142857,274.10214285714284,38.57,507.61
2018,IAH4,Mar,42159.97903225807,322.1751612903226,6.357741935483871,-2.9812903225806453,495.71161290322584,73.87,271.01
2018,IAH4,Apr,47378.316333333336,444.23766666666666,11.271666666666667,-1.9126666666666667,524.843,40.54,19.63
2018,IAH4,May,51797.07677419355,376.1674193548387,26.24451612903226,13.451612903225806,1550.336129032258,118.44,0
2018,IAH4,Jun,54037.73333333334,331.4506666666667,28.586,17.46,2018.4623333333334,371.7,0
2018,IAH4,Jul,52979.42,411.45096774193547,28.943870967741937,17.149677419354838,1978.0987096774193,86.72,0
2018,IAH4,Aug,49125.89580645161,337.45516129032256,28.01967741935484,16.476774193548387,1892.96,205.04,0
2018,IAH4,Sep,44067.723333333335,305.5006666666667,24.198666666666668,13.375,1606.309,190.16,0
2018,IAH4,Oct,38860.213548387095,259.65451612903223,15.005161290322581,3.27258064516129,799.9325806451614,108.03999999999999,0
2018,IAH4,Nov,34480.56166666667,173.43966666666665,3.453,-5.314,440.13233333333335,49.15,3.01
2018,IAH4,Dec,32352.182903225807,168.30322580645162,2.635806451612903,-6.443870967741936,388.45451612903224,62.03,4.77
2018,ILH1,Jan,34219.54774193549,235.60548387096773,0.1025806451612903,-10.325483870967743,340.5690322580645,33.08,736.89
2018,ILH1,Feb,37665.311785714286,292.73321428571427,5.419642857142857,-5.421785714285714,459.26464285714286,182.75,453.3
2018,ILH1,Mar,42229.224516129034,331.34548387096777,8.43258064516129,-2.105483870967742,534.0164516129032,75.09,0
2018,ILH1,Apr,47098.405,427.1406666666667,13.599666666666666,0.786,690.2073333333333,63.980000000000004,54.4
2018,ILH1,May,51208.35064516129,385.64612903225805,28.59967741935484,15.33258064516129,1768.7564516129032,101.43,0
2018,ILH1,Jun,53282.983,353.8523333333333,29.150666666666666,18.065333333333335,2097.0273333333334,204.73,0
2018,ILH1,Jul,52304.082903225804,388.818064516129,28.541290322580647,17.859032258064516,2067.8967741935485,100.13,0
2018,ILH1,Aug,48726.13032258065,375.0870967741935,28.983870967741936,18.044838709677418,2088.9045161290323,104.89,0
2018,ILH1,Sep,44009.96666666667,349.274,27.805333333333333,15.157,1777.062,134.65,0
2018,ILH1,Oct,39151.144838709675,272.68,18.565806451612904,6.208387096774193,1052.5825806451612,66.95,0
2018,ILH1,Nov,35078.107,184.74699999999999,5.776666666666666,-2.0636666666666668,551.829,94.57,31.71
2018,ILH1,Dec,33107.69741935484,187.29806451612905,5.341290322580645,-3.523548387096774,490.0532258064516,101.37,74.39999999999999
2018,INH1,Jan,34086.18709677419,214.56870967741935,-0.4119354838709677,-10.956774193548387,335.59903225806454,32.94,302.95
2018,INH1,Feb,37584.9375,261.67214285714283,5.208928571428571,-5.866428571428571,452.14214285714286,144.33,64.02
2018,INH1,Mar,42215.30225806452,328.3116129032258,7.553548387096774,-2.9016129032258062,507.62709677419355,71,0
2018,INH1,Apr,47154.65,412.5396666666667,12.567,0.11200000000000006,653.5943333333333,70.77,57.2
2018,INH1,May,51326.415483870966,382.6358064516129,27.538064516129033,14.140645161290323,1644.3490322580644,110.08,0
2018,INH1,Jun,53434.104999999996,350.80266666666665,28.115,17.254666666666665,2001.7793333333334,157.34,0
2018,INH1,Jul,52439.41129032258,393.4012903225806,28.185806451612905,16.878709677419355,1953.0312903225806,69.07000000000001,0
2018,INH1,Aug,48806.40935483871,353.6506451612903,28.51258064516129,17.54193548387097,2027.4574193548387,125.32,0
2018,INH1,Sep,44021.579666666665,340.081,26.680666666666667,14.578333333333333,1720.0663333333334,83.14,0
2018,INH1,Oct,39092.68935483871,254.9509677419355,17.565483870967743,5.95,1033.7429032258065,150.15,0
2018,INH1,Nov,34958.281,173.92566666666667,5.245,-1.916,555.336,81.82000000000001,24.72
2018,INH1,Dec,32956.423548387094,176.7725806451613,4.961935483870968,-3.5874193548387097,486.3183870967742,78.71,23.72
2018,KSH1,Jan,34948.92806451613,256.2674193548387,10.341290322580646,-9.641290322580645,305.93548387096774,0,0
2018,KSH1,Feb,38106.28892857143,299.8614285714286,9.299285714285714,-8.18142857142857,283.8178571428571,0.26,1.04
2018,KSH1,Mar,42305.736774193545,397.23870967741937,18.13774193548387,-1.540967741935484,316.13129032258064,11.3,0
2018,KSH1,Apr,46789.534,450.195,18.947,-0.2300000000000001,240.07766666666666,22.150000000000002,2.16
2018,KSH1,May,50561.95,452.60129032258067,29.90483870967742,12.919354838709678,705.9412903225807,68.6,0
2018,KSH1,Jun,52457.57233333333,426.67966666666666,33.88933333333333,17.295666666666666,1529.677,120.22,0
2018,KSH1,Jul,51564.03935483871,388.8906451612903,33.336129032258064,18.378709677419355,2092.3312903225806,131.15,0
2018,KSH1,Aug,48285.6935483871,400.89677419354837,31.651935483870968,16.624193548387098,1905.1203225806453,54.4,0
2018,KSH1,Sep,43946.14566666666,342.6286666666667,27.479666666666667,14.266333333333334,1686.45,64.17999999999999,0
2018,KSH1,Oct,39472.12516129032,288.6135483870968,18.239677419354837,4.398709677419355,861.5558064516129,112.24,0
2018,KSH1,Nov,35734.07833333333,256.05333333333334,11.329333333333333,-4.163666666666667,462.30833333333334,10.18,0
2018,KSH1,Dec,33933.93096774194,218.1632258064516,8.280322580645162,-6.98258064516129,372.3074193548387,51.09,0
2018,MIH1,Jan,33307.96709677419,190.0074193548387,-0.4529032258064517,-9.62483870967742,340.6190322580645,46.15,106.92
2018,MIH1,Feb,37117.60178571429,265.4035714285714,2.645714285714286,-6.536785714285714,411.84214285714285,115.14,622.12
2018,MIH1,Mar,42134.51096774194,354.3325806451613,5.079677419354839,-4.497096774193548,448.3867741935484,36.87,80.69
2018,MIH1,Apr,47481.362,389.831,9.850666666666667,-1.5350000000000001,563.3283333333334,74.17999999999999,0
2018,MIH1,May,52014.56612903226,368.70612903225805,24.08,11.358064516129032,1384.895806451613,140.5,0
2018,MIH1,Jun,54317.33433333333,356.9526666666667,25.657,14.567,1685.5943333333335,62.33,0
2018,MIH1,Jul,53229.24935483871,401.4225806451613,28.75709677419355,16.021612903225805,1835.8209677419354,22.79,0
2018,MIH1,Aug,49273.224516129034,350.69032258064516,27.97,16.658709677419356,1876.582258064516,87.55,0
2018,MIH1,Sep,44088.96366666667,312.9363333333333,23.769000000000002,12.795333333333334,1540,133.86,0
2018,MIH1,Oct,38753.1,241.98516129032257,14.564193548387097,4.452258064516129,901.4741935483871,102.34,0
2018,MIH1,Nov,34259.789333333334,141.14733333333334,3.5426666666666664,-1.992,546.4456666666666,58.44,0
2018,MIH1,Dec,32072.295483870967,150.10064516129032,3.007741935483871,-3.6238709677419356,476.89709677419353,63.56,3.21
2018,MNH1,Jan,32796.1564516129,186.61032258064517,-5.277096774193549,-15.913870967741936,218.60064516129032,37.58,144.86
2018,MNH1,Feb,36811.90535714286,273.60964285714283,-5.002857142857143,-16.50857142857143,187.97714285714287,28.07,438.72
2018,MNH1,Mar,42081.813870967744,318.9167741935484,2.817741935483871,-5.725483870967742,408.75,24.14,687.39
2018,MNH1,Apr,47694.75433333333,451.98,7.060333333333333,-4.715333333333334,420.3876666666667,82.88,334.36
2018,MNH1,May,52466.32677419355,359.76354838709676,24.524193548387096,12.163870967741936,1425.665806451613,133.88,0
2018,MNH1,Jun,54899.560666666664,300.08633333333336,26.366,16.957,1954.2693333333334,183.09,0
2018,MNH1,Jul,53748.82548387097,396.8822580645161,27.38193548387097,16.429354838709678,1889.5693548387096,100.69,0
2018,MNH1,Aug,49578.60870967742,336.69129032258064,26.530645161290323,15.740322580645161,1810.6912903225807,119.08,0
2018,MNH1,Sep,44132.914666666664,294.5466666666667,22.619333333333334,12.555333333333333,1537.9316666666666,240.43,0
2018,MNH1,Oct,38531.26258064516,230.80032258064517,11.803548387096773,1.4780645161290322,704.6129032258065,82.83,0
2018,MNH1,Nov,33801.15666666667,161.90833333333333,0.10966666666666665,-7.93,373.458,36.44,33.8
2018,MNH1,Dec,31489.463548387095,138.6374193548387,-1.1416129032258064,-8.256129032258064,343.85903225806453,52.06,0.77
2018,MOH1,Jan,34609.142258064516,250.2651612903226,3.7616129032258065,-7.877096774193548,393.7038709677419,45.9,927.26
2018,MOH1,Feb,37900.56964285714,283.8178571428571,7.452857142857143,-4.340714285714285,485.94142857142856,76.33,220.37
2018,MOH1,Mar,42270.017096774194,300.9977419354839,10.538387096774194,0.9135483870967742,663.7558064516129,109.16,0
2018,MOH1,Apr,46933.681333333334,443.02133333333336,15.503,2.661,790.9416666666666,13.25,0
2018,MOH1,May,50863.217419354834,383.6174193548387,28.752903225806453,16.993548387096773,1918.4403225806452,73.34,0
2018,MOH1,Jun,52841.86866666667,386.37666666666667,31.346,19.860333333333333,2193.123666666667,123.6,0
2018,MOH1,Jul,51908.77225806451,407.8412903225806,31.558709677419355,19.82516129032258,2264.8790322580644,40.86000000000001,0
2018,MOH1,Aug,48491.15612903226,350.58838709677417,31.278709677419354,19.608064516129033,2290.7635483870968,115.38,0
2018,MOH1,Sep,43975.941,355.8353333333333,27.899333333333335,16.347,1928.8106666666667,17.11,0
2018,MOH1,Oct,39322.33225806452,266.96999999999997,19.08225806451613,7.905806451612903,1160.3003225806451,184.75,0
2018,MOH1,Nov,35428.363,203.154,7.135,-1.96,558.918,99.94,0
2018,MOH1,Dec,33549.25322580645,181.8641935483871,6.872258064516129,-2.4941935483870967,524.4754838709678,97.87,54.709999999999994
2018,NCH1,Jan,35579.40903225807,241.59354838709677,9.285806451612903,-4.44258064516129,488.4758064516129,105.97,30.71
2018,NCH1,Feb,38489.25428571428,265.9632142857143,17.353928571428572,4.855714285714286,939.3203571428571,59.69,0
2018,NCH1,Mar,42372.355161290325,370.7845161290323,14.005806451612903,1.5083870967741935,702.0577419354839,110.47,0
2018,NCH1,Apr,46520.94066666667,423.51533333333333,21.490666666666666,6.324,986.8763333333334,80.84,0
2018,NCH1,May,50002.342903225806,331.0929032258065,28.62,17.47935483870968,2051.3322580645163,115.23,0
2018,NCH1,Jun,51745.484,405.82166666666666,31.53933333333333,20.222,2387.7566666666667,61.52,0
2018,NCH1,Jul,50924.47548387097,362.92709677419356,31.609032258064516,20.423548387096773,2410.7912903225806,207.39,0
2018,NCH1,Aug,47903.22774193549,360.0525806451613,30.98258064516129,20.511935483870968,2430.7309677419357,146.85,0
2018,NCH1,Sep,43890.57366666666,310.2873333333333,29.836666666666666,20.647666666666666,2444.067,218.14,0
2018,NCH1,Oct,39751.21193548387,326.578064516129,22.40483870967742,10.990967741935483,1419.8132258064516,93.22,0
2018,NCH1,Nov,36301.884,239.80833333333334,14.601666666666667,3.618333333333333,829.21,153.94,0
2018,NCH1,Dec,34646.71290322581,214.78290322580645,13.26032258064516,2.1374193548387095,749.2122580645162,176.01,0
2018,NEH2,Jan,33774.380967741934,213.2616129032258,-0.6612903225806454,-12.146774193548387,276.3751612903226,34.74,37.59
2018,NEH2,Feb,37397.34285714286,283.48285714285714,-0.7999999999999999,-11.698214285714286,267.9510714285714,21.099999999999998,316.5
2018,NEH2,Mar,42182.84032258065,307.0987096774194,8.62258064516129,-1.815806451612903,538.9829032258065,77.03,98.93
2018,NEH2,Apr,47285.865,438.73,12.875666666666667,-1.46,509.229,14.61,1.98
2018,NEH2,May,51602.302903225805,376.37548387096774,26.405483870967743,13.368387096774194,1354.1925806451613,84.58,0
2018,NEH2,Jun,53787.69966666667,350.0853333333333,29.509,18.207666666666668,2088.1976666666665,211.08,0
2018,NEH2,Jul,52755.84483870968,396.00870967741935,29.169032258064515,17.813225806451612,2056.8025806451615,81.25999999999999,0
2018,NEH2,Aug,48993.79064516129,356.42387096774195,28.13967741935484,16.916129032258066,1946.4690322580645,114.47,0
2018,NEH2,Sep,44048.65666666667,310.5233333333333,24.561,13.818333333333333,1646.3123333333333,161.9,0
2018,NEH2,Oct,38956.30935483871,267.9070967741935,15.27774193548387,3.3583870967741936,792.9038709677419,68.06,0
2018,NEH2,Nov,34678.26266666667,195.91033333333334,5.136,-5.809,422.97866666666664,45.13,12.11
2018,NEH2,Dec,32602.47193548387,169.95903225806452,2.4064516129032256,-6.7709677419354835,383.69709677419354,78.2,6.95
2018,NYH1,Jan,33307.96709677419,193.03290322580645,-1.028709677419355,-11.26741935483871,295.62774193548387,75.79,87.24
2018,NYH1,Feb,37117.60178571429,257.2210714285714,4.701428571428571,-5.535,441.1378571428571,51.15,331.89
2018,NYH1,Mar,42134.51096774194,309.7409677419355,2.5651612903225804,-5.282258064516129,429.1996774193548,80.17,78.63
2018,NYH1,Apr,47481.362,376.9313333333333,8.747333333333334,-1.3706666666666667,565.292,70.12,4.609999999999999
2018,NYH1,May,52014.56612903226,398.8348387096774,23.20709677419355,9.749354838709678,1230.2167741935484,62.7,0
2018,NYH1,Jun,54317.33433333333,392.792,24.002,12.299,1396.288,50.15,0
2018,NYH1,Jul,53229.24935483871,366.72161290322583,27.96516129032258,16.07774193548387,1798.415806451613,139.39000000000001,0
2018,NYH1,Aug,49273.224516129034,324.6251612903226,26.40290322580645,17.115483870967743,1969.5277419354838,121.37,0
2018,NYH1,Sep,44088.96366666667,315.111,22.87,13.196666666666667,1581.919,96.87,0
2018,NYH1,Oct,38753.1,213.72516129032257,13.73258064516129,5.489354838709677,959.8661290322581,131.96,0
2018,NYH1,Nov,34259.789333333334,165.853,4.309,-1.967,567.5563333333333,117.47,486.98
2018,NYH1,Dec,32072.295483870967,161.09870967741935,3.0674193548387096,-4.038709677419355,467.791935483871,71.05,264.8
2018,NYH2,Jan,33307.96709677419,195.96903225806452,-0.975483870967742,-11.205806451612903,296.6948387096774,74.00999999999999,65.53
2018,NYH2,Feb,37117.60178571429,256.48607142857145,4.741785714285714,-5.456071428571429,443.59964285714284,52.44,308.53
2018,NYH2,Mar,42134.51096774194,308.931935483871,2.6551612903225807,-5.191612903225806,432.0106451612903,78.08,68.16
2018,NYH2,Apr,47481.362,377.65666666666664,8.825333333333333,-1.2946666666666666,568.143,67.32,4.05
2018,NYH2,May,52014.56612903226,398.61129032258066,23.259677419354837,9.831612903225807,1232.070322580645,60.1,0
2018,NYH2,Jun,54317.33433333333,389.10266666666666,24.071,12.388333333333334,1402.4156666666668,52.06,0
2018,NYH2,Jul,53229.24935483871,366.38774193548386,28.037096774193547,16.176774193548386,1803.6564516129033,137.8,0
2018,NYH2,Aug,49273.224516129034,324.40967741935486,26.46548387096774,17.19290322580645,1978.8425806451612,127.96,0
2018,NYH2,Sep,44088.96366666667,314.93466666666666,22.942666666666668,13.29,1590.8223333333333,96.85000000000001,0
2018,NYH2,Oct,38753.1,213.93774193548387,13.805806451612902,5.561935483870967,964.4267741935483,130.06,0
2018,NYH2,Nov,34259.789333333334,165.96866666666668,4.384666666666667,-1.895,570.369,114.15,468.25
2018,NYH2,Dec,32072.295483870967,160.63129032258064,3.1425806451612903,-3.9496774193548387,470.9448387096774,72.8,217.49
2018,NYH3,Jan,33307.96709677419,195.96903225806452,-0.975483870967742,-11.205806451612903,296.6948387096774,74.00999999999999,65.53
2018,NYH3,Feb,37117.60178571429,256.48607142857145,4.741785714285714,-5.456071428571429,443.59964285714284,52.44,308.53
2018,NYH3,Mar,42134.51096774194,308.931935483871,2.6551612903225807,-5.191612903225806,432.0106451612903,78.08,68.16
2018,NYH3,Apr,47481.362,377.65666666666664,8.825333333333333,-1.2946666666666666,568.143,67.32,4.05
2018,NYH3,May,52014.56612903226,398.61129032258066,23.259677419354837,9.831612903225807,1232.070322580645,60.1,0
2018,NYH3,Jun,54317.33433333333,389.10266666666666,24.071,12.388333333333334,1402.4156666666668,52.06,0
2018,NYH3,Jul,53229.24935483871,366.38774193548386,28.037096774193547,16.176774193548386,1803.6564516129033,137.8,0
2018,NYH3,Aug,49273.224516129034,324.40967741935486,26.46548387096774,17.19290322580645,1978.8425806451612,127.96,0
2018,NYH3,Sep,44088.96366666667,314.93466666666666,22.942666666666668,13.29,1590.8223333333333,96.85000000000001,0
2018,NYH3,Oct,38753.1,213.93774193548387,13.805806451612902,5.561935483870967,964.4267741935483,130.06,0
2018,NYH3,Nov,34259.789333333334,165.96866666666668,4.384666666666667,-1.895,570.369,114.15,468.25
2018,NYH3,Dec,32072.295483870967,160.63129032258064,3.1425806451612903,-3.9496774193548387,470.9448387096774,72.8,217.49
2018,OHH1,Jan,34294.94935483871,205.18548387096774,0.3454838709677419,-9.2174193548387091,365.40516129032255,78.58,66.95
2018,OHH1,Feb,37710.790357142854,256.24392857142857,7.4825,-2.758928571428571,555.9153571428571,163.91,145.1
2018,OHH1,Mar,42237.10451612903,339.96677419354836,7.150967741935484,-2.693225806451613,521.5364516129032,86.01,8.59
2018,OHH1,Apr,47066.57133333333,383.91633333333334,12.966333333333333,1.0486666666666666,697.7293333333333,149.94,0
2018,OHH1,May,51141.57870967742,385.4283870967742,27.06774193548387,13.97,1639.3364516129031,114.76,0
2018,OHH1,Jun,53197.566666666666,350.33033333333333,27.453666666666667,16.936666666666667,1954.5006666666666,161.16,0
2018,OHH1,Jul,52227.56935483871,383.55967741935484,28.243870967741934,17.04806451612903,1961.8458064516128,115.14,0
2018,OHH1,Aug,48680.70419354839,357.12451612903226,27.921935483870968,17.633225806451613,2035.3448387096773,124.27,0
2018,OHH1,Sep,44003.393000000004,308.957,25.745333333333335,15.935666666666666,1856.3913333333333,168.13,0
2018,OHH1,Oct,39184.22903225807,283.8916129032258,18.047096774193548,6.584193548387097,1082.0858064516128,62.91,0
2018,OHH1,Nov,35145.871666666666,175.80633333333333,5.882,-1.2463333333333333,584.5093333333333,144.99,70.85
2018,OHH1,Dec,33193.19935483871,168.7616129032258,5.519677419354839,-2.6651612903225805,520.3603225806452,123,0
2018,SCH1,Jan,35872.61096774194,255.40774193548387,10.236774193548387,-3.0293548387096774,533.9267741935483,93.98,1.53
2018,SCH1,Feb,38667.874285714286,253.45535714285714,17.445357142857144,6.810357142857143,1062.6932142857142,171.58,0
2018,SCH1,Mar,42403.47548387097,369.8809677419355,16.19483870967742,3.7093548387096775,828.3,90.89999999999999,0
2018,SCH1,Apr,46395.55933333333,419.84566666666666,21.346333333333334,7.095666666666666,1034.0416666666667,124.77,0
2018,SCH1,May,49741.850967741935,338.6603225806452,28.145806451612902,16.782258064516128,1961.3112903225806,200.28,0
2018,SCH1,Jun,51414.734,418.5946666666667,31.790333333333333,19.927666666666667,2334.814,83.78,0
2018,SCH1,Jul,50627.08774193548,355.5367741935484,31.053548387096775,20.91774193548387,2481.180322580645,145.28,0
2018,SCH1,Aug,47724.85032258064,384.85709677419356,30.93774193548387,20.030967741935484,2354.4806451612903,103.36,0
2018,SCH1,Sep,43864.61233333333,312.82733333333334,30.827333333333335,20.635,2434.8663333333334,87.52,0
2018,SCH1,Oct,39881.47709677419,328.2861290322581,24.115483870967743,12.013870967741935,1508.7248387096774,95.68,0
2018,SCH1,Nov,36566.169,229.75233333333333,14.272333333333332,3.3216666666666668,806.0346666666667,219.89,0
2018,SCH1,Dec,34977.78064516129,203.32451612903225,12.258387096774193,2.3525806451612903,753.1703225806451,276.31,0
2018,TXH1-Dry,Jan,36955.68096774194,292.5222580645161,15.63967741935484,0.3009677419354839,677.1603225806451,27.470000000000002,0
2018,TXH1-Dry,Feb,39330.294642857145,274.0414285714286,17.971071428571427,7.377857142857143,1088.7092857142857,62.58,0
2018,TXH1-Dry,Mar,42519.14709677419,411.3932258064516,25.089354838709678,11.013225806451613,1371.4832258064516,147.1,0
2018,TXH1-Dry,Apr,45930.045,456.48333333333335,25.159,9.973333333333333,1245.602,44.53,0
2018,TXH1-Dry,May,48778.375483870965,401.30290322580646,32.230322580645165,19.27,2255.7551612903226,71.25,0
2018,TXH1-Dry,Jun,50194.97,378.99133333333333,34.522333333333336,22.981666666666666,2778.666,67.24,0
2018,TXH1-Dry,Jul,49528.746451612904,410.68709677419355,36.21677419354839,22.99225806451613,2694.0587096774193,64.67999999999999,0
2018,TXH1-Dry,Aug,47063.36935483871,414.00870967741935,37.02,22.575806451612902,2523.011612903226,13.5,0
2018,TXH1-Dry,Sep,43768.112,294.5366666666667,31.650333333333332,21.320333333333334,2487.4576666666667,179.72,0
2018,TXH1-Dry,Oct,40365.07419354839,303.0632258064516,26.016451612903225,15.191290322580645,1799.3854838709678,359.77,0
2018,TXH1-Dry,Nov,37543.54666666667,286.122,19.005,6.292,1013.739,108.69,0
2018,TXH1-Dry,Dec,36198.70580645162,243.42967741935485,16.887096774193548,5.004516129032258,891.4961290322581,219.28,0
2018,TXH1-Early,Jan,36955.68096774194,292.5222580645161,15.63967741935484,0.3009677419354839,677.1603225806451,27.470000000000002,0
2018,TXH1-Early,Feb,39330.294642857145,274.0414285714286,17.971071428571427,7.377857142857143,1088.7092857142857,62.58,0
2018,TXH1-Early,Mar,42519.14709677419,411.3932258064516,25.089354838709678,11.013225806451613,1371.4832258064516,147.1,0
2018,TXH1-Early,Apr,45930.045,456.48333333333335,25.159,9.973333333333333,1245.602,44.53,0
2018,TXH1-Early,May,48778.375483870965,401.30290322580646,32.230322580645165,19.27,2255.7551612903226,71.25,0
2018,TXH1-Early,Jun,50194.97,378.99133333333333,34.522333333333336,22.981666666666666,2778.666,67.24,0
2018,TXH1-Early,Jul,49528.746451612904,410.68709677419355,36.21677419354839,22.99225806451613,2694.0587096774193,64.67999999999999,0
2018,TXH1-Early,Aug,47063.36935483871,414.00870967741935,37.02,22.575806451612902,2523.011612903226,13.5,0
2018,TXH1-Early,Sep,43768.112,294.5366666666667,31.650333333333332,21.320333333333334,2487.4576666666667,179.72,0
2018,TXH1-Early,Oct,40365.07419354839,303.0632258064516,26.016451612903225,15.191290322580645,1799.3854838709678,359.77,0
2018,TXH1-Early,Nov,37543.54666666667,286.122,19.005,6.292,1013.739,108.69,0
2018,TXH1-Early,Dec,36198.70580645162,243.42967741935485,16.887096774193548,5.004516129032258,891.4961290322581,219.28,0
2018,TXH1-Late,Jan,36955.68096774194,292.5222580645161,15.63967741935484,0.3009677419354839,677.1603225806451,27.470000000000002,0
2018,TXH1-Late,Feb,39330.294642857145,274.0414285714286,17.971071428571427,7.377857142857143,1088.7092857142857,62.58,0
2018,TXH1-Late,Mar,42519.14709677419,411.3932258064516,25.089354838709678,11.013225806451613,1371.4832258064516,147.1,0
2018,TXH1-Late,Apr,45930.045,456.48333333333335,25.159,9.973333333333333,1245.602,44.53,0
2018,TXH1-Late,May,48778.375483870965,401.30290322580646,32.230322580645165,19.27,2255.7551612903226,71.25,0
2018,TXH1-Late,Jun,50194.97,378.99133333333333,34.522333333333336,22.981666666666666,2778.666,67.24,0
2018,TXH1-Late,Jul,49528.746451612904,410.68709677419355,36.21677419354839,22.99225806451613,2694.0587096774193,64.67999999999999,0
2018,TXH1-Late,Aug,47063.36935483871,414.00870967741935,37.02,22.575806451612902,2523.011612903226,13.5,0
2018,TXH1-Late,Sep,43768.112,294.5366666666667,31.650333333333332,21.320333333333334,2487.4576666666667,179.72,0
2018,TXH1-Late,Oct,40365.07419354839,303.0632258064516,26.016451612903225,15.191290322580645,1799.3854838709678,359.77,0
2018,TXH1-Late,Nov,37543.54666666667,286.122,19.005,6.292,1013.739,108.69,0
2018,TXH1-Late,Dec,36198.70580645162,243.42967741935485,16.887096774193548,5.004516129032258,891.4961290322581,219.28,0
2018,WIH1,Jan,33182.52387096774,203.75096774193548,-2.2293548387096775,-12.39741935483871,278.7616129032258,41.51,404.52
2018,WIH1,Feb,37042.55,271.87357142857144,-1.5303571428571427,-11.491428571428571,286.86571428571426,69.36,1051.42
2018,WIH1,Mar,42121.56193548387,399.39774193548385,6.0122580645161285,-5.2383870967741935,420.0674193548387,25.91,1326.06
2018,WIH1,Apr,47533.77566666667,437.564,8.750666666666667,-3.459,465.44866666666667,65.34,673.42
2018,WIH1,May,52125.35129032258,357.8090322580645,23.961290322580645,11.523225806451613,1406.626129032258,259.72,0
2018,WIH1,Jun,54459.93233333333,333.52566666666667,25.357333333333333,15.328666666666667,1767.6536666666666,283.84000000000003,0
2018,WIH1,Jul,53356.58483870968,399.8758064516129,27.77193548387097,16.09516129032258,1850.985806451613,69.52,0
2018,WIH1,Aug,49348.195806451615,338.6025806451613,26.97967741935484,16.31225806451613,1869.858064516129,410.46,0
2018,WIH1,Sep,44099.764,307.954,23.036,11.589,1427.972,180.99,0
2018,WIH1,Oct,38698.61483870968,237.88451612903225,13.398387096774194,3.1980645161290324,813.4506451612904,130.69,0
2018,WIH1,Nov,34147.323333333334,161.686,2.0116666666666667,-4.589333333333333,454.439,46.83,19.15
2018,WIH1,Dec,31929.549677419353,161.98741935483872,1.5483870967741935,-6.254516129032258,392.44548387096773,58.43,20.55
2018,WIH2,Jan,33055.43838709677,195.5858064516129,-2.08,-12.898064516129033,270.5961290322581,35.769999999999996,359.67
2018,WIH2,Feb,36966.599642857145,269.295,-1.542142857142857,-12.268214285714286,271.6575,48.75,866.03
2018,WIH2,Mar,42108.46548387097,390.37129032258065,6.000322580645161,-5.6490322580645165,403.3222580645161,16.48,886.11
2018,WIH2,Apr,47586.80233333333,425.81166666666667,8.611,-3.7876666666666665,439.89033333333333,73.92,580.88
2018,WIH2,May,52237.54967741935,356.3158064516129,24.159354838709678,11.431290322580645,1401.3170967741935,229.99,0
2018,WIH2,Jun,54604.46433333333,329.617,25.678666666666665,15.377333333333333,1779.0513333333333,165.15,0
2018,WIH2,Jul,53485.5964516129,402.74451612903226,28.14677419354839,15.704193548387096,1813.3248387096774,63.87,0
2018,WIH2,Aug,49424.06967741936,335.1116129032258,27.217741935483872,15.968387096774194,1831.5035483870968,241.24,0
2018,WIH2,Sep,44110.687,299.2316666666667,22.971,11.538,1425.5583333333334,160.08,0
2018,WIH2,Oct,38643.49129032258,226.5625806451613,13.318709677419355,3.1748387096774193,814.2441935483871,132.34,0
2018,WIH2,Nov,34033.422333333336,155.914,2.0563333333333333,-4.6546666666666665,453.49133333333333,47.77,15.31
2018,WIH2,Dec,31784.86741935484,146.39870967741936,1.3025806451612902,-6.0609677419354835,401.62193548387097,49.33,10.81
2019,DEH1,Jan,34681.64387096774,207.74290322580646,7.567741935483871,-2.2287096774193547,545.4970967741936,94.06,0
2019,DEH1,Feb,37944.42428571429,253.8317857142857,9.670714285714286,-0.2653571428571429,624.3407142857143,94.73,24.72
2019,DEH1,Mar,42277.62774193548,362.74645161290323,11.84032258064516,1.467741935483871,713.5816129032258,92.12,0
2019,DEH1,Apr,46902.960333333336,374.5613333333333,20.724,9.544,1235.2936666666667,108.12,0
2019,DEH1,May,50798.95483870968,375.10967741935485,25.03290322580645,14.746129032258064,1713.6445161290324,133.26,0
2019,DEH1,Jun,52759.836,376.362,28.754666666666665,18.548666666666666,2168.107666666667,108,0
2019,DEH1,Jul,51835.21161290322,378.4267741935484,32.159677419354836,21.38225806451613,2571.264193548387,62.52,0
2019,DEH1,Aug,48447.35612903226,346.12774193548387,30.026774193548388,20.107741935483872,2375.506129032258,115.69,0
2019,DEH1,Sep,43969.59333333333,352.71433333333334,28.078333333333333,17.010666666666665,1970.5606666666667,19.69,0
2019,DEH1,Oct,39354.256129032256,263.68387096774194,22.050967741935484,12.193225806451613,1465.3209677419354,103.81,0
2019,DEH1,Nov,35493.57633333333,229.329,12.708333333333334,1.9123333333333334,716.1316666666667,35.98,0
2019,DEH1,Dec,33631.367741935486,193.7741935483871,10.776451612903227,0.3790322580645161,651.1312903225806,106.2,0
2019,GAH1,Jan,36720.92451612903,272.8467741935484,16.20967741935484,3.926774193548387,865.5425806451613,98.06,0
2019,GAH1,Feb,39186.38642857143,314.54821428571427,21.3275,8.64642857142857,1149.609642857143,52.8,0
2019,GAH1,Mar,42493.9864516129,398.77096774193546,21.40225806451613,7.170967741935484,1047.068064516129,119.58000000000001,0
2019,GAH1,Apr,46031.244333333336,421.054,26.207,11.594666666666667,1393.1733333333334,52.48,0
2019,GAH1,May,48987.36387096774,417.1016129032258,32.06225806451613,17.743225806451612,2041.0967741935485,58.79,0
2019,GAH1,Jun,50459.106,354.799,32.618,20.853666666666665,2438.4646666666667,159.2,0
2019,GAH1,Jul,49766.79,407.41225806451615,33.553548387096775,21.197741935483872,2523.593870967742,70.55,0
2019,GAH1,Aug,47207.06967741936,351.42967741935485,33.10258064516129,21.726451612903226,2603.302258064516,164.57,0
2019,GAH1,Sep,43789.10433333334,410.09366666666665,33.57633333333334,19.536666666666665,2281.1936666666666,5.11,0
2019,GAH1,Oct,40259.951290322584,301.0648387096774,28.251935483870966,15.656774193548387,1814.3151612903225,127.77,0
2019,GAH1,Nov,37331.556666666664,299.43566666666663,19.53066666666667,5.6963333333333335,940.608,43.51,0
2019,GAH1,Dec,35934.32064516129,228.0616129032258,17.894516129032258,6.115161290322581,985.2403225806452,137.51,0
2019,GAH2,Jan,36126.467741935485,258.01290322580644,13.496451612903225,1.5229032258064517,721.1635483870967,108.39,0
2019,GAH2,Feb,38822.77785714286,274.70714285714286,17.116071428571427,5.696428571428571,940.6125,55.51,0
2019,GAH2,Mar,42430.49,408.5022580645161,19.13774193548387,5.1248387096774195,912.988064516129,49.44,0
2019,GAH2,Apr,46286.774333333335,412.771,24.722333333333335,10.335666666666667,1265.2036666666668,68.67,0
2019,GAH2,May,49516.194193548385,424.48290322580647,30.678709677419356,17.116451612903226,1839.1932258064517,43.9,0
2019,GAH2,Jun,51128.564666666665,374.22833333333335,30.802666666666667,19.087666666666667,2144.6126666666664,126.08,0
2019,GAH2,Jul,50369.62483870968,409.41161290322583,33.56903225806452,21.39677419354839,2538.46,92.31,0
2019,GAH2,Aug,47570.16032258065,385.59645161290325,32.90774193548387,20.699032258064516,2452.6003225806453,84.8,0
2019,GAH2,Sep,43842.07633333333,399.1263333333333,33.83866666666667,18.551666666666666,2145.4926666666665,22.87,0
2019,GAH2,Oct,39994.49677419355,286.93387096774194,26.04741935483871,13.61032258064516,1606.5525806451612,106.69,0
2019,GAH2,Nov,36795.098666666665,269.084,17.211,4.347666666666667,855.654,63.41,0
2019,GAH2,Dec,35264.22483870968,223.61741935483872,15.879354838709677,4.369354838709677,860.8016129032258,160.77,0
2019,GEH1,NA,NA,NA,NA,NA,NA,NA,NA
2019,IAH1,Jan,33833.60709677419,192.22935483870967,-1.9648387096774191,-11.293870967741935,313.8316129032258,49.85,245.35999999999999
2019,IAH1,Feb,37432.938571428575,273.37714285714287,-0.8574999999999999,-11.986071428571428,268.8442857142857,84.59,1199.6
2019,IAH1,Mar,42188.99612903226,390.5812903225806,6.535161290322581,-4.2064516129032254,488.4606451612903,58.43,1928.99
2019,IAH1,Apr,47260.973333333335,382.0663333333333,16.47266666666667,3.6430000000000002,808.1406666666667,136.16,146.59
2019,IAH1,May,51549.918387096775,336.0503225806452,20.401935483870968,9.28516129032258,1213.463870967742,263.2,0
2019,IAH1,Jun,53720.509,378.60266666666666,26.986333333333334,15.794333333333334,1816.714,120.06,0
2019,IAH1,Jul,52695.73806451613,401.43548387096774,30.988709677419354,19.407096774193548,2279.798064516129,20.599999999999998,0
2019,IAH1,Aug,48958.2335483871,358.56870967741935,27.629677419354838,15.943870967741935,1826.741935483871,84.85000000000001,0
2019,IAH1,Sep,44043.521,306.7703333333333,26.656333333333333,15.343666666666667,1778.5996666666667,191.97,0
2019,IAH1,Oct,38982.180645161294,261.51774193548385,14.587741935483871,3.6783870967741934,852.4367741935483,57.52,0
2019,IAH1,Nov,34731.435666666664,203.17233333333334,6.437666666666667,-3.921666666666667,477.62333333333333,40.77,0
2019,IAH1,Dec,32669.730967741936,181.8909677419355,5.538387096774193,-4.777096774193549,447.90645161290325,35.45,28.29
2019,IAH2,Jan,33533.82129032258,208.86645161290323,-2.57,-12.359677419354838,276.3332258064516,5.25,317.99
2019,IAH2,Feb,37252.92821428571,261.23821428571426,-5.059285714285714,-16.250714285714285,191.48285714285714,53.96,761.31
2019,IAH2,Mar,42157.87870967742,380.98806451612904,4.435161290322581,-6.359032258064516,421.70612903225805,59.45,1719.78
2019,IAH2,Apr,47386.814666666665,398.21666666666664,16.230666666666668,2.555,717.765,58.519999999999996,288.25
2019,IAH2,May,51814.99806451613,333.72967741935486,19.65516129032258,8.050322580645162,1113.016129032258,207.93,0
2019,IAH2,Jun,54060.756,383.9053333333333,27.007333333333335,14.982666666666667,1739.4276666666667,100.85,0
2019,IAH2,Jul,52999.99741935484,361.2816129032258,28.688387096774193,18.154193548387095,2120.108387096774,123.87,0
2019,IAH2,Aug,49138.04451612903,376.8425806451613,26.44483870967742,15.23,1748.0429032258064,100.13000000000001,0
2019,IAH2,Sep,44069.475333333336,305.3566666666667,26.182333333333332,14.483666666666666,1690.6523333333334,149.02,0
2019,IAH2,Oct,38851.379677419354,250.60645161290321,13.445806451612903,2.037741935483871,753.7603225806452,148.02,0
2019,IAH2,Nov,34462.371333333336,192.82733333333334,5.4143333333333334,-5.269666666666667,442.14933333333335,35.45,2.97
2019,IAH2,Dec,32329.137741935483,170.48483870967743,3.452903225806452,-7.506451612903226,368.60806451612905,26.87,81.64
2019,IAH3,Jan,33574.33,197.8125806451613,-4.053870967741935,-13.123870967741935,272.611935483871,48.23,337.88
2019,IAH3,Feb,37277.22607142857,260.2,-3.5317857142857143,-14.808928571428572,217.65285714285716,73.8,1436.67
2019,IAH3,Mar,42162.07548387097,395.2022580645161,4.419032258064516,-6.0680645161290325,431.63935483870966,42.75,2243.38
2019,IAH3,Apr,47369.83433333333,386.806,15.817333333333334,2.48,742.1306666666667,92.93,373.66
2019,IAH3,May,51779.193225806455,353.5822580645161,19.64483870967742,7.853225806451613,1097.5906451612902,223.13,0
2019,IAH3,Jun,54014.759666666665,376.3516666666667,26.204333333333334,14.667,1692.682,121.84,0
2019,IAH3,Jul,52958.88483870968,390.2451612903226,29.56806451612903,18.074516129032258,2105.204516129032,63.129999999999995,0
2019,IAH3,Aug,49113.77225806451,364.02870967741933,26.37709677419355,14.480322580645161,1664.9167741935485,127.99,0
2019,IAH3,Sep,44065.975333333336,297.97833333333335,25.567666666666668,14.185,1654.207,147.24,0
2019,IAH3,Oct,38869.03129032258,251.97387096774193,13.272903225806452,2.2383870967741935,775.5564516129032,168.88,0
2019,IAH3,Nov,34498.71566666666,187.071,4.537333333333334,-5.250333333333334,436.1293333333333,50.93,0
2019,IAH3,Dec,32375.180322580643,183.77032258064517,3.932903225806452,-6.391935483870967,400.29903225806453,27.64,45.13
2019,IAH4,Jan,33554.0964516129,202.50967741935483,-2.8245161290322582,-12.652258064516129,272.99645161290323,26.28,192.93
2019,IAH4,Feb,37265.08857142857,273.8596428571429,-4.433928571428571,-15.548928571428572,201.6317857142857,57.96,1187.95
2019,IAH4,Mar,42159.97903225807,389.6658064516129,4.542903225806452,-5.906129032258065,432.34741935483873,35.96,1909.53
2019,IAH4,Apr,47378.316333333336,387.23966666666666,16.604333333333333,2.964,725.7723333333333,66.92,195.65
2019,IAH4,May,51797.07677419355,343.18225806451613,19.857741935483872,8.15258064516129,1112.2887096774193,238.12,0
2019,IAH4,Jun,54037.73333333334,380.6313333333333,26.629666666666665,14.888666666666667,1725.705,120.28999999999999,0
2019,IAH4,Jul,52979.42,372.1687096774194,29.196774193548386,18.11032258064516,2108.3148387096776,150.35,0
2019,IAH4,Aug,49125.89580645161,368.98129032258066,26.609354838709677,15.03483870967742,1723.4687096774194,48.97,0
2019,IAH4,Sep,44067.723333333335,302.445,26.078,14.567666666666666,1697.5436666666667,154.08,0
2019,IAH4,Oct,38860.213548387095,249.16838709677418,13.571290322580646,2.2638709677419353,762.8058064516129,175.25,0
2019,IAH4,Nov,34480.56166666667,193.108,5.029,-5.069,444.71933333333334,50.269999999999996,5.32
2019,IAH4,Dec,32352.182903225807,188.02709677419355,3.708064516129032,-7.0529032258064515,379.1725806451613,24.38,10.120000000000001
2019,ILH1,Jan,34219.54774193549,218.3041935483871,-0.017419354838709707,-8.896129032258065,360.95870967741934,64.78,459.59
2019,ILH1,Feb,37665.311785714286,287.45392857142855,3.3953571428571427,-5.898214285714285,410.4582142857143,43.839999999999996,831.03
2019,ILH1,Mar,42229.224516129034,369.06,7.81741935483871,-2.872258064516129,533.9209677419354,133.32,374.34
2019,ILH1,Apr,47098.405,366.943,17.255666666666666,5.407333333333334,922.1783333333333,129.91,0
2019,ILH1,May,51208.35064516129,388.0922580645161,22.86709677419355,11.76483870967742,1429.3232258064515,130.28,0
2019,ILH1,Jun,53282.983,390.65766666666667,27.302333333333333,16.192333333333334,1868.203,102.15,0
2019,ILH1,Jul,52304.082903225804,386.53741935483873,30.377741935483872,18.966451612903224,2225.204516129032,65.17,0
2019,ILH1,Aug,48726.13032258065,364.7790322580645,27.991612903225807,16.569032258064517,1902.2064516129033,65.98,0
2019,ILH1,Sep,44009.96666666667,345.8433333333333,28.027,15.600333333333333,1795.0033333333333,64.55,0
2019,ILH1,Oct,39151.144838709675,265.21258064516127,17.924193548387098,6.168709677419355,998.2922580645161,135.7,0
2019,ILH1,Nov,35078.107,226.75133333333332,7.159666666666666,-3.1496666666666666,507.6893333333333,56.35,88.86
2019,ILH1,Dec,33107.69741935484,193.68322580645162,6.048387096774194,-3.983548387096774,477.27677419354836,38.49,44.58
2019,INH1,Jan,34086.18709677419,189.51903225806453,-0.6616129032258065,-9.34,353.0367741935484,74.08,384.13
2019,INH1,Feb,37584.9375,269.315,2.8721428571428573,-6.316071428571429,404.11571428571426,54.69,999.35
2019,INH1,Mar,42215.30225806452,367.9335483870968,6.844193548387096,-3.595806451612903,504.37290322580645,105.19,526.59
2019,INH1,Apr,47154.65,366.20666666666665,16.192,4.446666666666666,863.978,145.75,0
2019,INH1,May,51326.415483870966,366.08838709677417,22.196451612903225,10.676774193548386,1329.826129032258,139.92000000000002,0
2019,INH1,Jun,53434.104999999996,384.4,26.494,15.494666666666667,1790.2716666666668,95.58,0
2019,INH1,Jul,52439.41129032258,384.44387096774193,30.252903225806453,18.59741935483871,2183.8254838709677,62.22,0
2019,INH1,Aug,48806.40935483871,385.12193548387097,28.053870967741936,15.740967741935483,1805.878387096774,74.89,0
2019,INH1,Sep,44021.579666666665,344.85333333333335,27.23,14.903,1719.0546666666667,69.69,0
2019,INH1,Oct,39092.68935483871,260.8990322580645,17.95258064516129,6.078387096774193,995.0577419354838,98.11,0
2019,INH1,Nov,34958.281,207.739,6.658666666666667,-3.2526666666666664,503.03633333333335,43.199999999999996,0
2019,INH1,Dec,32956.423548387094,174.67548387096775,6.058709677419355,-3.8229032258064515,481.6874193548387,68.92,0
2019,MIH1,Jan,33307.96709677419,179.84,-2.089677419354839,-10.43741935483871,316.40354838709675,40.63,222.91
2019,MIH1,Feb,37117.60178571429,245.31357142857144,0.30714285714285716,-8.437857142857142,350.6625,63.18,911.97
2019,MIH1,Mar,42134.51096774194,379.4464516129032,4.906129032258065,-5.57483870967742,430.8716129032258,55.68,1356.54
2019,MIH1,Apr,47481.362,365.81466666666665,13.548,2.4593333333333334,739.4673333333334,94.37,133.64
2019,MIH1,May,52014.56612903226,385.18290322580646,19.181290322580644,7.402258064516129,1042.9193548387098,83.83,0
2019,MIH1,Jun,54317.33433333333,366.49333333333334,24.278333333333332,13.031,1530.542,190.34,0
2019,MIH1,Jul,53229.24935483871,376.4683870967742,29.325806451612902,17.498709677419356,2035.7474193548387,79.5,0
2019,MIH1,Aug,49273.224516129034,377.41225806451615,27.06741935483871,14.415806451612903,1669.3806451612904,38.39,0
2019,MIH1,Sep,44088.96366666667,293.7903333333333,24.041,13.357666666666667,1550.4366666666667,112.25999999999999,0
2019,MIH1,Oct,38753.1,244.28225806451613,15.26774193548387,5.101935483870967,908.7264516129032,170.98,0
2019,MIH1,Nov,34259.789333333334,180.17566666666667,4.752666666666666,-3.259,499.1086666666667,58.73,0.02
2019,MIH1,Dec,32072.295483870967,152.61612903225807,4.388709677419355,-3.5180645161290323,488.8906451612903,72.21000000000001,0
2019,MNH1,Jan,32796.1564516129,180.9832258064516,-6.838387096774193,-15.347741935483871,234.66129032258064,29.299999999999997,271.78
2019,MNH1,Feb,36811.90535714286,251.5407142857143,-7.6257142857142854,-18.701785714285716,156.6067857142857,68.42,1752.07
2019,MNH1,Mar,42081.813870967744,379.31451612903226,1.7051612903225806,-8.843225806451613,369.5593548387097,54.04,3468.27
2019,MNH1,Apr,47694.75433333333,398.62733333333335,12.485666666666667,1.7233333333333334,706.027,125.83,1791.78
2019,MNH1,May,52466.32677419355,369.46032258064514,17.756129032258066,6.975806451612903,1028.2309677419355,170.05,2.75
2019,MNH1,Jun,54899.560666666664,369.63166666666666,25.206666666666667,14.411,1670.8856666666666,126.02,0
2019,MNH1,Jul,53748.82548387097,358.5503225806452,27.580967741935485,17.580645161290324,2029.0177419354839,179.67,0
2019,MNH1,Aug,49578.60870967742,360.3325806451613,25.156451612903226,14.306451612903226,1650.0370967741935,123.72,0
2019,MNH1,Sep,44132.914666666664,290.789,23.815666666666665,13.058666666666667,1539.086,196.9,0
2019,MNH1,Oct,38531.26258064516,220.5106451612903,11.082258064516129,1.7751612903225806,735.8948387096774,138.42,0
2019,MNH1,Nov,33801.15666666667,165.37466666666666,1.84,-5.847666666666667,420.621,61.99,109.12
2019,MNH1,Dec,31489.463548387095,166.48612903225808,-1.3190322580645162,-10.508064516129032,309.3603225806452,39.940000000000005,206.85
2019,MOH1,Jan,34609.142258064516,208.17225806451614,2.718064516129032,-5.909354838709677,430.3412903225806,71.62,163.81
2019,MOH1,Feb,37900.56964285714,283.35035714285715,4.3025,-5.378214285714286,429.9917857142857,55.12,577.51
2019,MOH1,Mar,42270.017096774194,366.46354838709675,10.064193548387097,-0.497741935483871,646.9664516129033,126.99,264.2
2019,MOH1,Apr,46933.681333333334,381.265,20.101,7.61,1083.5716666666667,146.07,0
2019,MOH1,May,50863.217419354834,351.61483870967743,23.56967741935484,13.049032258064516,1552.2477419354839,120.78,0
2019,MOH1,Jun,52841.86866666667,378.7746666666667,27.924666666666667,17.417333333333332,2012.2073333333333,157.03,0
2019,MOH1,Jul,51908.77225806451,389.99,30.849032258064515,20.311290322580646,2396.162580645161,60.56,0
2019,MOH1,Aug,48491.15612903226,353.36064516129034,29.274516129032257,18.958709677419353,2205.6590322580646,172.61,0
2019,MOH1,Sep,43975.941,340.5713333333333,29.447,18.229,2118.48,82.88,0
2019,MOH1,Oct,39322.33225806452,266.2532258064516,16.93193548387097,6.312903225806451,1014.5345161290322,123.64,0
2019,MOH1,Nov,35428.363,234.04566666666668,10.606333333333334,-1.1513333333333333,587.19,93.32000000000001,0
2019,MOH1,Dec,33549.25322580645,193.0432258064516,8.96516129032258,-1.9351612903225806,549.6703225806451,42.309999999999995,10.75
2019,NCH1,Jan,35579.40903225807,243.1516129032258,11.086774193548386,-0.09322580645161294,647.6338709677419,107.25,49.46
2019,NCH1,Feb,38489.25428571428,268.87392857142856,14.841428571428573,2.3539285714285714,744.4942857142858,120.63,2
2019,NCH1,Mar,42372.355161290325,383.64870967741933,15.809354838709677,2.810967741935484,767.7616129032258,87.12,0
2019,NCH1,Apr,46520.94066666667,384.27866666666665,23.086333333333332,9.964666666666666,1277.029,150.98,0
2019,NCH1,May,50002.342903225806,411.93612903225807,29.519354838709678,16.661612903225805,1935.5858064516128,42.81,0
2019,NCH1,Jun,51745.484,369.11333333333334,29.976,18.674333333333333,2180.308666666667,131.97,0
2019,NCH1,Jul,50924.47548387097,395.4835483870968,33.126774193548385,21.02193548387097,2504.8312903225806,179.45,0
2019,NCH1,Aug,47903.22774193549,354.0032258064516,31.13967741935484,20.15806451612903,2373.476129032258,93.3,0
2019,NCH1,Sep,43890.57366666666,364.0443333333333,30.250333333333334,18.723,2187.998,63.82,0
2019,NCH1,Oct,39751.21193548387,292.17967741935485,24.23548387096774,12.481290322580644,1495.2858064516129,125.86,0
2019,NCH1,Nov,36301.884,244.14433333333332,14.044,2.485,747.6136666666666,85.67,0
2019,NCH1,Dec,34646.71290322581,224.8025806451613,13.919677419354839,1.8570967741935482,723.3841935483871,104.54,0
2019,NEH1,Jan,33950.99161290323,218.88225806451612,0.9158064516129032,-9.130322580645162,341.1058064516129,26.96,668.46
2019,NEH1,Feb,37503.54178571428,293.1121428571428,-3.1164285714285715,-13.03,241.44142857142856,44.91,933.36
2019,NEH1,Mar,42201.212258064515,386.02,6.8025806451612905,-4.59,496.0841935483871,60.58,1677.88
2019,NEH1,Apr,47211.594,417.77366666666666,19.186666666666667,4.516,771.676,27.84,54.44
2019,NEH1,May,51446.06580645161,355.47903225806454,21.206774193548387,9.476774193548387,1202.5890322580644,199.64000000000001,0
2019,NEH1,Jun,53587.375,387.73266666666666,28.498666666666665,16.035333333333334,1866.5083333333332,106.47,0
2019,NEH1,Jul,52576.60806451613,377.06870967741935,30.76322580645161,19.410967741935483,2288.761612903226,120.8,0
2019,NEH1,Aug,48887.71032258064,340.33193548387095,28.05290322580645,17.88225806451613,2066.083870967742,77.49,0
2019,NEH1,Sep,44033.33266666667,337.654,28.693,16.201333333333334,1882.0026666666668,91.86,0
2019,NEH1,Oct,39033.50580645161,272.8932258064516,15.339677419354839,2.8287096774193548,795.7267741935484,121.14,0
2019,NEH1,Nov,34836.843,215.59366666666665,9.334333333333333,-3.681,486.62266666666665,21.79,0
2019,NEH1,Dec,32802.99967741936,191.06129032258065,5.943548387096774,-5.8748387096774195,404.85709677419356,72.64,213.35999999999999
2019,NYH1,Jan,33307.96709677419,198.2183870967742,-1.7012903225806453,-10.677741935483871,298.50967741935483,67.49,762.43
2019,NYH1,Feb,37117.60178571429,248.14928571428572,1.2942857142857143,-7.8028571428571425,366.35857142857145,49.25,1412.05
2019,NYH1,Mar,42134.51096774194,378.34741935483873,4.510322580645162,-6.111935483870968,420.08354838709676,33,1959.6
2019,NYH1,Apr,47481.362,393.502,13.216,1.4663333333333333,687.0356666666667,105.06,485.45
2019,NYH1,May,52014.56612903226,365.9522580645161,18.37548387096774,7.530967741935484,1053.8506451612902,123.96,0
2019,NYH1,Jun,54317.33433333333,380.9186666666667,23.295,11.925666666666666,1417.97,116.2,0
2019,NYH1,Jul,53229.24935483871,365.8674193548387,27.688709677419354,16.497096774193547,1907.4622580645162,127.86,0
2019,NYH1,Aug,49273.224516129034,356.64193548387095,25.225161290322582,13.766129032258064,1592.2283870967742,105.94,0
2019,NYH1,Sep,44088.96366666667,336.15433333333334,22.471666666666668,10.281333333333333,1265.08,61.57,0
2019,NYH1,Oct,38753.1,231.2248387096774,15.878709677419355,5.33741935483871,922.0512903225806,181.26,0
2019,NYH1,Nov,34259.789333333334,180.19033333333334,5.04,-2.3356666666666666,534.755,25.75,7.63
2019,NYH1,Dec,32072.295483870967,172.43903225806451,2.61,-5.5206451612903225,425.6161290322581,93.78,522.52
2019,NYH2,Jan,33307.96709677419,198.2183870967742,-1.7012903225806453,-10.677741935483871,298.50967741935483,67.49,762.43
2019,NYH2,Feb,37117.60178571429,248.14928571428572,1.2942857142857143,-7.8028571428571425,366.35857142857145,49.25,1412.05
2019,NYH2,Mar,42134.51096774194,378.34741935483873,4.510322580645162,-6.111935483870968,420.08354838709676,33,1959.6
2019,NYH2,Apr,47481.362,393.502,13.216,1.4663333333333333,687.0356666666667,105.06,485.45
2019,NYH2,May,52014.56612903226,365.9522580645161,18.37548387096774,7.530967741935484,1053.8506451612902,123.96,0
2019,NYH2,Jun,54317.33433333333,380.9186666666667,23.295,11.925666666666666,1417.97,116.2,0
2019,NYH2,Jul,53229.24935483871,365.8674193548387,27.688709677419354,16.497096774193547,1907.4622580645162,127.86,0
2019,NYH2,Aug,49273.224516129034,356.64193548387095,25.225161290322582,13.766129032258064,1592.2283870967742,105.94,0
2019,NYH2,Sep,44088.96366666667,336.15433333333334,22.471666666666668,10.281333333333333,1265.08,61.57,0
2019,NYH2,Oct,38753.1,231.2248387096774,15.878709677419355,5.33741935483871,922.0512903225806,181.26,0
2019,NYH2,Nov,34259.789333333334,180.19033333333334,5.04,-2.3356666666666666,534.755,25.75,7.63
2019,NYH2,Dec,32072.295483870967,172.43903225806451,2.61,-5.5206451612903225,425.6161290322581,93.78,522.52
2019,NYH3,Jan,33307.96709677419,198.2183870967742,-1.7012903225806453,-10.677741935483871,298.50967741935483,67.49,762.43
2019,NYH3,Feb,37117.60178571429,248.14928571428572,1.2942857142857143,-7.8028571428571425,366.35857142857145,49.25,1412.05
2019,NYH3,Mar,42134.51096774194,378.34741935483873,4.510322580645162,-6.111935483870968,420.08354838709676,33,1959.6
2019,NYH3,Apr,47481.362,393.502,13.216,1.4663333333333333,687.0356666666667,105.06,485.45
2019,NYH3,May,52014.56612903226,365.9522580645161,18.37548387096774,7.530967741935484,1053.8506451612902,123.96,0
2019,NYH3,Jun,54317.33433333333,380.9186666666667,23.295,11.925666666666666,1417.97,116.2,0
2019,NYH3,Jul,53229.24935483871,365.8674193548387,27.688709677419354,16.497096774193547,1907.4622580645162,127.86,0
2019,NYH3,Aug,49273.224516129034,356.64193548387095,25.225161290322582,13.766129032258064,1592.2283870967742,105.94,0
2019,NYH3,Sep,44088.96366666667,336.15433333333334,22.471666666666668,10.281333333333333,1265.08,61.57,0
2019,NYH3,Oct,38753.1,231.2248387096774,15.878709677419355,5.33741935483871,922.0512903225806,181.26,0
2019,NYH3,Nov,34259.789333333334,180.19033333333334,5.04,-2.3356666666666666,534.755,25.75,7.63
2019,NYH3,Dec,32072.295483870967,172.43903225806451,2.61,-5.5206451612903225,425.6161290322581,93.78,522.52
2019,OHH1,Jan,34294.94935483871,187.2225806451613,0.5267741935483872,-7.191290322580645,401.9474193548387,84.41,199.25
2019,OHH1,Feb,37710.790357142854,281.0307142857143,5.056071428571428,-4.527857142857143,464.68892857142856,138.69,715.52
2019,OHH1,Mar,42237.10451612903,363.0848387096774,7.6087096774193546,-3.169032258064516,516.7006451612904,108.54,432.12
2019,OHH1,Apr,47066.57133333333,386.33633333333336,17.486,4.932666666666667,894.9686666666666,110.58,0
2019,OHH1,May,51141.57870967742,345.6441935483871,22.865483870967743,11.847096774193549,1433.9693548387097,182.14,0
2019,OHH1,Jun,53197.566666666666,358.064,25.852333333333334,15.377666666666666,1782.7696666666666,177.45000000000002,0
2019,OHH1,Jul,52227.56935483871,384.35967741935485,30.084193548387095,18.676451612903225,2181.0487096774195,90.50999999999999,0
2019,OHH1,Aug,48680.70419354839,367.1925806451613,27.80548387096774,16.164516129032258,1852.0229032258064,63.88,0
2019,OHH1,Sep,44003.393000000004,375.55,28.420666666666666,14.388666666666667,1661.3753333333334,36.49,0
2019,OHH1,Oct,39184.22903225807,264.51612903225805,19.81193548387097,6.930967741935484,1046.611935483871,81.06,0
2019,OHH1,Nov,35145.871666666666,201.10466666666667,7.6513333333333335,-2.368,533.8923333333333,50.02,0
2019,OHH1,Dec,33193.19935483871,172.73032258064515,6.679032258064516,-3.0538709677419353,511.60806451612905,66.89,0
2019,ONH2,Jan,33411.278387096776,177.58129032258066,-1.215483870967742,-8.883548387096774,352.8396774193548,56.21,272.72
2019,ONH2,Feb,37179.4725,244.32785714285714,0.9282142857142858,-6.958214285714286,392.3642857142857,67.9,567.11
2019,ONH2,Mar,42145.191612903225,367.48129032258066,4.168709677419355,-4.749677419354839,461.6483870967742,55.98,501.84999999999997
2019,ONH2,Apr,47438.14133333333,353.46,11.778666666666666,2.982666666666667,769.949,115.97,0
2019,ONH2,May,51923.2929032258,380.5148387096774,18.18774193548387,7.733870967741935,1068.5958064516128,95.01,0
2019,ONH2,Jun,54199.943333333336,375.5826666666667,22.844,13.540666666666667,1579.166,85.54,0
2019,ONH2,Jul,53124.38161290323,373.4241935483871,27.975161290322582,17.981612903225805,2091.4151612903224,146.46,0
2019,ONH2,Aug,49211.42032258064,353.93387096774194,25.86225806451613,16.108064516129033,1849.8429032258064,68.78,0
2019,ONH2,Sep,44080.05733333333,317.93766666666664,23.446666666666665,14.434666666666667,1665.724,38.01,0
2019,ONH2,Oct,38798.02612903226,249.15064516129033,16.384193548387096,7.338064516129032,1056.4567741935484,125.26,0
2019,ONH2,Nov,34352.44033333333,174.49166666666667,5.503666666666667,-1.319,575.173,42.25,0
2019,ONH2,Dec,32189.80741935484,147.61709677419356,4.313870967741935,-1.9525806451612904,548.3035483870968,39.96,0
2019,SCH1,Jan,35872.61096774194,249.65064516129033,11.820322580645161,0.6993548387096774,679.2777419354838,133.38,0
2019,SCH1,Feb,38667.874285714286,254.87178571428572,15.600714285714286,4.292142857142857,859.3807142857142,182.01,0
2019,SCH1,Mar,42403.47548387097,396.66064516129035,17.253548387096775,4.115161290322581,845.3958064516129,70.7,0
2019,SCH1,Apr,46395.55933333333,391.22933333333333,23.526666666666667,10.066,1282.8866666666668,109.2,0
2019,SCH1,May,49741.850967741935,420.0122580645161,29.460645161290323,16.70709677419355,1909.2564516129032,38.11,0
2019,SCH1,Jun,51414.734,368.98533333333336,29.599,18.503,2124.1336666666666,121.96,0
2019,SCH1,Jul,50627.08774193548,400.04903225806453,32.699999999999996,20.713225806451614,2424.5954838709677,54.660000000000004,0
2019,SCH1,Aug,47724.85032258064,367.5725806451613,32.09741935483871,20.189032258064515,2361.7345161290323,69.33,0
2019,SCH1,Sep,43864.61233333333,388.8833333333333,32.835,18.60033333333333,2093.12,28.92,0
2019,SCH1,Oct,39881.47709677419,279.6248387096774,24.925483870967742,13.24,1563.6312903225808,143.03,0
2019,SCH1,Nov,36566.169,268.157,16.059666666666665,3.0933333333333333,779.4303333333334,100.32000000000001,0
2019,SCH1,Dec,34977.78064516129,215.54451612903227,14.658064516129032,3.202258064516129,795.0167741935484,135.82,0
2019,TXH1,Jan,36955.68096774194,273.8090322580645,16.149354838709677,3.069677419354839,781.1625806451613,126.36,0
2019,TXH1,Feb,39330.294642857145,292.75392857142856,17.840357142857144,7.158571428571428,1069.585,60.24,0
2019,TXH1,Mar,42519.14709677419,414.8238709677419,20.988709677419354,8.125483870967741,1146.5738709677419,25.83,0
2019,TXH1,Apr,45930.045,416.19033333333334,26.252,12.550666666666666,1476.4333333333334,189.64000000000001,0
2019,TXH1,May,48778.375483870965,373.9283870967742,29.89032258064516,18.828064516129032,2216.6409677419356,231.88,0
2019,TXH1,Jun,50194.97,402.76733333333334,32.897666666666666,21.046666666666667,2510.684333333333,145.4,0
2019,TXH1,Jul,49528.746451612904,418.92451612903227,35.19032258064516,22.379032258064516,2721.7135483870966,24.990000000000002,0
2019,TXH1,Aug,47063.36935483871,384.0796774193548,37.671290322580646,23.824193548387097,2953.0767741935483,48.370000000000005,0
2019,TXH1,Sep,43768.112,361.99233333333336,35.986,21.655333333333335,2523.356333333333,60.87,0
2019,TXH1,Oct,40365.07419354839,326.16129032258067,27.83806451612903,13.163225806451612,1507.0667741935483,102.65,0
2019,TXH1,Nov,37543.54666666667,280.938,21.076,6.227666666666667,1024.517,50.48,0
2019,TXH1,Dec,36198.70580645162,280.82032258064515,19.919354838709676,4.383225806451613,869.9190322580645,16.830000000000002,0
2019,TXH2,Jan,36955.68096774194,273.8090322580645,16.149354838709677,3.069677419354839,781.1625806451613,126.36,0
2019,TXH2,Feb,39330.294642857145,292.75392857142856,17.840357142857144,7.158571428571428,1069.585,60.24,0
2019,TXH2,Mar,42519.14709677419,414.8238709677419,20.988709677419354,8.125483870967741,1146.5738709677419,25.83,0
2019,TXH2,Apr,45930.045,416.19033333333334,26.252,12.550666666666666,1476.4333333333334,189.64000000000001,0
2019,TXH2,May,48778.375483870965,373.9283870967742,29.89032258064516,18.828064516129032,2216.6409677419356,231.88,0
2019,TXH2,Jun,50194.97,402.76733333333334,32.897666666666666,21.046666666666667,2510.684333333333,145.4,0
2019,TXH2,Jul,49528.746451612904,418.92451612903227,35.19032258064516,22.379032258064516,2721.7135483870966,24.990000000000002,0
2019,TXH2,Aug,47063.36935483871,384.0796774193548,37.671290322580646,23.824193548387097,2953.0767741935483,48.370000000000005,0
2019,TXH2,Sep,43768.112,361.99233333333336,35.986,21.655333333333335,2523.356333333333,60.87,0
2019,TXH2,Oct,40365.07419354839,326.16129032258067,27.83806451612903,13.163225806451612,1507.0667741935483,102.65,0
2019,TXH2,Nov,37543.54666666667,280.938,21.076,6.227666666666667,1024.517,50.48,0
2019,TXH2,Dec,36198.70580645162,280.82032258064515,19.919354838709676,4.383225806451613,869.9190322580645,16.830000000000002,0
2019,TXH3,Jan,36955.68096774194,273.8090322580645,16.149354838709677,3.069677419354839,781.1625806451613,126.36,0
2019,TXH3,Feb,39330.294642857145,292.75392857142856,17.840357142857144,7.158571428571428,1069.585,60.24,0
2019,TXH3,Mar,42519.14709677419,414.8238709677419,20.988709677419354,8.125483870967741,1146.5738709677419,25.83,0
2019,TXH3,Apr,45930.045,416.19033333333334,26.252,12.550666666666666,1476.4333333333334,189.64000000000001,0
2019,TXH3,May,48778.375483870965,373.9283870967742,29.89032258064516,18.828064516129032,2216.6409677419356,231.88,0
2019,TXH3,Jun,50194.97,402.76733333333334,32.897666666666666,21.046666666666667,2510.684333333333,145.4,0
2019,TXH3,Jul,49528.746451612904,418.92451612903227,35.19032258064516,22.379032258064516,2721.7135483870966,24.990000000000002,0
2019,TXH3,Aug,47063.36935483871,384.0796774193548,37.671290322580646,23.824193548387097,2953.0767741935483,48.370000000000005,0
2019,TXH3,Sep,43768.112,361.99233333333336,35.986,21.655333333333335,2523.356333333333,60.87,0
2019,TXH3,Oct,40365.07419354839,326.16129032258067,27.83806451612903,13.163225806451612,1507.0667741935483,102.65,0
2019,TXH3,Nov,37543.54666666667,280.938,21.076,6.227666666666667,1024.517,50.48,0
2019,TXH3,Dec,36198.70580645162,280.82032258064515,19.919354838709676,4.383225806451613,869.9190322580645,16.830000000000002,0
2019,WIH1,Jan,33182.52387096774,186.15064516129033,-4.930645161290323,-13.899032258064516,263.4293548387097,69.91,362.86
2019,WIH1,Feb,37042.55,260.69464285714287,-2.669285714285714,-13.559642857142856,236.79285714285714,83.97,2042.08
2019,WIH1,Mar,42121.56193548387,414.4422580645161,4.5683870967741935,-6.999354838709678,399.68548387096774,31.69,3717.61
2019,WIH1,Apr,47533.77566666667,402.19233333333335,13.485,1.7803333333333333,695.2666666666667,92.38,1898.3
2019,WIH1,May,52125.35129032258,387.111935483871,18.578387096774193,6.978064516129033,1022.5754838709678,124.33,10.47
2019,WIH1,Jun,54459.93233333333,372.765,24.841666666666665,13.115666666666666,1534.2023333333334,146.96,0
2019,WIH1,Jul,53356.58483870968,372.5445161290323,29.083548387096773,17.698709677419355,2045.2777419354838,147.44,0
2019,WIH1,Aug,49348.195806451615,357.3248387096774,25.629354838709677,14.208064516129033,1636.513870967742,136.73,0
2019,WIH1,Sep,44099.764,296.987,23.440666666666665,13.345333333333333,1548.5226666666667,182.25,0
2019,WIH1,Oct,38698.61483870968,237.99806451612903,12.684193548387096,3.314193548387097,817.4170967741935,155.8,0
2019,WIH1,Nov,34147.323333333334,178.96466666666666,2.7096666666666667,-5.298,432.12066666666664,62.26,16.1
2019,WIH1,Dec,31929.549677419353,172.9383870967742,3.0464516129032257,-6.2141935483870965,403.9490322580645,32.86,3.02
2019,WIH2,Jan,33076.73516129032,188.97548387096774,-5.126129032258064,-14.296451612903226,252.77870967741936,58.21,753.97
2019,WIH2,Feb,36979.32035714285,257.35535714285714,-3.03,-13.93,237.74678571428572,81.1,2034.88
2019,WIH2,Mar,42110.65838709677,406.2583870967742,4.0932258064516125,-7.469677419354839,389.9177419354839,27.48,3708.62
2019,WIH2,Apr,47577.92166666667,390.32866666666666,12.960666666666667,1.6003333333333334,684.7216666666667,97.68,1967.28
2019,WIH2,May,52218.75,385.2974193548387,18.12451612903226,6.695483870967742,1004.5358064516129,161.15,19.39
2019,WIH2,Jun,54580.239,373.499,24.508333333333333,12.710333333333333,1495.1843333333334,139.98,0
2019,WIH2,Jul,53463.97677419355,371.5635483870968,28.848709677419354,17.25774193548387,1993.1641935483872,114.39,0
2019,WIH2,Aug,49411.36064516129,352.6190322580645,25.455806451612904,13.779677419354838,1595.608387096774,110.42,0
2019,WIH2,Sep,44108.85833333333,294.0643333333333,23.277,12.826,1500.702,162.15,0
2019,WIH2,Oct,38652.722903225804,228.32,12.682903225806452,3.2803225806451612,816.0754838709678,167.84,0
2019,WIH2,Nov,34052.507,172.06933333333333,2.6133333333333333,-5.241333333333333,437.08033333333333,68.61,9.35
2019,WIH2,Dec,31809.11741935484,167.10709677419354,2.838064516129032,-6.252903225806452,406.64935483870966,39.23,80.36
2020,DEH1,Jan,34681.64387096774,206.5493548387097,10.076774193548387,0.6351612903225806,670.0390322580645,87.88,0
2020,DEH1,Feb,38014.87655172414,264.1,11.261379310344827,1.313448275862069,698.7286206896551,99.63,0
2020,DEH1,Mar,42431.080322580645,310.49,15.288709677419355,5.295483870967742,915.6087096774194,113.15,0
2020,DEH1,Apr,47047.988333333335,389.901,17.05966666666667,6.342,981.385,104.32,0
2020,DEH1,May,50901.16612903226,385.4858064516129,21.170967741935485,11.45225806451613,1405.0735483870967,83.16,0
2020,DEH1,Jun,52777.03866666667,396.98,28.491666666666667,18.245333333333335,2129.2736666666665,93.78999999999999,0
2020,DEH1,Jul,51758.080322580645,351.60806451612905,32.16290322580645,22.44,2724.458064516129,150.23,0
2020,DEH1,Aug,48311.86258064516,317.08838709677417,29.709032258064514,21.33741935483871,2555.046451612903,192.9,0
2020,DEH1,Sep,43815.937333333335,316.8086666666667,25.503333333333334,16.686,1964.617,165.79,0
2020,DEH1,Oct,39210.088387096774,268.68709677419355,21.365806451612904,11.46967741935484,1391.7716129032258,179.47,0
2020,DEH1,Nov,35393.38333333333,227.78900000000002,17.698999999999998,6.113666666666667,978.7346666666667,154.99,0
2020,DEH1,Dec,33615.613333333335,183.15166666666667,9.905333333333333,0.4726666666666667,652.5746666666666,166.31,0
2020,GAH1,Jan,36720.92451612903,257.87387096774194,17.95709677419355,6.046774193548387,1014.1370967741935,103.01,0
2020,GAH1,Feb,39240.02620689655,314.331724137931,18.69655172413793,6.188620689655172,999.7068965517242,180.04,0
2020,GAH1,Mar,42611.430645161294,386.83774193548385,25.539354838709677,12.602258064516128,1511.7116129032258,136.95,0
2020,GAH1,Apr,46141.846666666665,434.776,25.862333333333332,11.630666666666666,1393.7596666666666,155.14,0
2020,GAH1,May,49064.396129032255,409.7674193548387,28.76290322580645,15.402258064516129,1807.635806451613,73.5,0
2020,GAH1,Jun,50471.95533333333,394.54333333333335,31.424333333333333,20.312333333333335,2400.5323333333336,108.57000000000001,0
2020,GAH1,Jul,49708.89870967742,378.45870967741934,33.296451612903226,22.190967741935484,2676.163548387097,78.73,0
2020,GAH1,Aug,47104.085483870964,337.7574193548387,32.83387096774194,22.24290322580645,2684.492580645161,152.26,0
2020,GAH1,Sep,43671.49333333333,335.89633333333336,29.06,19.642,2324.519333333333,151.35999999999999,0
2020,GAH1,Oct,40150.03935483871,338.7606451612903,27.578709677419354,15.791612903225806,1839.3616129032257,90,0
2020,GAH1,Nov,37256.081,275.9943333333333,23.235,10.996,1401.789,40.57,0
2020,GAH1,Dec,35922.556333333334,275.74766666666665,16.134333333333334,1.317,691.832,104.57,0
2020,GAH2,Jan,36126.467741935485,242.01709677419356,14.378709677419355,3.931935483870968,853.8187096774193,196.21,0
2020,GAH2,Feb,38881.324137931035,297.49310344827586,15.187586206896551,3.866206896551724,844.7793103448275,310.09000000000003,0
2020,GAH2,Mar,42558.50064516129,347.2245161290323,21.265483870967742,10.15741935483871,1294.5987096774193,123.78999999999999,0
2020,GAH2,Apr,46407.44066666667,444.10333333333335,23.480666666666668,8.787,1157.1376666666667,141.79,0
2020,GAH2,May,49600.49709677419,397.4483870967742,26.330322580645163,13.068709677419355,1571.3445161290322,108.92,0
2020,GAH2,Jun,51142.65933333333,397.555,30.471333333333334,18.712666666666667,2177.4873333333335,87.96000000000001,0
2020,GAH2,Jul,50306.20193548387,402.9729032258065,33.89,21.357096774193547,2544.1725806451614,52.1,0
2020,GAH2,Aug,47457.70516129032,342.4729032258065,32.280967741935484,21.126774193548385,2511.998387096774,124.14,0
2020,GAH2,Sep,43713.88766666667,345.63033333333334,27.561666666666667,17.610333333333333,2064.469,173.62,0
2020,GAH2,Oct,39874.57322580645,328.3267741935484,25.256774193548388,12.742258064516129,1512.038064516129,58.19,0
2020,GAH2,Nov,36712.48966666667,270.99266666666665,21.297333333333334,7.7026666666666666,1126.367,68.92,0
2020,GAH2,Dec,35251.31933333333,238.412,14.086333333333334,0.3813333333333333,643.4996666666667,136.1,0
2020,GEH1,NA,NA,NA,NA,NA,NA,NA,NA
2020,IAH1,Jan,33833.60709677419,197.73129032258063,0.88,-7.35258064516129,375.9590322580645,51.77,960.38
2020,IAH1,Feb,37510.363103448275,312.5858620689655,2.9875862068965517,-7.338275862068966,382.7651724137931,6.24,692.61
2020,IAH1,Mar,42357.2035483871,311.2525806451613,10.563548387096775,0.21935483870967742,628.5806451612904,77.72,75.37
2020,IAH1,Apr,47420.223666666665,413.579,15.573666666666666,2.431,690.956,44.16,0
2020,IAH1,May,51662.82129032258,353.9432258064516,20.11741935483871,9.552903225806451,1213.2670967741935,111.05,0
2020,IAH1,Jun,53739.598666666665,381.69933333333336,28.26,16.914666666666665,1943.5539999999999,216.82999999999998,0
2020,IAH1,Jul,52610.359032258064,379.9467741935484,30.01967741935484,19.254193548387097,2242.0432258064516,75.28999999999999,0
2020,IAH1,Aug,48809.20419354839,418.21290322580643,29.183870967741935,15.886129032258065,1836.3458064516128,5.53,0
2020,IAH1,Sep,43875.098666666665,316.1326666666667,23.186333333333334,10.841666666666667,1319.992,143.67000000000002,0
2020,IAH1,Oct,38823.85,256.10645161290324,14.881935483870969,3.173225806451613,800.5809677419355,55.84,0
2020,IAH1,Nov,34620.73566666667,203.601,12.643666666666666,0.5443333333333333,675.7936666666667,66.57000000000001,0
2020,IAH1,Dec,32652.245666666666,168.965,3.3353333333333333,-6.5,389.79133333333334,64.95,64.49
2020,INH1,Jan,34086.18709677419,188.77322580645162,3.663548387096774,-3.637741935483871,488.27935483870965,109.59,361.36
2020,INH1,Feb,37660.28655172414,273.4513793103448,3.0682758620689654,-5.42,434.27241379310345,55.39,103.99
2020,INH1,Mar,42379.13032258065,305.5525806451613,10.915161290322581,0.9229032258064517,676.4664516129033,82.31,10.040000000000001
2020,INH1,Apr,47309.670666666665,402.44733333333335,15.384666666666666,2.4406666666666665,743.9386666666667,80.53999999999999,0
2020,INH1,May,51436.118709677416,363.3545161290323,21.048387096774192,9.91741935483871,1302.3448387096773,89.85,0
2020,INH1,Jun,53452.62733333333,410.3233333333333,29.095333333333333,16.010666666666665,1817.4183333333333,86.36,0
2020,INH1,Jul,52356.506129032256,365.9125806451613,29.988709677419354,18.5,2141.8851612903227,89.16,0
2020,INH1,Aug,48661.41225806452,394.5477419354839,28.09032258064516,15.696129032258064,1818.1867741935484,60.98,0
2020,INH1,Sep,43857.54033333333,341.76366666666667,24.725,11.657,1418.893,52.94,0
2020,INH1,Oct,38938.57129032258,254.84064516129033,17.46258064516129,4.719677419354839,881.1145161290323,64.38,0
2020,INH1,Nov,34850.72633333333,194.69666666666666,13.120666666666667,1.871,738.476,82.38,0
2020,INH1,Dec,32939.458666666666,169.38966666666667,4.762333333333333,-4.307333333333333,459.4506666666667,49,17.4
2020,MIH1,Jan,33307.96709677419,162.65225806451613,1.9861290322580645,-4.0603225806451615,469.971935483871,96.28,209.32999999999998
2020,MIH1,Feb,37199.340689655175,271.74689655172415,1.1289655172413793,-6.973103448275862,377.4272413793103,35.05,351.28
2020,MIH1,Mar,42311.790322580644,333.7741935483871,8.879677419354838,-1.3029032258064517,572.6800000000001,66.08,70.21
2020,MIH1,Apr,47649.39566666666,382.43533333333335,12.135333333333334,0.806,653.2283333333334,72.49,0
2020,MIH1,May,52134.17129032258,390.6416129032258,19.30774193548387,7.942903225806452,1151.8687096774195,141.92000000000002,0
2020,MIH1,Jun,54337.621333333336,421.522,27.655,13.46,1578.1313333333333,73.07,0
2020,MIH1,Jul,53138.67161290323,372.66129032258067,30.086451612903225,17.576451612903227,2021.0167741935484,70.56,0
2020,MIH1,Aug,49115.80064516129,368.5748387096774,28.048709677419353,15.035806451612903,1741.084193548387,94.41,0
2020,MIH1,Sep,43911.46333333333,314.5133333333333,21.750666666666667,9.674,1227.5586666666666,114.16,0
2020,MIH1,Oct,38586.019677419354,238.45032258064515,14.163548387096775,2.9448387096774193,767.8587096774194,80.92,0
2020,MIH1,Nov,34142.49866666667,189.81833333333333,11.744333333333334,1.107,700.225,44.74,31.75
2020,MIH1,Dec,32053.712,140.69366666666667,3.110333333333333,-3.7279999999999998,470.625,47.1,14.42
2020,MNH1,Jan,32796.1564516129,162.81935483870967,-3.3070967741935484,-11.89225806451613,275.6512903225806,33.77,497.34
2020,MNH1,Feb,36897.839655172414,298.14,-2.476551724137931,-14.563448275862068,225.11896551724138,29.58,1429.37
2020,MNH1,Mar,42267.867741935486,328.80645161290323,6.063870967741935,-2.67258064516129,501.90032258064514,84.8,1291.55
2020,MNH1,Apr,47871.314333333336,420.2556666666667,12.364333333333333,-0.3866666666666666,600.7946666666667,36.01,49.61
2020,MNH1,May,52592.518387096774,350.718064516129,19.322580645161292,8.21483870967742,1113.393870967742,117.04,0
2020,MNH1,Jun,54921.035,391.058,28.381,15.820666666666666,1802.067,159.45,0
2020,MNH1,Jul,53653.117419354836,378.5690322580645,28.683548387096774,17.383548387096774,2013.2229032258065,143.39,0
2020,MNH1,Aug,49413.007741935486,346.9977419354839,27.029032258064518,15.663870967741936,1813.9151612903227,159.2,0
2020,MNH1,Sep,43946.634666666665,309.799,20.821333333333335,9.848666666666666,1236.9923333333334,49.82,0
2020,MNH1,Oct,38355.68548387097,230.4448387096774,10.51774193548387,0.19870967741935477,665.8296774193549,61.72,14.200000000000001
2020,MNH1,Nov,33677.386333333336,178.86166666666665,8.475999999999999,-2.4616666666666664,559.4163333333333,23.61,1.31
2020,MNH1,Dec,31469.790333333334,160.175,0.5523333333333333,-9.288333333333334,325.3263333333333,16.509999999999998,12.790000000000001
2020,MOH1,Jan,34609.142258064516,206.32806451612905,4.686774193548387,-3.337741935483871,495.98129032258066,137.51,412.8
2020,MOH1,Feb,37971.61827586207,298.52379310344827,6.355862068965517,-3.909655172413793,486.3724137931034,80.17,124.53
2020,MOH1,Mar,42424.73677419355,299.73806451612904,14.09032258064516,3.6990322580645163,816.491935483871,179.37,0
2020,MOH1,Apr,47079.92766666667,397.3686666666667,17.64,5.186,914.8203333333333,120.69,0
2020,MOH1,May,50966.337096774194,364.5516129032258,21.854193548387098,11.791935483870967,1435.4870967741936,88.5,0
2020,MOH1,Jun,52859.23066666666,401.376,29.483,18.345,2127.5860000000002,179.28,0
2020,MOH1,Jul,51830.94225806452,362.3922580645161,31.179354838709678,21.09741935483871,2506.7941935483873,111.82000000000001,0
2020,MOH1,Aug,48354.50580645161,391.0238709677419,29.163870967741936,17.99258064516129,2089.104516129032,96.19,0
2020,MOH1,Sep,43821.017,347.8643333333333,25.137999999999998,13.98,1631.9246666666666,119.63,0
2020,MOH1,Oct,39176.951290322584,276.53225806451616,17.761612903225807,5.983225806451613,977.7196774193549,43.61,0
2020,MOH1,Nov,35327.27766666667,216.82166666666666,15.369,3.671666666666667,841.3863333333334,62.31,0
2020,MOH1,Dec,33533.352666666666,203.865,8.178333333333333,-3.4006666666666665,492.582,14.919999999999998,0
2020,NCH1,Jan,35678.07,234.34354838709677,15.146774193548387,3.319032258064516,843.2983870967741,87.58,0
2020,NCH1,Feb,38611.56931034483,281.35379310344825,15.723448275862069,4.118620689655173,878.3972413793103,144.34,0
2020,NCH1,Mar,42518.76193548387,336.0516129032258,20.07,8.091612903225807,1133.8409677419354,87.37,0
2020,NCH1,Apr,46607.024666666664,405.709,22.023,8.13,1117.7406666666666,130.9,0
2020,NCH1,May,50004.528064516126,369.1835483870968,24.743548387096773,13.495483870967742,1612.1751612903226,171.41,0
2020,NCH1,Jun,51649.206333333335,370.376,28.825333333333333,19.389333333333333,2276.4146666666666,132.13,0
2020,NCH1,Jul,50756.767096774194,399.078064516129,33.37387096774194,22.296129032258065,2696.7787096774196,76.06,0
2020,NCH1,Aug,47723.63741935484,321.26612903225805,31.18161290322581,22.079677419354837,2661.5932258064518,271.63,0
2020,NCH1,Sep,43745.71466666667,342.8826666666667,27.031666666666666,17.604,2073.159,156.22,0
2020,NCH1,Oct,39667.55129032258,316.0367741935484,24.671290322580646,13.133870967741935,1535.3570967741935,45.019999999999996,0
2020,NCH1,Nov,36302.774333333335,260.472,20.657666666666668,7.279,1072.363,172.63,0
2020,NCH1,Dec,34744.36666666667,210.83666666666667,12.869333333333334,0.537,652.9873333333334,100.24,0
2020,NEH1,Jan,33950.99161290323,203.43,1.4761290322580645,-8.070322580645161,355.4032258064516,37.01,323.93
2020,NEH1,Feb,37580.002068965514,347.3762068965517,6.24896551724138,-7.460344827586207,354.5793103448276,3.42,389.44
2020,NEH1,Mar,42367.38580645161,311.0232258064516,12.604193548387096,-0.11451612903225807,578.8316129032258,42.8,11.13
2020,NEH1,Apr,47368.87966666667,442.756,17.968333333333334,1.2489999999999999,492.95133333333337,31.029999999999998,0
2020,NEH1,May,51557.47967741935,341.8306451612903,20.629354838709677,9.827741935483871,1083.1206451612902,97.62,0
2020,NEH1,Jun,53606.200666666664,399.067,31.165666666666667,18.397666666666666,2044.0916666666667,138.04,0
2020,NEH1,Jul,52492.38032258065,364.61967741935484,30.601935483870967,19.427096774193547,2273.8009677419354,96.06,0
2020,NEH1,Aug,48740.55516129032,412.64129032258063,30.114516129032257,16.84709677419355,1953.3522580645163,22.57,0
2020,NEH1,Sep,43866.94566666667,342.4683333333333,25.014333333333333,10.793333333333333,1318.3263333333334,66.82,0
2020,NEH1,Oct,38877.132258064514,274.7006451612903,16.471290322580646,2.4325806451612904,782.4016129032258,14.35,0
2020,NEH1,Nov,34727.60633333334,219.657,14.287666666666667,-0.5746666666666665,621.071,36.58,15.35
2020,NEH1,Dec,32785.757,176.50366666666667,5.5473333333333334,-7.019666666666667,374.424,39.46,0
2020,NYH2,Jan,33307.96709677419,171.65193548387097,2.6716129032258067,-5.646129032258065,435.0641935483871,65.57,85.2
2020,NYH2,Feb,37199.340689655175,225.54068965517243,1.2544827586206897,-6.60551724137931,396.4258620689655,74,13.23
2020,NYH2,Mar,42311.790322580644,327.82774193548386,8.905483870967743,-1.5961290322580646,565.2451612903226,59.25,31.87
2020,NYH2,Apr,47649.39566666666,379.109,10.262333333333332,0.14200000000000007,628.347,118.09,0
2020,NYH2,May,52134.17129032258,403.05290322580646,18.7558064516129,6.515161290322581,1057.0209677419355,64.43,0
2020,NYH2,Jun,54337.621333333336,402.535,25.564666666666668,12.819333333333333,1520.5976666666666,37.35,0
2020,NYH2,Jul,53138.67161290323,363.0158064516129,29.126129032258063,17.490967741935485,1995.8670967741934,146.76,0
2020,NYH2,Aug,49115.80064516129,370.84258064516126,27.161290322580644,15.218709677419355,1751.6641935483872,64.21,0
2020,NYH2,Sep,43911.46333333333,341.27633333333335,22.179,9.623,1254.5746666666666,50.300000000000004,0
2020,NYH2,Oct,38586.019677419354,211.94645161290322,14.748709677419354,5.586774193548387,925.0267741935484,97.02,0
2020,NYH2,Nov,34142.49866666667,180.14866666666666,11.679,1.4783333333333333,705.5566666666666,56.95,0
2020,NYH2,Dec,32053.712,142.455,2.5596666666666668,-3.736,483.13533333333334,87.52,228.95
2020,NYH3,Jan,33307.96709677419,171.65193548387097,2.6716129032258067,-5.646129032258065,435.0641935483871,65.57,85.2
2020,NYH3,Feb,37199.340689655175,225.54068965517243,1.2544827586206897,-6.60551724137931,396.4258620689655,74,13.23
2020,NYH3,Mar,42311.790322580644,327.82774193548386,8.905483870967743,-1.5961290322580646,565.2451612903226,59.25,31.87
2020,NYH3,Apr,47649.39566666666,379.109,10.262333333333332,0.14200000000000007,628.347,118.09,0
2020,NYH3,May,52134.17129032258,403.05290322580646,18.7558064516129,6.515161290322581,1057.0209677419355,64.43,0
2020,NYH3,Jun,54337.621333333336,402.535,25.564666666666668,12.819333333333333,1520.5976666666666,37.35,0
2020,NYH3,Jul,53138.67161290323,363.0158064516129,29.126129032258063,17.490967741935485,1995.8670967741934,146.76,0
2020,NYH3,Aug,49115.80064516129,370.84258064516126,27.161290322580644,15.218709677419355,1751.6641935483872,64.21,0
2020,NYH3,Sep,43911.46333333333,341.27633333333335,22.179,9.623,1254.5746666666666,50.300000000000004,0
2020,NYH3,Oct,38586.019677419354,211.94645161290322,14.748709677419354,5.586774193548387,925.0267741935484,97.02,0
2020,NYH3,Nov,34142.49866666667,180.14866666666666,11.679,1.4783333333333333,705.5566666666666,56.95,0
2020,NYH3,Dec,32053.712,142.455,2.5596666666666668,-3.736,483.13533333333334,87.52,228.95
2020,NYS1,Jan,33307.96709677419,171.65193548387097,2.6716129032258067,-5.646129032258065,435.0641935483871,65.57,85.2
2020,NYS1,Feb,37199.340689655175,225.54068965517243,1.2544827586206897,-6.60551724137931,396.4258620689655,74,13.23
2020,NYS1,Mar,42311.790322580644,327.82774193548386,8.905483870967743,-1.5961290322580646,565.2451612903226,59.25,31.87
2020,NYS1,Apr,47649.39566666666,379.109,10.262333333333332,0.14200000000000007,628.347,118.09,0
2020,NYS1,May,52134.17129032258,403.05290322580646,18.7558064516129,6.515161290322581,1057.0209677419355,64.43,0
2020,NYS1,Jun,54337.621333333336,402.535,25.564666666666668,12.819333333333333,1520.5976666666666,37.35,0
2020,NYS1,Jul,53138.67161290323,363.0158064516129,29.126129032258063,17.490967741935485,1995.8670967741934,146.76,0
2020,NYS1,Aug,49115.80064516129,370.84258064516126,27.161290322580644,15.218709677419355,1751.6641935483872,64.21,0
2020,NYS1,Sep,43911.46333333333,341.27633333333335,22.179,9.623,1254.5746666666666,50.300000000000004,0
2020,NYS1,Oct,38586.019677419354,211.94645161290322,14.748709677419354,5.586774193548387,925.0267741935484,97.02,0
2020,NYS1,Nov,34142.49866666667,180.14866666666666,11.679,1.4783333333333333,705.5566666666666,56.95,0
2020,NYS1,Dec,32053.712,142.455,2.5596666666666668,-3.736,483.13533333333334,87.52,228.95
2020,OHH1,Jan,34294.94935483871,178.86967741935484,4.833548387096774,-2.508709677419355,532.3187096774194,97.36,153.87
2020,OHH1,Feb,37784.42344827586,254.28724137931033,4.236551724137931,-4.467931034482759,454.9131034482759,73.05,0
2020,OHH1,Mar,42397.302903225805,315.46419354838713,12.051290322580645,1.8483870967741935,729.4835483870968,178.13,0
2020,OHH1,Apr,47218.092,383.582,14.623333333333333,2.831,771.339,104.67999999999999,0
2020,OHH1,May,51248.64709677419,360.6967741935484,20.263548387096776,9.291935483870967,1256.9248387096775,133.61,0
2020,OHH1,Jun,53215.62366666667,398.96366666666665,27.957666666666668,15.501666666666667,1794.8866666666668,60.86,0
2020,OHH1,Jul,52146.69741935484,379.52870967741933,30.776129032258066,18.846774193548388,2183.68064516129,89.15,0
2020,OHH1,Aug,48539.03967741936,369.6693548387097,27.697096774193547,16.16709677419355,1862.6096774193547,100.06,0
2020,OHH1,Sep,43842.986000000004,352.8673333333333,24.559333333333335,11.399333333333333,1396.9226666666666,61.63999999999999,0
2020,OHH1,Oct,39033.59612903226,245.7274193548387,16.776451612903227,5.924838709677419,954.7429032258065,126.54,0
2020,OHH1,Nov,35040.90633333333,206.75533333333334,13.324666666666667,1.7550000000000001,719.2696666666667,90.27,0
2020,OHH1,Dec,33176.66166666667,172.24133333333333,4.49,-3.7520000000000002,475.811,34.77,2.4899999999999998
2020,SCH1,Jan,35872.61096774194,236.71225806451613,13.330645161290322,2.668709677419355,780.81,192.07999999999998,0
2020,SCH1,Feb,38728.51448275862,282.9410344827586,13.597931034482759,3.181379310344828,811.4065517241379,274.8,0
2020,SCH1,Mar,42535.98193548387,336.9409677419355,19.29258064516129,8.56741935483871,1170.691935483871,140.61,0
2020,SCH1,Apr,46520.51666666667,436.7556666666667,22.618333333333332,8.189,1116.9696666666666,174.56,0
2020,SCH1,May,49829.27483870968,377.0174193548387,24.76225806451613,12.671935483870968,1536.7,285.4,0
2020,SCH1,Jun,51429.366,384.9066666666667,29.366,18.754333333333335,2181.0613333333336,64.64,0
2020,SCH1,Jul,50561.28451612903,396.6732258064516,33.01741935483871,21.49967741935484,2566.883870967742,74.41,0
2020,SCH1,Aug,47608.349677419355,332.2590322580645,30.913225806451614,20.97,2486.478064516129,179.43,0
2020,SCH1,Sep,43731.923,337.391,26.391666666666666,17.057,2000.0503333333334,152.31,0
2020,SCH1,Oct,39757.28451612903,316.91548387096776,23.726129032258065,12.009354838709678,1442.3225806451612,101.15,0
2020,SCH1,Nov,36480.496666666666,268.05066666666664,20.022333333333332,6.917,1072.2523333333334,133.79,0
2020,SCH1,Dec,34964.382666666665,230.56866666666667,12.509666666666666,-0.32800000000000007,614.625,78.91,0
2020,TXH1,Jan,36955.68096774194,268.1561290322581,19.043225806451613,5.263548387096774,926.4822580645161,68.39,0
2020,TXH1,Feb,39381.995517241376,335.24724137931037,18.868965517241378,4.467931034482759,871.7234482758621,61.2,0
2020,TXH1,Mar,42632.404516129034,350.8325806451613,25.43161290322581,13.770645161290323,1622.9025806451614,75.72,0
2020,TXH1,Apr,46036.667,427.728,26.135666666666665,13.256,1562.9063333333334,107.31,0
2020,TXH1,May,48852.55064516129,396.58451612903224,30.056129032258063,18.016774193548386,2108.744516129032,138.07,0
2020,TXH1,Jun,50207.332,379.89733333333334,33.010666666666665,21.711666666666666,2622.3016666666667,85.34,0
2020,TXH1,Jul,49473.02451612903,372.5929032258065,35.53387096774193,24.809677419354838,3134.561935483871,72.28999999999999,0
2020,TXH1,Aug,46964.12387096774,406.7774193548387,36.59322580645161,23.503548387096775,2889.578064516129,13.24,0
2020,TXH1,Sep,43654.69266666667,310.68533333333335,30.377,20.177333333333333,2417.199666666667,151.21,0
2020,TXH1,Oct,40259.12096774194,347.54064516129034,27.761290322580646,14.118387096774194,1675.0945161290322,15.360000000000001,0
2020,TXH1,Nov,37470.874,291.47633333333334,25.070666666666668,10.236333333333333,1296.7016666666666,33.78,0
2020,TXH1,Dec,36187.38766666667,265.871,18.759333333333334,3.9386666666666668,836.7976666666667,89.07000000000001,0
2020,TXH2,Jan,36955.68096774194,268.1561290322581,19.043225806451613,5.263548387096774,926.4822580645161,68.39,0
2020,TXH2,Feb,39381.995517241376,335.24724137931037,18.868965517241378,4.467931034482759,871.7234482758621,61.2,0
2020,TXH2,Mar,42632.404516129034,350.8325806451613,25.43161290322581,13.770645161290323,1622.9025806451614,75.72,0
2020,TXH2,Apr,46036.667,427.728,26.135666666666665,13.256,1562.9063333333334,107.31,0
2020,TXH2,May,48852.55064516129,396.58451612903224,30.056129032258063,18.016774193548386,2108.744516129032,138.07,0
2020,TXH2,Jun,50207.332,379.89733333333334,33.010666666666665,21.711666666666666,2622.3016666666667,85.34,0
2020,TXH2,Jul,49473.02451612903,372.5929032258065,35.53387096774193,24.809677419354838,3134.561935483871,72.28999999999999,0
2020,TXH2,Aug,46964.12387096774,406.7774193548387,36.59322580645161,23.503548387096775,2889.578064516129,13.24,0
2020,TXH2,Sep,43654.69266666667,310.68533333333335,30.377,20.177333333333333,2417.199666666667,151.21,0
2020,TXH2,Oct,40259.12096774194,347.54064516129034,27.761290322580646,14.118387096774194,1675.0945161290322,15.360000000000001,0
2020,TXH2,Nov,37470.874,291.47633333333334,25.070666666666668,10.236333333333333,1296.7016666666666,33.78,0
2020,TXH2,Dec,36187.38766666667,265.871,18.759333333333334,3.9386666666666668,836.7976666666667,89.07000000000001,0
2020,TXH3,Jan,36955.68096774194,268.1561290322581,19.043225806451613,5.263548387096774,926.4822580645161,68.39,0
2020,TXH3,Feb,39381.995517241376,335.24724137931037,18.868965517241378,4.467931034482759,871.7234482758621,61.2,0
2020,TXH3,Mar,42632.404516129034,350.8325806451613,25.43161290322581,13.770645161290323,1622.9025806451614,75.72,0
2020,TXH3,Apr,46036.667,427.728,26.135666666666665,13.256,1562.9063333333334,107.31,0
2020,TXH3,May,48852.55064516129,396.58451612903224,30.056129032258063,18.016774193548386,2108.744516129032,138.07,0
2020,TXH3,Jun,50207.332,379.89733333333334,33.010666666666665,21.711666666666666,2622.3016666666667,85.34,0
2020,TXH3,Jul,49473.02451612903,372.5929032258065,35.53387096774193,24.809677419354838,3134.561935483871,72.28999999999999,0
2020,TXH3,Aug,46964.12387096774,406.7774193548387,36.59322580645161,23.503548387096775,2889.578064516129,13.24,0
2020,TXH3,Sep,43654.69266666667,310.68533333333335,30.377,20.177333333333333,2417.199666666667,151.21,0
2020,TXH3,Oct,40259.12096774194,347.54064516129034,27.761290322580646,14.118387096774194,1675.0945161290322,15.360000000000001,0
2020,TXH3,Nov,37470.874,291.47633333333334,25.070666666666668,10.236333333333333,1296.7016666666666,33.78,0
2020,TXH3,Dec,36187.38766666667,265.871,18.759333333333334,3.9386666666666668,836.7976666666667,89.07000000000001,0
2020,WIH1,Jan,33182.52387096774,174.28451612903226,-0.2651612903225806,-8.263225806451613,350.9703225806452,52.99,785.21
2020,WIH1,Feb,37125.317931034486,306.93,-0.047931034482758594,-10.777586206896553,295.58482758620687,26.37,1247.15
2020,WIH1,Mar,42300.9970967742,319.4125806451613,7.330645161290323,-1.7303225806451612,546.4232258064516,98.95,863.71
2020,WIH1,Apr,47703.901666666665,412.186,12.930666666666667,0.502,642.212,52.62,0
2020,WIH1,May,52246.565161290324,370.43,18.916451612903227,7.3745161290322585,1089.883870967742,142,0
2020,WIH1,Jun,54480.508,406.147,27.265333333333334,13.899333333333333,1620.0866666666666,168.88,0
2020,WIH1,Jul,53264.756451612906,368.2116129032258,29.204193548387096,17.765483870967742,2045.3009677419354,149.01,0
2020,WIH1,Aug,49188.76774193548,392.8441935483871,27.704193548387096,14.608709677419355,1690.4583870967742,30.97,0
2020,WIH1,Sep,43920.10666666667,297.84633333333335,20.685666666666666,9.63,1215.965,109.19,0
2020,WIH1,Oct,38529.449677419354,255.6216129032258,12.80225806451613,1.4393548387096775,696.3474193548387,90.62,0
2020,WIH1,Nov,34028.450333333334,186.627,10.892666666666667,-0.31933333333333336,634.7686666666667,56.1,0
2020,WIH1,Dec,31910.701,162.392,1.351,-8.235333333333333,342.47,38.68,42.22
2020,WIH2,Jan,33097.98483870968,171.49645161290323,-0.21290322580645155,-8.459354838709677,348.56935483870967,47.68,559.23
2020,WIH2,Feb,37075.47896551724,294.45724137931035,-0.16379310344827586,-11.289655172413793,287.41137931034484,25.02,918.54
2020,WIH2,Mar,42293.73322580645,306.82354838709676,7.202903225806452,-1.7858064516129033,543.3445161290323,101.47,533.93
2020,WIH2,Apr,47740.592666666664,411.4406666666667,12.707333333333333,0.24566666666666664,629.1686666666667,45,0
2020,WIH2,May,52322.29129032258,375.6964516129032,19.07741935483871,7.289354838709677,1089.503870967742,115.54,0
2020,WIH2,Jun,54576.83966666667,405.1926666666667,27.343,13.844,1611.6553333333334,117.76,0
2020,WIH2,Jul,53349.72967741935,367.26451612903224,29.23548387096774,17.57741935483871,2025.298064516129,159.84,0
2020,WIH2,Aug,49237.89838709677,381.2506451612903,27.609032258064516,14.413870967741936,1672.3290322580644,100.6,0
2020,WIH2,Sep,43925.92333333333,290.2063333333333,20.587,9.755,1229.4326666666666,111.19,0
2020,WIH2,Oct,38491.36870967742,247.06032258064516,12.536451612903226,1.3283870967741935,692.9461290322581,124.57000000000001,0
2020,WIH2,Nov,33951.61066666667,179.80133333333333,10.717333333333334,-0.3153333333333333,632.9963333333333,70.29,0
2020,WIH2,Dec,31814.285,160.74766666666667,1.3766666666666667,-8.185,345.064,25.27,31.9
2020,WIH3,Jan,32796.1564516129,164.6867741935484,-1.2206451612903226,-9.523548387096774,324.51451612903224,28.080000000000002,492.02
2020,WIH3,Feb,36897.839655172414,298.88,-0.9351724137931035,-13.170689655172414,246.44241379310344,28.65,995.76
2020,WIH3,Mar,42267.867741935486,299.69870967741934,6.413870967741936,-2.6729032258064516,507.9616129032258,105.71,809.99
2020,WIH3,Apr,47871.314333333336,402.111,11.600333333333333,-0.7366666666666666,592.7436666666666,54.79,0
2020,WIH3,May,52592.518387096774,385.2616129032258,18.84516129032258,6.7293548387096775,1054.7448387096774,119.98,0
2020,WIH3,Jun,54921.035,388.38,26.297666666666668,13.354666666666667,1563.912,155.99,0
2020,WIH3,Jul,53653.117419354836,368.40838709677416,28.523870967741935,16.78516129032258,1923.9461290322581,90.48,0
2020,WIH3,Aug,49413.007741935486,371.0509677419355,27.291290322580647,14.209677419354838,1656.8325806451612,108.8,0
2020,WIH3,Sep,43946.634666666665,292.38666666666666,19.755,9.359666666666667,1202.3893333333333,74.66,0
2020,WIH3,Oct,38355.68548387097,242.41064516129032,11.009032258064517,0.6351612903225806,665.8641935483871,72.59,0
2020,WIH3,Nov,33677.386333333336,168.392,9.353,-1.2056666666666667,592.881,64.46,0
2020,WIH3,Dec,31469.790333333334,149.46733333333333,0.5606666666666666,-8.168666666666667,347.91766666666666,11.370000000000001,33.42
2021,COH1,Jan,34028.47387096774,254.23451612903227,6.430322580645162,-7.004838709677419,253.3716129032258,6.46,272.91
2021,COH1,Feb,37550.18142857143,323.89142857142855,3.129642857142857,-10.713571428571429,150.77535714285713,15.11,286.68
2021,COH1,Mar,42209.28548387097,379.1325806451613,10.753548387096775,-3.681290322580645,335.35322580645163,54.39,123.23
2021,COH1,Apr,47178.96833333333,425.834,15.264,-0.6806666666666666,434.09566666666666,46.17,1.09
2021,COH1,May,51377.49741935484,411.6003225806452,19.41483870967742,5.864516129032258,857.7835483870967,95.6,0
2021,COH1,Jun,53499.52533333333,470.42966666666666,29.881,11.922333333333334,1175.9306666666666,18.99,0
2021,COH1,Jul,52497.97774193549,455.75612903225806,31.761290322580646,14.679032258064517,1347.3393548387096,20.61,0
2021,COH1,Aug,48841.12516129032,453.37709677419355,30.90806451612903,13.17483870967742,827.0812903225807,18.4,0
2021,COH1,Sep,44026.599,401.18666666666667,28.358333333333334,9.452666666666667,627.2056666666666,10.47,0
2021,COH1,Oct,39067.41516129032,317.8374193548387,19.553225806451614,2.33,466.3058064516129,7.03,0
2021,COH1,Nov,34906.43666666667,247.67266666666666,15.515,-1.491,384.88866666666667,8.17,0
2021,COH1,Dec,32890.93838709677,206.05548387096775,10.51483870967742,-5.848709677419355,261.1141935483871,11.780000000000001,11.22
2021,DEH1,Jan,34681.64387096774,206.03032258064516,7.234838709677419,-0.9861290322580646,579.9345161290322,74.15,0
2021,DEH1,Feb,37944.42428571429,220.95499999999998,6.643928571428572,-0.7142857142857143,586.3685714285714,160.92000000000002,0
2021,DEH1,Mar,42277.62774193548,365.8067741935484,14.91258064516129,3.8322580645161293,852.2177419354839,114.86,0
2021,DEH1,Apr,46902.960333333336,399.16433333333333,19.356666666666666,7.478666666666666,1077.454,66.44,0
2021,DEH1,May,50798.95483870968,411.5758064516129,23.861612903225804,11.594838709677418,1412.6916129032259,64.67999999999999,0
2021,DEH1,Jun,52759.836,364.34866666666665,28.487333333333332,18.627,2190.025666666667,126.16,0
2021,DEH1,Jul,51835.21161290322,366.7664516129032,30.629677419354838,21.11806451612903,2527.630322580645,130.83,0
2021,DEH1,Aug,48447.35612903226,318.7951612903226,30.04774193548387,21.29193548387097,2549.2274193548387,216.68,0
2021,DEH1,Sep,43969.59333333333,347.66433333333333,27.229,17.059,1987.0533333333333,109.07,0
2021,DEH1,Oct,39354.256129032256,260.2774193548387,23.073225806451614,13.614516129032259,1594.7587096774193,111.85,0
2021,DEH1,Nov,35493.57633333333,237.549,14.092333333333332,3.011,773.3933333333333,27.220000000000002,0
2021,DEH1,Dec,33631.367741935486,186.05548387096775,13.06258064516129,2.879677419354839,784.51,28.29,0
2021,GAH1,Jan,36720.92451612903,258.19387096774193,15.395806451612904,4.1,872.4845161290323,174.60999999999999,0
2021,GAH1,Feb,39186.38642857143,306.24,17.49,5.076071428571429,918.2792857142857,231.18,0
2021,GAH1,Mar,42493.9864516129,379.46193548387095,23.564193548387095,9.439032258064517,1230.1864516129033,129.15,0
2021,GAH1,Apr,46031.244333333336,426.99133333333333,24.488,10.284,1293.917,167.41,0
2021,GAH1,May,48987.36387096774,450.0858064516129,28.953870967741935,14.703548387096774,1702.2877419354838,29.83,0
2021,GAH1,Jun,50459.106,340.35066666666665,31.421666666666667,20.477333333333334,2414.8996666666667,146.52,0
2021,GAH1,Jul,49766.79,359.8906451612903,32.01387096774194,21.883870967741935,2627.435483870968,169.9,0
2021,GAH1,Aug,47207.06967741936,333.6641935483871,31.988709677419354,22.393870967741936,2709.141612903226,175.12,0
2021,GAH1,Sep,43789.10433333334,371.591,29.929333333333332,18.639333333333333,2179.221666666667,115.38,0
2021,GAH1,Oct,40259.951290322584,334.3470967741936,26.570967741935483,14.179354838709678,1669.558064516129,113.22,0
2021,GAH1,Nov,37331.556666666664,315.15933333333334,20.075333333333333,4.829,880.886,12.77,0
2021,GAH1,Dec,35934.32064516129,224.14741935483872,21.416129032258066,8.746774193548386,1188.268064516129,91.05,0
2021,GAH2,Jan,36126.467741935485,250.36161290322582,12.841290322580646,1.4906451612903227,702.4245161290323,189.89,0
2021,GAH2,Feb,38822.77785714286,308.8989285714286,14.688571428571429,2.423928571428571,747.0421428571428,118.97,0
2021,GAH2,Mar,42430.49,359.5516129032258,21.231935483870966,7.468709677419355,1079.261935483871,113.81,0
2021,GAH2,Apr,46286.774333333335,445.06466666666665,24.05366666666667,8.475666666666667,1152.167,98.30999999999999,0
2021,GAH2,May,49516.194193548385,431.8216129032258,27.019032258064517,12.413548387096775,1471.3196774193548,155.72,0
2021,GAH2,Jun,51128.564666666665,388.25033333333334,30.612333333333332,18.71,2176.411666666667,43.92,0
2021,GAH2,Jul,50369.62483870968,377.7335483870968,31.97741935483871,20.97290322580645,2493.679677419355,157.71,0
2021,GAH2,Aug,47570.16032258065,368.2090322580645,32.2758064516129,21.326451612903227,2540.1148387096773,193.99,0
2021,GAH2,Sep,43842.07633333333,391.2923333333333,29.319666666666667,16.534666666666666,1921.1793333333333,33.49,0
2021,GAH2,Oct,39994.49677419355,300.7016129032258,24.61774193548387,12.9,1545.0093548387097,243.42,0
2021,GAH2,Nov,36795.098666666665,295.217,18.819666666666667,3.3506666666666667,793.1346666666667,20.45,0
2021,GAH2,Dec,35264.22483870968,198.9132258064516,18.52193548387097,6.700322580645161,1042.6883870967742,221.1,0
2021,GEH1,NA,NA,NA,NA,NA,NA,NA,NA
2021,IAH1,Jan,33833.60709677419,195.09870967741935,-0.1103225806451613,-7.83,358.1661290322581,50.58,244.25
2021,IAH1,Feb,37432.938571428575,295.9632142857143,-5.1103571428571435,-13.913214285714286,254.43142857142857,24.75,1019.67
2021,IAH1,Mar,42188.99612903226,333.4177419354839,11.851935483870967,0.7687096774193548,645.1883870967741,70.53,336.47
2021,IAH1,Apr,47260.973333333335,401.37833333333333,16.602666666666668,4.251333333333333,853.1873333333333,93.96,0
2021,IAH1,May,51549.918387096775,353.5709677419355,20.401935483870968,10.07516129032258,1310.0632258064516,158.84,0
2021,IAH1,Jun,53720.509,392.23333333333335,29.114,16.968666666666667,1972.252,160.24,0
2021,IAH1,Jul,52695.73806451613,370.7074193548387,28.533870967741937,18.24483870967742,2106.3567741935485,130.13,0
2021,IAH1,Aug,48958.2335483871,374.96354838709675,29.413548387096775,17.58451612903226,2048.125483870968,65.46,0
2021,IAH1,Sep,44043.521,365.3686666666667,27.486,13.216333333333333,1547.9733333333334,42.99,0
2021,IAH1,Oct,38982.180645161294,225.6458064516129,19.113548387096774,9.086129032258064,1217.5593548387096,124.03,0
2021,IAH1,Nov,34731.435666666664,222.22333333333333,10.373333333333333,-1.455,573.8873333333333,14.54,0.72
2021,IAH1,Dec,32669.730967741936,175.0058064516129,7.375806451612903,-4.057096774193548,474.06290322580645,25.19,0
2021,IAH2,Jan,33533.82129032258,184.00290322580645,0.1958064516129032,-8.849677419354839,330.37129032258065,28.040000000000003,88.7
2021,IAH2,Feb,37252.92821428571,284.33214285714286,-6.925357142857143,-16.236071428571428,208.94071428571428,23.61,656.64
2021,IAH2,Mar,42157.87870967742,329.7567741935484,11.73258064516129,-0.6816129032258065,514.1532258064516,82.77,280.98
2021,IAH2,Apr,47386.814666666665,409.36066666666665,16.889333333333333,2.482666666666667,717.6946666666666,19.73,0
2021,IAH2,May,51814.99806451613,358.8338709677419,20.716451612903224,9.218387096774194,1203.3035483870967,89.48,0
2021,IAH2,Jun,54060.756,405.792,30.33,16.225,1718.3526666666667,82.73,0
2021,IAH2,Jul,52999.99741935484,387.7245161290323,28.946774193548386,16.78483870967742,1911.120322580645,103.91,0
2021,IAH2,Aug,49138.04451612903,362.2664516129032,28.97451612903226,16.483548387096775,1919.1870967741936,92.2,0
2021,IAH2,Sep,44069.475333333336,359.7076666666667,26.886333333333333,11.503666666666668,1399.63,49.28,0
2021,IAH2,Oct,38851.379677419354,235.9174193548387,18.419677419354837,6.129677419354839,1000.011935483871,135.29,0
2021,IAH2,Nov,34462.371333333336,215.20733333333334,10.418,-2.471,528.1163333333334,17.7,0
2021,IAH2,Dec,32329.137741935483,163.50387096774193,5.393870967741935,-6.185806451612903,405.83612903225804,7.8500000000000005,0
2021,IAH3,Jan,33574.33,196.59645161290322,-1.5638709677419353,-10.245161290322581,299.4006451612903,40.47,309.16
2021,IAH3,Feb,37277.22607142857,292.25892857142856,-7.119642857142857,-16.337142857142858,216.14535714285714,25.87,1351.04
2021,IAH3,Mar,42162.07548387097,336.73064516129034,10.352903225806452,-0.5119354838709678,589.38,75.3,767.5600000000001
2021,IAH3,Apr,47369.83433333333,411.434,16.314,3.0573333333333332,770.1173333333334,29.86,0
2021,IAH3,May,51779.193225806455,355.71354838709675,20.336451612903225,9.021612903225806,1186.2867741935484,90.96000000000001,0
2021,IAH3,Jun,54014.759666666665,402.0473333333333,29.647,16.176666666666666,1744.4853333333333,102.32000000000001,0
2021,IAH3,Jul,52958.88483870968,390.81193548387097,28.498064516129034,17.141612903225806,1951.6861290322581,41.61,0
2021,IAH3,Aug,49113.77225806451,371.508064516129,29.19516129032258,15.878709677419355,1834.9403225806452,117.71,0
2021,IAH3,Sep,44065.975333333336,364.112,26.787666666666667,11.436666666666667,1381.8896666666667,34.45,0
2021,IAH3,Oct,38869.03129032258,215.60032258064516,18.343870967741935,7.394516129032258,1096.3093548387096,150.42,0
2021,IAH3,Nov,34498.71566666666,214.472,9.327666666666666,-2.666,524.6603333333334,28.650000000000002,0
2021,IAH3,Dec,32375.180322580643,167.94,5.112903225806451,-5.833225806451613,417.64935483870966,34.29,44.34
2021,IAH4,Jan,33554.0964516129,199.37806451612903,-0.41741935483870973,-9.221290322580645,321.6348387096774,19.68,93.58
2021,IAH4,Feb,37265.08857142857,302.7942857142857,-6.399285714285714,-16.105,201.11285714285714,19.12,592.89
2021,IAH4,Mar,42159.97903225807,326.70774193548385,11.769354838709678,-0.02806451612903223,525.6832258064516,63.72,212.43
2021,IAH4,Apr,47378.316333333336,417.532,17.192,3.630666666666667,708.8166666666667,16.56,0
2021,IAH4,May,51797.07677419355,356.6841935483871,20.95709677419355,9.615483870967742,1180.6561290322581,95.48,0
2021,IAH4,Jun,54037.73333333334,403.693,30.411,16.50433333333333,1724.139,57.03,0
2021,IAH4,Jul,52979.42,385.50870967741935,29.24967741935484,17.200967741935482,1930.4612903225807,101.69,0
2021,IAH4,Aug,49125.89580645161,356.79129032258066,29.403548387096773,16.82,1956.498064516129,106.18,0
2021,IAH4,Sep,44067.723333333335,358.3593333333333,27.327666666666666,12.061333333333334,1442.9803333333334,72.31,0
2021,IAH4,Oct,38860.213548387095,225.15451612903226,18.58451612903226,7.148709677419355,1072.2145161290323,158.17,0
2021,IAH4,Nov,34480.56166666667,216.912,10.437666666666667,-2.017333333333333,545.6276666666666,43.080000000000005,0
2021,IAH4,Dec,32352.182903225807,169.75483870967741,5.815806451612903,-5.446451612903226,427.588064516129,18.46,8.44
2021,INH1,Jan,34086.18709677419,179.20741935483872,1.5796774193548386,-5.051612903225807,429.1067741935484,61.33,41.45
2021,INH1,Feb,37584.9375,319.33714285714285,-1.5346428571428572,-11.10357142857143,298.86785714285713,33.22,891.01
2021,INH1,Mar,42215.30225806452,355.49387096774194,13.414193548387097,0.6625806451612903,668.3406451612904,101.08,304.22
2021,INH1,Apr,47154.65,386.878,17.586333333333332,4.597,892.7906666666667,65.92999999999999,0
2021,INH1,May,51326.415483870966,380.53967741935486,21.558064516129033,9.47741935483871,1267.8912903225807,160.54,0
2021,INH1,Jun,53434.104999999996,373.883,28.895,17.184,2001.4663333333333,153.21,0
2021,INH1,Jul,52439.41129032258,370.1358064516129,27.9158064516129,17.695483870967742,2041.5674193548386,116.16,0
2021,INH1,Aug,48806.40935483871,384.93548387096774,29.67290322580645,17.77967741935484,2069.69,52.74,0
2021,INH1,Sep,44021.579666666665,344.04533333333336,27.134333333333334,13.785333333333334,1605.3283333333334,64.59,0
2021,INH1,Oct,39092.68935483871,222.0809677419355,19.741935483870968,10.38225806451613,1320.6354838709678,226.13,0
2021,INH1,Nov,34958.281,215.37533333333334,9.040666666666667,-1.5606666666666666,561.3216666666667,37.11,0
2021,INH1,Dec,32956.423548387094,168.38806451612902,8.885806451612902,-1.278709677419355,573.7267741935484,79.06,0
2021,MIH1,Jan,33307.96709677419,174.16709677419354,0.16806451612903228,-6.122903225806452,403.2,43.46,80.51
2021,MIH1,Feb,37117.60178571429,307.4214285714286,-1.4707142857142856,-11.667857142857143,275.24,35.39,654.94
2021,MIH1,Mar,42134.51096774194,372.8806451612903,11.426774193548388,-2.0867741935483872,525.9135483870967,52.44,481.91
2021,MIH1,Apr,47481.362,362.89133333333336,15.445,2.676,742.7386666666666,47.41,0
2021,MIH1,May,52014.56612903226,423.59483870967745,20.706451612903226,6.762903225806451,885.1635483870967,42.07,0
2021,MIH1,Jun,54317.33433333333,341.0896666666667,27.536,15.556000000000001,1727.654,209.95,0
2021,MIH1,Jul,53229.24935483871,374.8574193548387,27.379354838709677,16.37709677419355,1883.066129032258,87.86,0
2021,MIH1,Aug,49273.224516129034,364.58774193548385,29.22806451612903,17.420645161290324,2029.927741935484,123.66,0
2021,MIH1,Sep,44088.96366666667,327.659,24.261,12.018666666666666,1425.6823333333334,104.93,0
2021,MIH1,Oct,38753.1,209.34225806451613,18.359354838709677,9.530645161290323,1259.4412903225807,150.58,0
2021,MIH1,Nov,34259.789333333334,190.567,8.121666666666666,-1.171,571.8323333333333,37.47,8.989999999999998
2021,MIH1,Dec,32072.295483870967,147.4916129032258,5.680967741935484,-2.472258064516129,518.6635483870967,56.71,7.3
2021,MNH1,Jan,32796.1564516129,180.72,-2.376451612903226,-10.684193548387096,288.32290322580644,23.26,144.15
2021,MNH1,Feb,36811.90535714286,266.9085714285714,-8.734285714285715,-17.216785714285713,205.99392857142857,17.01,447.22
2021,MNH1,Mar,42081.813870967744,315.7187096774194,8.719354838709677,-1.8170967741935484,485.2170967741935,58.769999999999996,127.91
2021,MNH1,Apr,47694.75433333333,372.489,14.004666666666667,1.8019999999999998,634.388,17.07,0
2021,MNH1,May,52466.32677419355,393.3841935483871,20.391935483870967,8.610645161290323,983.1932258064517,73.35,0
2021,MNH1,Jun,54899.560666666664,423.6936666666667,29.991,16.281666666666666,1534.503,71.05,0
2021,MNH1,Jul,53748.82548387097,372.5993548387097,27.837096774193547,16.637096774193548,1840.4370967741936,76.94,0
2021,MNH1,Aug,49578.60870967742,360.28193548387094,27.49483870967742,15.803548387096775,1817.796129032258,132.56,0
2021,MNH1,Sep,44132.914666666664,339.07366666666667,24.744333333333334,10.736666666666666,1322.4323333333334,46.230000000000004,0
2021,MNH1,Oct,38531.26258064516,221.91935483870967,17.376774193548385,6.482258064516129,1036.7916129032258,65.21000000000001,0
2021,MNH1,Nov,33801.15666666667,180.96266666666668,7.156666666666666,-3.345,498.56266666666664,22.91,0
2021,MNH1,Dec,31489.463548387095,152.8083870967742,0.24935483870967748,-9.390967741935484,330.94870967741934,31.87,33.64
2021,NCH1,Jan,35446.36483870968,226.22,9.61032258064516,-0.4661290322580645,605.8161290322581,143.78,0
2021,NCH1,Feb,38408.31107142857,253.72,10.655357142857143,0.5146428571428572,645.4885714285714,223.11,0
2021,NCH1,Mar,42358.26225806452,362.75387096774193,18.769354838709678,5.283870967741936,931.8587096774194,84.36,0
2021,NCH1,Apr,46577.736666666664,421.38166666666666,22.878,8.345333333333333,1145.7126666666666,76.52,0
2021,NCH1,May,50120.494838709674,421.0941935483871,26.77806451612903,12.348387096774193,1474.5635483870967,66.55,0
2021,NCH1,Jun,51895.647,348.197,29.280333333333335,18.651,2178.462,252.01999999999998,0
2021,NCH1,Jul,51059.42709677419,383.68709677419355,31.225161290322582,20.88290322580645,2482.2370967741936,132.67000000000002,0
2021,NCH1,Aug,47984.063870967744,353.10322580645163,31.413225806451614,21.391612903225806,2556.739677419355,171.38,0
2021,NCH1,Sep,43902.33033333333,368.291,28.374666666666666,16.435666666666666,1897.2013333333334,57.14,0
2021,NCH1,Oct,39692.198387096774,297.1158064516129,25.15741935483871,12.943225806451613,1535.3132258064516,45.440000000000005,0
2021,NCH1,Nov,36182.01033333333,261.8213333333333,16.289666666666665,2.2703333333333333,736.8703333333333,29.279999999999998,0
2021,NCH1,Dec,34496.40387096774,201.23225806451612,16.733548387096775,3.9161290322580644,849.9561290322581,55.71,0
2021,NEH1,Jan,33950.99161290323,195.04774193548386,2.8996774193548385,-6.333870967741936,391.0870967741935,45.87,228.24
2021,NEH1,Feb,37503.54178571428,315.5160714285714,-4.144285714285714,-14.618214285714286,237.44285714285715,27.69,1290.24
2021,NEH1,Mar,42201.212258064515,352.09096774193546,14.748709677419354,1.1425806451612903,619.7877419354838,128.89000000000001,423
2021,NEH1,Apr,47211.594,404.59066666666666,18.381,3.6826666666666665,836.4663333333333,60.53,0
2021,NEH1,May,51446.06580645161,362.9261290322581,22.210967741935484,10.60032258064516,1346.5432258064516,71.25999999999999,0
2021,NEH1,Jun,53587.375,417.5876666666667,31.115666666666666,17.265666666666668,1933.8286666666668,110.94,0
2021,NEH1,Jul,52576.60806451613,385.6174193548387,30.543548387096774,18.22,2090.726129032258,58.32,0
2021,NEH1,Aug,48887.71032258064,377.0525806451613,31.393548387096775,18.392258064516128,2144.795483870968,129.54,0
2021,NEH1,Sep,44033.33266666667,362.876,28.354666666666667,13.324,1573.893,12.719999999999999,0
2021,NEH1,Oct,39033.50580645161,257.73,20.391935483870967,6.724516129032258,1025.8648387096775,166.17,0
2021,NEH1,Nov,34836.843,223.38633333333334,13.734,0.030333333333333316,625.747,13.96,0
2021,NEH1,Dec,32802.99967741936,186.99774193548387,9.366129032258065,-4.896451612903226,444.7467741935484,8.05,0
2021,NEH2,Jan,33892.47516129032,215.83290322580646,3.724516129032258,-7.428709677419355,333.5535483870968,13.17,104.57
2021,NEH2,Feb,37468.33714285714,320.2025,-2.285,-14.591071428571428,171.80857142857144,25.45,678.43
2021,NEH2,Mar,42195.12129032258,362.8016129032258,13.185483870967742,-2.084516129032258,434.45612903225805,99.67999999999999,289.8
2021,NEH2,Apr,47236.217,429.92900000000003,16.788333333333334,-0.9576666666666668,549.375,44.92,0
2021,NEH2,May,51497.83967741935,363.27,20.583870967741934,7.656451612903226,1069.85,141.12,0
2021,NEH2,Jun,53653.736,444.63733333333334,30.052,14.319,1599.6026666666667,35.43,0
2021,NEH2,Jul,52635.993870967744,409.7541935483871,31.09709677419355,16.34032258064516,1848.9674193548387,58.010000000000005,0
2021,NEH2,Aug,48922.87387096774,409.80967741935484,31.78451612903226,15.387419354838709,1689.155806451613,65.9,0
2021,NEH2,Sep,44038.41333333333,367.048,28.514,11.203666666666667,1344.9453333333333,64.94,0
2021,NEH2,Oct,39007.91322580645,283.221935483871,19.218387096774194,3.1641935483870967,788.2741935483871,34.44,0
2021,NEH2,Nov,34784.293666666665,237.49266666666668,14.292666666666667,-2.6033333333333335,517.335,3.7,0
2021,NEH2,Dec,32736.572258064516,191.89935483870968,9.248709677419354,-7.292258064516129,370.06548387096774,9.9,2.12
2021,NEH3,Jan,33872.89161290322,214.65451612903226,4.388387096774194,-7.128387096774193,333.7674193548387,10.2,80.07
2021,NEH3,Feb,37456.56071428571,319.57142857142856,-1.6575,-14.39,157.9307142857143,23.85,574.65
2021,NEH3,Mar,42193.08258064516,363.1135483870968,13.93774193548387,-1.8616129032258064,426.0148387096774,93.35,213.1
2021,NEH3,Apr,47244.452666666664,431.51433333333335,17.462,-0.8683333333333333,541.1006666666667,43.42,0
2021,NEH3,May,51515.16516129032,363.3916129032258,21.31774193548387,8.01774193548387,1090.1019354838709,133.54,0
2021,NEH3,Jun,53675.94666666666,440.24666666666667,30.595,14.499666666666666,1605.8353333333332,39,0
2021,NEH3,Jul,52655.86870967742,405.04709677419356,31.547096774193548,16.79,1901.7367741935484,58.96,0
2021,NEH3,Aug,48934.63838709678,411.41161290322583,32.21322580645161,15.676451612903225,1715.9287096774194,59.650000000000006,0
2021,NEH3,Sep,44040.113333333335,367.299,28.979,11.441,1362.23,60.480000000000004,0
2021,NEH3,Oct,38999.35129032258,287.04064516129034,19.785806451612903,3.188064516129032,789.8045161290323,34.29,0
2021,NEH3,Nov,34766.708,236.44133333333335,14.955666666666666,-2.42,524.2346666666666,3.92,0
2021,NEH3,Dec,32714.33741935484,192.76225806451612,9.77483870967742,-7.208709677419355,371.3922580645161,7.8100000000000005,2
2021,NYH2,Jan,33307.96709677419,161.01548387096776,-0.3993548387096774,-5.757741935483871,419.7351612903226,48.56,54.46
2021,NYH2,Feb,37117.60178571429,309.64785714285716,-0.4385714285714285,-9.58607142857143,310.3696428571429,56.07,1418.84
2021,NYH2,Mar,42134.51096774194,397.1077419354839,9.029032258064516,-3.350967741935484,512.573870967742,30.1,1381.95
2021,NYH2,Apr,47481.362,346.675,13.317,2.409666666666667,732.9476666666667,91.77,39.739999999999995
2021,NYH2,May,52014.56612903226,414.7287096774194,19.5841935483871,7.071935483870968,1005.461935483871,95.57,0
2021,NYH2,Jun,54317.33433333333,364.621,26.557333333333332,14.543333333333333,1703.644,106.38,0
2021,NYH2,Jul,53229.24935483871,349.018064516129,25.44322580645161,15.432903225806452,1769.5906451612902,148.18,0
2021,NYH2,Aug,49273.224516129034,335.0477419354839,27.38032258064516,17.121612903225806,1994.816129032258,192.07,0
2021,NYH2,Sep,44088.96366666667,326.159,22.440333333333335,12.172666666666666,1434.5696666666668,101.49000000000001,0
2021,NYH2,Oct,38753.1,216.1883870967742,17.949354838709677,9.683225806451613,1245.708064516129,207.93,0
2021,NYH2,Nov,34259.789333333334,172.31133333333332,8.000333333333334,-0.2886666666666667,608.759,61.62,0
2021,NYH2,Dec,32072.295483870967,144.32225806451612,5.869677419354839,-1.5825806451612903,553.1751612903225,71.82000000000001,0
2021,NYH3,Jan,33307.96709677419,161.01548387096776,-0.3993548387096774,-5.757741935483871,419.7351612903226,48.56,54.46
2021,NYH3,Feb,37117.60178571429,309.64785714285716,-0.4385714285714285,-9.58607142857143,310.3696428571429,56.07,1418.84
2021,NYH3,Mar,42134.51096774194,397.1077419354839,9.029032258064516,-3.350967741935484,512.573870967742,30.1,1381.95
2021,NYH3,Apr,47481.362,346.675,13.317,2.409666666666667,732.9476666666667,91.77,39.739999999999995
2021,NYH3,May,52014.56612903226,414.7287096774194,19.5841935483871,7.071935483870968,1005.461935483871,95.57,0
2021,NYH3,Jun,54317.33433333333,364.621,26.557333333333332,14.543333333333333,1703.644,106.38,0
2021,NYH3,Jul,53229.24935483871,349.018064516129,25.44322580645161,15.432903225806452,1769.5906451612902,148.18,0
2021,NYH3,Aug,49273.224516129034,335.0477419354839,27.38032258064516,17.121612903225806,1994.816129032258,192.07,0
2021,NYH3,Sep,44088.96366666667,326.159,22.440333333333335,12.172666666666666,1434.5696666666668,101.49000000000001,0
2021,NYH3,Oct,38753.1,216.1883870967742,17.949354838709677,9.683225806451613,1245.708064516129,207.93,0
2021,NYH3,Nov,34259.789333333334,172.31133333333332,8.000333333333334,-0.2886666666666667,608.759,61.62,0
2021,NYH3,Dec,32072.295483870967,144.32225806451612,5.869677419354839,-1.5825806451612903,553.1751612903225,71.82000000000001,0
2021,NYS1,Jan,33307.96709677419,161.01548387096776,-0.3993548387096774,-5.757741935483871,419.7351612903226,48.56,54.46
2021,NYS1,Feb,37117.60178571429,309.64785714285716,-0.4385714285714285,-9.58607142857143,310.3696428571429,56.07,1418.84
2021,NYS1,Mar,42134.51096774194,397.1077419354839,9.029032258064516,-3.350967741935484,512.573870967742,30.1,1381.95
2021,NYS1,Apr,47481.362,346.675,13.317,2.409666666666667,732.9476666666667,91.77,39.739999999999995
2021,NYS1,May,52014.56612903226,414.7287096774194,19.5841935483871,7.071935483870968,1005.461935483871,95.57,0
2021,NYS1,Jun,54317.33433333333,364.621,26.557333333333332,14.543333333333333,1703.644,106.38,0
2021,NYS1,Jul,53229.24935483871,349.018064516129,25.44322580645161,15.432903225806452,1769.5906451612902,148.18,0
2021,NYS1,Aug,49273.224516129034,335.0477419354839,27.38032258064516,17.121612903225806,1994.816129032258,192.07,0
2021,NYS1,Sep,44088.96366666667,326.159,22.440333333333335,12.172666666666666,1434.5696666666668,101.49000000000001,0
2021,NYS1,Oct,38753.1,216.1883870967742,17.949354838709677,9.683225806451613,1245.708064516129,207.93,0
2021,NYS1,Nov,34259.789333333334,172.31133333333332,8.000333333333334,-0.2886666666666667,608.759,61.62,0
2021,NYS1,Dec,32072.295483870967,144.32225806451612,5.869677419354839,-1.5825806451612903,553.1751612903225,71.82000000000001,0
2021,SCH1,Jan,35872.61096774194,242.15516129032258,11.567741935483872,0.6790322580645162,660.7025806451613,121.42,0
2021,SCH1,Feb,38667.874285714286,281.98821428571426,12.76,1.0489285714285714,673.7153571428571,119.21000000000001,0
2021,SCH1,Mar,42403.47548387097,351.4948387096774,19.296451612903226,6.253225806451613,993.768064516129,115.66,0
2021,SCH1,Apr,46395.55933333333,443.0036666666667,22.849333333333334,7.863333333333333,1112.1726666666666,69.25,0
2021,SCH1,May,49741.850967741935,410.16322580645163,25.846451612903227,13.13516129032258,1547.061935483871,93.71000000000001,0
2021,SCH1,Jun,51414.734,371.599,29.874333333333333,18.825333333333333,2190.16,110.61,0
2021,SCH1,Jul,50627.08774193548,363.31387096774193,30.848064516129032,20.559677419354838,2427.6696774193547,224.71,0
2021,SCH1,Aug,47724.85032258064,367.0532258064516,31.33967741935484,20.676451612903225,2442.6151612903227,131.29,0
2021,SCH1,Sep,43864.61233333333,365.6616666666667,27.825666666666667,16.213666666666665,1883.2103333333334,64.46000000000001,0
2021,SCH1,Oct,39881.47709677419,304.52193548387095,23.49451612903226,12.426774193548388,1510.8670967741934,199.07000000000002,0
2021,SCH1,Nov,36566.169,283.28833333333336,16.834666666666667,2.4863333333333335,746.3383333333334,41.38,0
2021,SCH1,Dec,34977.78064516129,199.0258064516129,17.008064516129032,5.1890322580645165,934.5577419354838,107.35000000000001,0
2021,TXH1,Jan,36955.68096774194,275.9883870967742,17.217741935483872,4.930967741935484,909.4803225806452,80.12,0
2021,TXH1,Feb,39330.294642857145,321.81714285714287,14.22,2.453214285714286,817.5275,52.160000000000004,303.7
2021,TXH1,Mar,42519.14709677419,395.8809677419355,23.49774193548387,10.05516129032258,1277.8406451612902,49.79,0
2021,TXH1,Apr,45930.045,392.902,25.131666666666668,12.889333333333333,1468.365,105.42,0
2021,TXH1,May,48778.375483870965,358.3535483870968,28.203548387096774,19.166774193548388,2240.682258064516,180.38,0
2021,TXH1,Jun,50194.97,388.522,32.56366666666667,23.010666666666665,2821.295,99.58,0
2021,TXH1,Jul,49528.746451612904,380.10064516129034,32.90064516129032,23.344516129032257,2870.3912903225805,110.17999999999999,0
2021,TXH1,Aug,47063.36935483871,393.5425806451613,34.409354838709675,23.884516129032257,2964.8125806451612,28.53,0
2021,TXH1,Sep,43768.112,387.03366666666665,33.25533333333333,19.822666666666667,2345.4573333333333,65.28,0
2021,TXH1,Oct,40365.07419354839,319.1158064516129,29.500645161290322,16.546129032258065,1942.8009677419354,98.96,0
2021,TXH1,Nov,37543.54666666667,297.9003333333333,22.52466666666667,8.267,1115.061,65.03,0
2021,TXH1,Dec,36198.70580645162,232.65322580645162,24.006451612903227,12.774516129032259,1567.2854838709677,52.22,0
2021,TXH2,Jan,36955.68096774194,275.9883870967742,17.217741935483872,4.930967741935484,909.4803225806452,80.12,0
2021,TXH2,Feb,39330.294642857145,321.81714285714287,14.22,2.453214285714286,817.5275,52.160000000000004,303.7
2021,TXH2,Mar,42519.14709677419,395.8809677419355,23.49774193548387,10.05516129032258,1277.8406451612902,49.79,0
2021,TXH2,Apr,45930.045,392.902,25.131666666666668,12.889333333333333,1468.365,105.42,0
2021,TXH2,May,48778.375483870965,358.3535483870968,28.203548387096774,19.166774193548388,2240.682258064516,180.38,0
2021,TXH2,Jun,50194.97,388.522,32.56366666666667,23.010666666666665,2821.295,99.58,0
2021,TXH2,Jul,49528.746451612904,380.10064516129034,32.90064516129032,23.344516129032257,2870.3912903225805,110.17999999999999,0
2021,TXH2,Aug,47063.36935483871,393.5425806451613,34.409354838709675,23.884516129032257,2964.8125806451612,28.53,0
2021,TXH2,Sep,43768.112,387.03366666666665,33.25533333333333,19.822666666666667,2345.4573333333333,65.28,0
2021,TXH2,Oct,40365.07419354839,319.1158064516129,29.500645161290322,16.546129032258065,1942.8009677419354,98.96,0
2021,TXH2,Nov,37543.54666666667,297.9003333333333,22.52466666666667,8.267,1115.061,65.03,0
2021,TXH2,Dec,36198.70580645162,232.65322580645162,24.006451612903227,12.774516129032259,1567.2854838709677,52.22,0
2021,TXH3,Jan,36955.68096774194,275.9883870967742,17.217741935483872,4.930967741935484,909.4803225806452,80.12,0
2021,TXH3,Feb,39330.294642857145,321.81714285714287,14.22,2.453214285714286,817.5275,52.160000000000004,303.7
2021,TXH3,Mar,42519.14709677419,395.8809677419355,23.49774193548387,10.05516129032258,1277.8406451612902,49.79,0
2021,TXH3,Apr,45930.045,392.902,25.131666666666668,12.889333333333333,1468.365,105.42,0
2021,TXH3,May,48778.375483870965,358.3535483870968,28.203548387096774,19.166774193548388,2240.682258064516,180.38,0
2021,TXH3,Jun,50194.97,388.522,32.56366666666667,23.010666666666665,2821.295,99.58,0
2021,TXH3,Jul,49528.746451612904,380.10064516129034,32.90064516129032,23.344516129032257,2870.3912903225805,110.17999999999999,0
2021,TXH3,Aug,47063.36935483871,393.5425806451613,34.409354838709675,23.884516129032257,2964.8125806451612,28.53,0
2021,TXH3,Sep,43768.112,387.03366666666665,33.25533333333333,19.822666666666667,2345.4573333333333,65.28,0
2021,TXH3,Oct,40365.07419354839,319.1158064516129,29.500645161290322,16.546129032258065,1942.8009677419354,98.96,0
2021,TXH3,Nov,37543.54666666667,297.9003333333333,22.52466666666667,8.267,1115.061,65.03,0
2021,TXH3,Dec,36198.70580645162,232.65322580645162,24.006451612903227,12.774516129032259,1567.2854838709677,52.22,0
2021,WIH1,Jan,33182.52387096774,185.3383870967742,-1.805806451612903,-10.046774193548387,304.6422580645161,48.46,727.59
2021,WIH1,Feb,37042.55,307.6146428571429,-5.4,-17.127857142857142,194.3957142857143,19.68,1676.05
2021,WIH1,Mar,42121.56193548387,352.70451612903224,9.580322580645161,-2.272258064516129,508.7622580645161,39.33,1344.47
2021,WIH1,Apr,47533.77566666667,395.161,15.265,2.6893333333333334,706.688,47.65,35.57
2021,WIH1,May,52125.35129032258,386.83774193548385,20.091290322580644,7.9883870967741935,1034.793870967742,76.88,0
2021,WIH1,Jun,54459.93233333333,380.66133333333335,28.457666666666668,15.805,1679.5623333333333,118.06,0
2021,WIH1,Jul,53356.58483870968,393.50290322580645,27.63193548387097,16.00516129032258,1826.5564516129032,69.58,0
2021,WIH1,Aug,49348.195806451615,371.2309677419355,28.646451612903228,15.578709677419354,1793.4448387096775,98.16,0
2021,WIH1,Sep,44099.764,345.6816666666667,24.927,10.659,1298.2913333333333,72.62,0
2021,WIH1,Oct,38698.61483870968,209.40387096774194,17.761612903225807,7.8503225806451615,1142.5351612903225,102.89,0
2021,WIH1,Nov,34147.323333333334,200.22666666666666,7.730666666666667,-3.5063333333333335,486.8863333333333,12.04,0
2021,WIH1,Dec,31929.549677419353,156.25193548387097,3.3229032258064515,-5.798064516129032,412.268064516129,37.050000000000004,79.73
2021,WIH2,Jan,33097.98483870968,183.68354838709678,-1.955483870967742,-10.248387096774193,302.30225806451614,31.05,542.86
2021,WIH2,Feb,36992.017857142855,297.67321428571427,-5.429285714285714,-17.330000000000002,193.01464285714286,18.61,1199.35
2021,WIH2,Mar,42112.847096774196,338.99129032258065,9.321935483870968,-2.3629032258064515,484.9641935483871,39.51,800.37
2021,WIH2,Apr,47569.05766666667,385.2656666666667,15.110333333333333,2.5593333333333335,679.6443333333333,39.92,0
2021,WIH2,May,52199.99129032258,388.50290322580645,20.25,7.679354838709678,993.0680645161291,82.11,0
2021,WIH2,Jun,54556.068333333336,373.906,28.236,15.531,1651.905,104.92,0
2021,WIH2,Jul,53442.4035483871,402.64290322580644,27.63064516129032,15.586451612903225,1757.9087096774194,43.370000000000005,0
2021,WIH2,Aug,49398.67677419355,358.0774193548387,28.438709677419354,15.399032258064516,1769.7222580645162,116.08,0
2021,WIH2,Sep,44107.033,344.5656666666667,24.522,10.372,1277.118,63.269999999999996,0
2021,WIH2,Oct,38661.937741935486,208.74129032258065,17.75548387096774,7.715483870967742,1135.06,63.21,0
2021,WIH2,Nov,34071.55233333333,195.94066666666666,7.461666666666667,-3.6863333333333332,483.0966666666667,12.88,0
2021,WIH2,Dec,31833.312903225808,151.61903225806452,2.8670967741935485,-6.109677419354838,405.82032258064515,44.11,84.58
2021,WIH3,Jan,32796.1564516129,176.32612903225805,-2.286774193548387,-10.476774193548387,297.8077419354839,20.05,390
2021,WIH3,Feb,36811.90535714286,293.0032142857143,-5.725,-17.938928571428573,187.76392857142858,24.57,901.31
2021,WIH3,Mar,42081.813870967744,324.1496774193548,9.113548387096774,-2.6216129032258064,478.67645161290324,38.690000000000005,592.28
2021,WIH3,Apr,47694.75433333333,371.125,14.476,1.8303333333333334,644.6763333333333,45.15,0
2021,WIH3,May,52466.32677419355,387.54903225806453,19.683870967741935,6.99483870967742,960.0093548387097,81.27000000000001,0
2021,WIH3,Jun,54899.560666666664,376.10200000000003,27.747333333333334,14.783333333333333,1593.4196666666667,164.28,0
2021,WIH3,Jul,53748.82548387097,390.5609677419355,26.98548387096774,14.964193548387097,1718.9432258064517,154.15,0
2021,WIH3,Aug,49578.60870967742,359.8448387096774,27.080645161290324,14.994838709677419,1726.013870967742,214.32,0
2021,WIH3,Sep,44132.914666666664,350.647,23.327333333333332,9.357,1191.7923333333333,21.55,0
2021,WIH3,Oct,38531.26258064516,216.3174193548387,17.143548387096775,6.944193548387097,1084.2709677419355,36.85,0
2021,WIH3,Nov,33801.15666666667,183.84766666666667,6.283,-4.350666666666666,457.6526666666667,22.240000000000002,0
2021,WIH3,Dec,31489.463548387095,149.14322580645162,0.9141935483870968,-7.7535483870967745,360.72709677419357,45.95,90.66
2022,COH1,Jan,34028.47387096774,256.1835483870968,6.198709677419354,-9.436451612903225,265.5874193548387,15.76,154.35999999999999
2022,COH1,Feb,37550.18142857143,330.38928571428573,5.208571428571428,-10.774642857142856,226.44571428571427,16.99,372.19
2022,COH1,Mar,42209.28548387097,392.0158064516129,12.309677419354838,-4.174193548387096,297.1967741935484,24.68,102.06
2022,COH1,Apr,47178.96833333333,461.535,17.743333333333332,-0.9073333333333334,272.19666666666666,2.79,0
2022,COH1,May,51377.49741935484,429.82129032258064,21.810322580645163,5.227741935483871,473.39354838709676,59.56,0
2022,COH1,Jun,53499.52533333333,489.99733333333336,29.652666666666665,11.153666666666666,618.826,14.42,0
2022,COH1,Jul,52497.97774193549,441.5441935483871,32.78645161290323,15.135806451612904,1042.73,92.09,0
2022,COH1,Aug,48841.12516129032,429.76032258064515,31.736129032258063,14.572258064516129,1375.110322580645,10.06,0
2022,COH1,Sep,44026.599,383.3376666666667,27.901,9.742333333333333,1022.653,24.13,0
2022,COH1,Oct,39067.41516129032,321.4758064516129,19.808709677419355,2.1361290322580646,677.611935483871,4.28,0
2022,COH1,Nov,34906.43666666667,242.85833333333335,8.563,-7.139666666666667,304.14733333333334,19.36,71.75
2022,COH1,Dec,32890.93838709677,222.0332258064516,5.930322580645162,-9.475806451612904,295.82290322580644,7.970000000000001,55.49
2022,DEH1,Jan,34681.64387096774,227.9216129032258,5.969032258064516,-3.938064516129032,482.60645161290324,149.7,487.14
2022,DEH1,Feb,37944.42428571429,306.48535714285714,11.119285714285715,-0.5642857142857143,609.8417857142857,40.67,305.95
2022,DEH1,Mar,42277.62774193548,330.90258064516127,15.091612903225807,3.734516129032258,847.1983870967742,82.07,0
2022,DEH1,Apr,46902.960333333336,402.003,18.246333333333332,6.988333333333333,1024.9546666666668,85.09,0
2022,DEH1,May,50798.95483870968,350.4409677419355,23.381612903225808,13.93741935483871,1628.1067741935485,94.83,0
2022,DEH1,Jun,52759.836,404.33233333333334,28.299666666666667,17.126666666666665,1977.2893333333334,92.7,0
2022,DEH1,Jul,51835.21161290322,336.4935483870968,30.94967741935484,21.54032258064516,2587.466774193548,109.7,0
2022,DEH1,Aug,48447.35612903226,369.0109677419355,30.9941935483871,20.719354838709677,2464.240322580645,52.23,0
2022,DEH1,Sep,43969.59333333333,329.65,26.567333333333334,16.130333333333333,1871.8183333333334,127.86,0
2022,DEH1,Oct,39354.256129032256,262.6306451612903,19.087096774193547,9.118709677419355,1186.3487096774193,89.22,0
2022,DEH1,Nov,35493.57633333333,231.89533333333333,16.606,5.335666666666667,972.1046666666666,84.04,0
2022,DEH1,Dec,33631.367741935486,189.39129032258066,9.63258064516129,-0.9167741935483871,611.7977419354838,126.2,11.85
2022,GAH1,Jan,36720.92451612903,274.8093548387097,15.488064516129032,2.490322580645161,782.7435483870968,131.13,0
2022,GAH1,Feb,39186.38642857143,335.45964285714285,20.124285714285715,5.557857142857142,951.7032142857144,56.220000000000006,0
2022,GAH1,Mar,42493.9864516129,361.5658064516129,23.858709677419355,8.716451612903226,1178.755806451613,128.09,0
2022,GAH1,Apr,46031.244333333336,438.163,26.130333333333333,11.279333333333334,1366.822,74.74000000000001,0
2022,GAH1,May,48987.36387096774,403.39677419354837,30.57193548387097,17.25258064516129,1988.8651612903225,57.42,0
2022,GAH1,Jun,50459.106,415.1716666666667,34.410333333333334,21.248333333333335,2509.305,62.16,0
2022,GAH1,Jul,49766.79,338.76935483870966,32.94903225806452,22.362903225806452,2688.433548387097,139.73,0
2022,GAH1,Aug,47207.06967741936,342.41161290322583,32.12032258064516,21.759677419354837,2606.894516129032,149.97,0
2022,GAH1,Sep,43789.10433333334,389.6256666666667,30.040666666666667,18.303,2138.162333333333,79.11,0
2022,GAH1,Oct,40259.951290322584,367.4406451612903,25.83258064516129,9.710967741935484,1245.1570967741936,28.74,0
2022,GAH1,Nov,37331.556666666664,254.786,21.501333333333335,9.532,1250.82,88.25,0
2022,GAH1,Dec,35934.32064516129,254.6683870967742,17.231612903225805,4.952258064516129,959.3267741935484,40.22,0
2022,GAH2,Jan,36126.467741935485,252.62387096774194,12.93774193548387,0.7832258064516129,689.0096774193548,117.06,0
2022,GAH2,Feb,38822.77785714286,316.1217857142857,17.480357142857144,3.7399999999999998,842.4267857142858,87.58,0
2022,GAH2,Mar,42430.49,353.81935483870967,20.773870967741935,7.516451612903226,1083.1009677419354,186.57999999999998,0
2022,GAH2,Apr,46286.774333333335,442.896,23.659,8.767666666666667,1160.7793333333334,155.76,0
2022,GAH2,May,49516.194193548385,406.1983870967742,29.15258064516129,16.071290322580644,1849.2903225806451,35.43,0
2022,GAH2,Jun,51128.564666666665,421.0903333333333,33.368,20.067,2360.7633333333333,13.42,0
2022,GAH2,Jul,50369.62483870968,352.828064516129,32.83064516129032,21.831612903225807,2587.5054838709675,170.98,0
2022,GAH2,Aug,47570.16032258065,364.9845161290323,31.34774193548387,21.00774193548387,2488.112258064516,70.56,0
2022,GAH2,Sep,43842.07633333333,378.06166666666667,28.919333333333334,16.776333333333334,1957.9123333333332,93.69,0
2022,GAH2,Oct,39994.49677419355,346.5190322580645,23.936774193548388,8.62741935483871,1152.8183870967741,16.32,0
2022,GAH2,Nov,36795.098666666665,238.39366666666666,19.198,7.503333333333333,1114.564,205.09,0
2022,GAH2,Dec,35264.22483870968,213.8593548387097,12.751290322580646,3.0151612903225806,830.5525806451614,127.53,0
2022,GEH1,NA,NA,NA,NA,NA,NA,NA,NA
2022,IAH1,Jan,33833.60709677419,219.20483870967743,-3.148064516129032,-15.2,207.06032258064516,22.66,431.38
2022,IAH1,Feb,37432.938571428575,289.9982142857143,2.3457142857142856,-11.185714285714285,266.1142857142857,19.28,368.9
2022,IAH1,Mar,42188.99612903226,301.638064516129,9.938064516129032,-2.091290322580645,513.3209677419355,91.15,68.34
2022,IAH1,Apr,47260.973333333335,371.6,13.880666666666666,2.0313333333333334,731.0956666666667,79.98,0
2022,IAH1,May,51549.918387096775,386.2090322580645,23.419677419354837,11.91741935483871,1435.2267741935484,63.48,0
2022,IAH1,Jun,53720.509,399.2656666666667,29.031333333333333,16.412,1860.8806666666667,73.58,0
2022,IAH1,Jul,52695.73806451613,363.5122580645161,29.583225806451612,18.126774193548385,2072.1312903225808,61.629999999999995,0
2022,IAH1,Aug,48958.2335483871,368.8764516129032,29.02193548387097,17.249032258064517,1962.7322580645161,65.39,0
2022,IAH1,Sep,44043.521,337.864,25.272333333333332,12.553666666666667,1516.3183333333334,88.24,0
2022,IAH1,Oct,38982.180645161294,293.1674193548387,18.306129032258063,2.9587096774193546,797.44,24.57,0
2022,IAH1,Nov,34731.435666666664,188.90200000000002,10.028333333333332,-1.7743333333333333,585.0443333333334,81.79,0
2022,IAH1,Dec,32669.730967741936,164.9667741935484,1.2519354838709678,-8.559354838709677,366.00290322580645,32.7,65.32000000000001
2022,IAH2,Jan,33533.82129032258,216.90225806451613,-1.9803225806451614,-16.641290322580645,186.15774193548387,18.12,239.37
2022,IAH2,Feb,37252.92821428571,290.2710714285714,1.627857142857143,-13.859285714285715,218.67357142857142,4.83,226.19
2022,IAH2,Mar,42157.87870967742,284.03645161290325,8.404193548387097,-4.207096774193548,410.25709677419354,53.51,48.36
2022,IAH2,Apr,47386.814666666665,385.859,13.606666666666667,-0.9946666666666667,515.843,79.31,25.28
2022,IAH2,May,51814.99806451613,368.6225806451613,22.26516129032258,9.93,1250.707741935484,135.53,0
2022,IAH2,Jun,54060.756,398.733,28.855,15.719333333333333,1839.6193333333333,106.2,0
2022,IAH2,Jul,52999.99741935484,362.24387096774194,29.42225806451613,17.473548387096773,2018.1829032258065,101.34,0
2022,IAH2,Aug,49138.04451612903,368.7829032258065,28.622258064516128,15.814516129032258,1819.5787096774193,58.81,0
2022,IAH2,Sep,44069.475333333336,350.451,25.297666666666668,10.767666666666667,1341.4223333333334,40.93,0
2022,IAH2,Oct,38851.379677419354,287.4161290322581,18.340645161290322,1.7287096774193549,739.0296774193548,22.04,0
2022,IAH2,Nov,34462.371333333336,177.27866666666668,7.8406666666666665,-4.228666666666666,501.79133333333334,27.96,0
2022,IAH2,Dec,32329.137741935483,162.13612903225805,-1.761290322580645,-11.763548387096774,286.89451612903224,46.55,170.31
2022,IAH3,Jan,33574.33,219.02354838709678,-4.629354838709677,-16.934193548387096,180.32,20.560000000000002,495.85
2022,IAH3,Feb,37277.22607142857,294.25714285714287,-0.03428571428571427,-13.378214285714286,230.505,8.870000000000001,511.42
2022,IAH3,Mar,42162.07548387097,291.2132258064516,7.853870967741935,-3.2548387096774194,484.2564516129032,101.83,219.66
2022,IAH3,Apr,47369.83433333333,377.19,12.336,0.17499999999999996,639.9583333333334,90.59,0
2022,IAH3,May,51779.193225806455,391.7664516129032,22.60483870967742,10.183548387096774,1298.385806451613,70.47,0
2022,IAH3,Jun,54014.759666666665,397.8566666666667,28.436666666666667,14.856333333333334,1714.9853333333333,132.22,0
2022,IAH3,Jul,52958.88483870968,358.2945161290323,29.098709677419354,17.193548387096776,1988.3283870967741,93.28,0
2022,IAH3,Aug,49113.77225806451,354.4909677419355,28.205806451612904,15.855806451612903,1823.0745161290322,76.3,0
2022,IAH3,Sep,44065.975333333336,341.6913333333333,24.986,11.300666666666666,1408.0773333333334,51.97,0
2022,IAH3,Oct,38869.03129032258,291.28483870967744,17.87290322580645,1.4483870967741936,719.0570967741935,37.56,0
2022,IAH3,Nov,34498.71566666666,190.31033333333332,8.673333333333334,-3.4213333333333336,518.2483333333333,85.86,40.73
2022,IAH3,Dec,32375.180322580643,159.3983870967742,-0.8880645161290323,-10.381935483870969,321.35064516129034,48.65,178.3
2022,IAH4,Jan,33574.33,222.49612903225807,-2.6916129032258063,-16.379354838709677,190.4432258064516,21.21,290.34
2022,IAH4,Feb,37277.22607142857,291.4557142857143,0.93714285714285706,-13.148928571428572,234.9517857142857,6.14,246.12
2022,IAH4,Mar,42162.07548387097,284.2283870967742,8.385483870967741,-3.0309677419354837,481.7967741935484,102.88,30.38
2022,IAH4,Apr,47369.83433333333,387.922,13.184666666666667,0.45466666666666666,652.7156666666666,128.69,23.01
2022,IAH4,May,51779.193225806455,376.6183870967742,22.579677419354837,10.623870967741935,1338.9351612903226,126.14,0
2022,IAH4,Jun,54014.759666666665,391.9153333333333,28.885666666666665,15.98,1858.318,201.53,0
2022,IAH4,Jul,52958.88483870968,367.6206451612903,29.66774193548387,17.91741935483871,2075.174193548387,94.88,0
2022,IAH4,Aug,49113.77225806451,365.7732258064516,28.931612903225805,16.46483870967742,1895.2009677419355,105.09,0
2022,IAH4,Sep,44065.975333333336,349.1603333333333,25.102,11.698,1428.1003333333333,57.8,0
2022,IAH4,Oct,38869.03129032258,293.27612903225804,18.51322580645161,2.3512903225806454,763.8703225806452,20.55,0
2022,IAH4,Nov,34498.71566666666,179.37666666666667,8.349666666666666,-3.1673333333333336,525.5596666666667,60.69,1.36
2022,IAH4,Dec,32375.180322580643,166.83774193548388,-1.1274193548387097,-10.357096774193549,318.2835483870968,52.27,169.26
2022,ILH1,Jan,34219.54774193549,240.66193548387096,0.1303225806451613,-11.106451612903225,278.13516129032257,13.940000000000001,39.88
2022,ILH1,Feb,37665.311785714286,277.91821428571427,2.228214285714286,-8.7125,334.0925,93.94,120.60000000000001
2022,ILH1,Mar,42229.224516129034,315.39612903225805,11.634193548387097,-0.08870967741935486,635.7283870967742,122.82000000000001,1.8
2022,ILH1,Apr,47098.405,399.3896666666667,15.816666666666666,3.8233333333333333,842.9206666666666,81.22,0
2022,ILH1,May,51208.35064516129,386.46032258064514,24.578709677419354,12.542903225806452,1501.9735483870968,85.08,0
2022,ILH1,Jun,53282.983,430.81233333333336,29.992333333333335,16.342333333333332,1868.34,22.29,0
2022,ILH1,Jul,52304.082903225804,364.2225806451613,29.53516129032258,18.281612903225806,2054.3825806451614,68.32000000000001,0
2022,ILH1,Aug,48726.13032258065,383.2345161290323,28.35322580645161,16.850322580645162,1900.9732258064516,116.52,0
2022,ILH1,Sep,44009.96666666667,355.95933333333335,25.2,12.707,1532.1253333333334,98.62,0
2022,ILH1,Oct,39151.144838709675,287.1174193548387,18.710645161290323,4.4561290322580644,874.1564516129032,60.29,0
2022,ILH1,Nov,35078.107,207.94166666666666,11.335,-0.19333333333333327,652.9263333333333,44.82,0.75
2022,ILH1,Dec,33107.69741935484,170.95806451612904,3.279677419354839,-5.121935483870968,469.19612903225806,73.73,21.04
2022,INH1,Jan,34086.18709677419,229.23774193548388,-0.6216129032258065,-10.933225806451613,284.708064516129,18,81.89
2022,INH1,Feb,37584.9375,268.8432142857143,2.215357142857143,-8.520714285714286,343.0364285714286,97.01,749.27
2022,INH1,Mar,42215.30225806452,320.01451612903224,11.153870967741936,-0.4032258064516128,621.0877419354839,104.28,269.98
2022,INH1,Apr,47154.65,388.8976666666667,15.160666666666668,3.2840000000000003,808.439,82.52,0
2022,INH1,May,51326.415483870966,381.5206451612903,24.04225806451613,12.109677419354838,1453.104193548387,138.51,0
2022,INH1,Jun,53434.104999999996,418.23066666666665,29.007666666666665,15.483333333333334,1801.9933333333333,35.63,0
2022,INH1,Jul,52439.41129032258,357.5551612903226,29.24741935483871,17.524838709677418,2019.0016129032258,68.98,0
2022,INH1,Aug,48806.40935483871,372.86548387096775,28.239354838709676,16.36516129032258,1881.9496774193549,132.12,0
2022,INH1,Sep,44021.579666666665,344.149,24.812333333333335,12.28,1483.9773333333333,38.17,0
2022,INH1,Oct,39092.68935483871,282.91548387096776,18.28741935483871,4.044838709677419,849.6645161290322,64.46000000000001,0
2022,INH1,Nov,34958.281,195.66666666666666,10.995666666666667,-0.0866666666666667,653.5586666666667,56.54,0
2022,INH1,Dec,32956.423548387094,161.43548387096774,2.9396774193548385,-5.087096774193548,465.54870967741937,45.27,16.099999999999998
2022,MIH1,Jan,33307.96709677419,204.45387096774195,-2.589677419354839,-11.933548387096774,259.29548387096776,16.52,162.5
2022,MIH1,Feb,37117.60178571429,261.4785714285714,0.5164285714285713,-9.088571428571429,324.5678571428571,78.58,706.34
2022,MIH1,Mar,42134.51096774194,336.3593548387097,7.935161290322581,-3.0461290322580648,505.2345161290323,75.66,584.01
2022,MIH1,Apr,47481.362,357.535,12.252666666666666,1.413,700.4373333333333,103.64,0
2022,MIH1,May,52014.56612903226,384.44870967741934,22.35451612903226,10.465483870967741,1319.0370967741935,87.98,0
2022,MIH1,Jun,54317.33433333333,406.99666666666667,27.193333333333335,13.890666666666666,1620.0743333333332,60.37,0
2022,MIH1,Jul,53229.24935483871,375.6906451612903,28.55516129032258,16.00709677419355,1837.8935483870966,64.52,0
2022,MIH1,Aug,49273.224516129034,358.0064516129032,27.44225806451613,15.843225806451613,1824.8745161290324,111.78999999999999,0
2022,MIH1,Sep,44088.96366666667,309.87966666666665,22.951666666666668,11.918666666666667,1436.5056666666667,64.24000000000001,0
2022,MIH1,Oct,38753.1,257.3974193548387,16.86258064516129,4.007096774193548,835.6312903225806,65.84,0
2022,MIH1,Nov,34259.789333333334,179.71966666666665,10.081,0.10133333333333337,655.4916666666667,28.91,6.84
2022,MIH1,Dec,32072.295483870967,134.7306451612903,1.9035483870967742,-4.114193548387097,477.60483870967744,33.84,120.83
2022,MNH1,Jan,32796.1564516129,194.94612903225806,-6.514516129032258,-19.674193548387098,148.77322580645162,25.830000000000002,956.47
2022,MNH1,Feb,36811.90535714286,269.70392857142855,-4.641785714285715,-16.96964285714286,174.76642857142858,14.149999999999999,1302.61
2022,MNH1,Mar,42081.813870967744,303.7383870967742,4.058709677419355,-5.12741935483871,405.43870967741935,45.59,1540.79
2022,MNH1,Apr,47694.75433333333,373.265,9.226,-0.5776666666666667,560.9933333333333,110.46,257.86
2022,MNH1,May,52466.32677419355,393.72548387096776,21.03483870967742,9.388064516129033,1195.336129032258,92.58,0
2022,MNH1,Jun,54899.560666666664,387.992,27.278333333333332,15.378,1792.6156666666666,105.13,0
2022,MNH1,Jul,53748.82548387097,353.86,28.107419354838708,17.161612903225805,1975.8332258064515,118.92,0
2022,MNH1,Aug,49578.60870967742,339.0764516129032,26.098387096774193,15.477741935483872,1771.2387096774194,146.72,0
2022,MNH1,Sep,44132.914666666664,342.71633333333335,23.176,10.681000000000001,1339.266,21.64,0
2022,MNH1,Oct,38531.26258064516,263.2393548387097,16.234193548387097,2.584516129032258,792.8658064516129,9.6,0
2022,MNH1,Nov,33801.15666666667,157.07966666666667,5.202,-3.9273333333333333,498.7803333333333,41.5,67.78999999999999
2022,MNH1,Dec,31489.463548387095,148.91677419354838,-4.717741935483871,-12.911612903225807,266.81612903225806,47.67,305.91
2022,MOH2,Jan,34590.93322580645,232.35838709677418,3.7841935483870968,-8.153225806451612,350.8183870967742,15.84,4.98
2022,MOH2,Feb,37889.56,304.3121428571429,6.861428571428571,-6.72,392.88,52.22,136.4
2022,MOH2,Mar,42268.10677419355,303.2374193548387,14.220967741935484,1.41,674.128064516129,115.45,3.9099999999999997
2022,MOH2,Apr,46941.39366666666,372.90766666666667,18.361666666666668,5.784666666666666,974.5253333333333,138.74,0
2022,MOH2,May,50879.35580645161,367.75193548387097,24.76967741935484,14.000645161290322,1655.0316129032258,166.37,0
2022,MOH2,Jun,52862.473,407.3996666666667,30.630333333333333,18.794333333333334,2221.474333333333,19.78,0
2022,MOH2,Jul,51927.24612903226,358.59193548387094,32.35709677419355,20.873225806451615,2483.643548387097,71.38,0
2022,MOH2,Aug,48502.152903225804,381.96612903225804,31.086129032258064,19.68806451612903,2259.200322580645,48.14,0
2022,MOH2,Sep,43977.53566666666,358.3843333333333,27.663,14.561,1650.1246666666666,46.83,0
2022,MOH2,Oct,39314.31838709678,288.02258064516127,20.75483870967742,6.141935483870967,994.8887096774193,101.73,0
2022,MOH2,Nov,35411.986,212.37633333333332,13.452666666666667,1.5110000000000001,740.594,49.46,0
2022,MOH2,Dec,33528.62806451613,190.32870967741934,6.056451612903226,-3.59,525.5167741935484,38.9,12.35
2022,NCH1,Jan,35446.36483870968,238.30290322580646,9.604193548387096,-2.4377419354838707,553.0803225806452,132.99,0
2022,NCH1,Feb,38408.31107142857,292.51892857142855,14.452142857142857,0.445,649.5378571428571,53.83,0
2022,NCH1,Mar,42358.26225806452,356.9935483870968,19.28483870967742,5.290967741935484,932.7406451612903,76.85,0
2022,NCH1,Apr,46577.736666666664,417.98133333333334,22.771333333333335,8.382333333333333,1118.897,63.120000000000005,0
2022,NCH1,May,50120.494838709674,379.5309677419355,27.02709677419355,15.19741935483871,1736.4161290322581,101.42,0
2022,NCH1,Jun,51895.647,418.984,30.735666666666667,17.466666666666665,1994.1453333333334,61.660000000000004,0
2022,NCH1,Jul,51059.42709677419,331.72225806451615,32.33483870967742,21.93064516129032,2636.5851612903225,194.94,0
2022,NCH1,Aug,47984.063870967744,379.0183870967742,31.15451612903226,20.703548387096774,2455.7448387096774,137,0
2022,NCH1,Sep,43902.33033333333,360.72633333333334,28.665666666666667,16.900333333333332,1959.9426666666666,160.99,0
2022,NCH1,Oct,39692.198387096774,298.94387096774193,21.454193548387096,10.43483870967742,1286.8693548387096,28.099999999999998,0
2022,NCH1,Nov,36182.01033333333,247.10766666666666,19.185333333333332,7.383666666666667,1089.4096666666667,79.39,0
2022,NCH1,Dec,34496.40387096774,215.34612903225806,11.856774193548388,-0.5187096774193548,631.1354838709677,64.34,0
2022,NEH1,Jan,33950.99161290323,225.14,3.319677419354839,-12.079032258064515,237.74548387096775,6.59,48.730000000000004
2022,NEH1,Feb,37503.54178571428,283.5417857142857,6.375357142857143,-10.311071428571429,184.24785714285713,0,0
2022,NEH1,Mar,42201.212258064515,321.72032258064513,12.229354838709678,-3.1458064516129034,358.4348387096774,69.24,6.45
2022,NEH1,Apr,47211.594,409.947,17.687333333333335,1.6066666666666667,544.556,45.589999999999996,0
2022,NEH1,May,51446.06580645161,378.63870967741934,23.62290322580645,11.278064516129032,1312.0177419354839,123.84,0
2022,NEH1,Jun,53587.375,396.5333333333333,30.380333333333333,16.843666666666667,1976.7046666666668,117.48,0
2022,NEH1,Jul,52576.60806451613,385.77935483870965,31.468387096774194,18.896451612903224,2207.5929032258064,62.61,0
2022,NEH1,Aug,48887.71032258064,398.36645161290323,32.166451612903224,17.378064516129033,2005.9367741935484,19.05,0
2022,NEH1,Sep,44033.33266666667,359.0896666666667,29.01033333333333,12.814666666666666,1448.023,34.07,0
2022,NEH1,Oct,39033.50580645161,309.0870967741935,21.651935483870968,3.4461290322580647,734.7016129032259,17.73,0
2022,NEH1,Nov,34836.843,205.03366666666668,10.260333333333334,-3.832,513.0863333333333,11.98,0
2022,NEH1,Dec,32802.99967741936,187.53387096774193,2.215483870967742,-10.006451612903225,317.6325806451613,20.09,29.48
2022,NEH2,Jan,33892.47516129032,231.60870967741934,4.974516129032258,-11.46967741935484,262.10387096774195,6.4,34.97
2022,NEH2,Feb,37468.33714285714,308.56464285714287,6.562142857142857,-11.71642857142857,214.00392857142856,0.62,3.39
2022,NEH2,Mar,42195.12129032258,376.9974193548387,10.776451612903225,-5.930322580645162,247.42,22.19,266.39
2022,NEH2,Apr,47236.217,438.019,17.575666666666667,-0.6273333333333333,248.88866666666667,49.1,0
2022,NEH2,May,51497.83967741935,408.95354838709676,22.69451612903226,6.419677419354839,824.3145161290323,86.05,0
2022,NEH2,Jun,53653.736,453.24666666666667,31.030666666666665,13.583333333333334,1317.0153333333333,25.689999999999998,0
2022,NEH2,Jul,52635.993870967744,378.7916129032258,32.976451612903226,17.066129032258065,1919.0258064516129,116.84,0
2022,NEH2,Aug,48922.87387096774,419.68548387096774,32.935806451612905,15.186129032258064,1613.7145161290323,24.23,0
2022,NEH2,Sep,44038.41333333333,363.1333333333333,29.076333333333334,10.119333333333334,1214.347,34.87,0
2022,NEH2,Oct,39007.91322580645,306.35903225806453,20.621612903225806,1.7409677419354839,704.5458064516129,21.53,0
2022,NEH2,Nov,34784.293666666665,226.676,9.497,-7.399666666666667,372.3573333333333,7.85,2.98
2022,NEH2,Dec,32736.572258064516,187.60741935483873,1.9190322580645163,-11.643870967741936,277.4693548387097,36.53,26.57
2022,NEH3,Jan,33872.89161290322,231.3516129032258,5.498387096774193,-11.178709677419354,262.49387096774194,5.98,34.83
2022,NEH3,Feb,37456.56071428571,306.9382142857143,7.082857142857143,-11.3775,209.73,0.6699999999999999,3.66
2022,NEH3,Mar,42193.08258064516,378.62225806451613,11.211612903225806,-5.792258064516129,237.78870967741935,20.33,244.53
2022,NEH3,Apr,47244.452666666664,436.286,18.003,-0.1956666666666666,246.703,48.94,0
2022,NEH3,May,51515.16516129032,413.6241935483871,23.096774193548388,6.606129032258065,821.4380645161291,82.5,0
2022,NEH3,Jun,53675.94666666666,452.04333333333335,31.386666666666667,13.816666666666666,1326.0666666666666,27.349999999999998,0
2022,NEH3,Jul,52655.86870967742,380.1483870967742,33.36290322580645,17.2558064516129,1945.036129032258,121.6,0
2022,NEH3,Aug,48934.63838709678,420.3948387096774,33.10548387096774,15.38483870967742,1648.301935483871,21.91,0
2022,NEH3,Sep,44040.113333333335,368.5323333333333,29.34,10.147333333333334,1220.742,28.37,0
2022,NEH3,Oct,38999.35129032258,308.92290322580646,20.890645161290323,1.751290322580645,692.1129032258065,18.31,0
2022,NEH3,Nov,34766.708,227.206,10.006,-7.303,367.4316666666667,7.81,2.94
2022,NEH3,Dec,32714.33741935484,185.81774193548387,2.49,-11.351612903225806,280.83451612903224,33.9,23.35
2022,NYH2,Jan,33307.96709677419,206.45,-2.4738709677419357,-13.077741935483871,250.12612903225806,49.9,604.3000000000001
2022,NYH2,Feb,37117.60178571429,266.8310714285714,1.6867857142857143,-9.338571428571429,325.5367857142857,79.38,1099.1599999999999
2022,NYH2,Mar,42134.51096774194,330.5474193548387,7.636129032258064,-3.6483870967741936,495.92548387096775,88,899.12
2022,NYH2,Apr,47481.362,346.842,12.468666666666667,1.7986666666666666,715.9929999999999,77.31,0.48
2022,NYH2,May,52014.56612903226,400.411935483871,22.034193548387098,8.806129032258065,1182.1564516129033,92.79,0
2022,NYH2,Jun,54317.33433333333,382.895,24.357,12.545,1475.654,91.03999999999999,0
2022,NYH2,Jul,53229.24935483871,390.1516129032258,27.81774193548387,15.248387096774193,1747.4048387096775,53.5,0
2022,NYH2,Aug,49273.224516129034,349.83354838709676,27.331935483870968,15.649032258064516,1808.4903225806452,122.86,0
2022,NYH2,Sep,44088.96366666667,268.559,20.860333333333333,11.837666666666667,1433.3216666666667,149.68,0
2022,NYH2,Oct,38753.1,299.3764516129032,16.58451612903226,4.095483870967742,837.6125806451613,20.02,0
2022,NYH2,Nov,34259.789333333334,161.778,10.663,1.487,727.0523333333333,96.33,0
2022,NYH2,Dec,32072.295483870967,158.42483870967743,2.912258064516129,-4.908064516129032,453.68,65.52,240.41
2022,NYH3,Jan,33307.96709677419,206.45,-2.4738709677419357,-13.077741935483871,250.12612903225806,49.9,604.3000000000001
2022,NYH3,Feb,37117.60178571429,266.8310714285714,1.6867857142857143,-9.338571428571429,325.5367857142857,79.38,1099.1599999999999
2022,NYH3,Mar,42134.51096774194,330.5474193548387,7.636129032258064,-3.6483870967741936,495.92548387096775,88,899.12
2022,NYH3,Apr,47481.362,346.842,12.468666666666667,1.7986666666666666,715.9929999999999,77.31,0.48
2022,NYH3,May,52014.56612903226,400.411935483871,22.034193548387098,8.806129032258065,1182.1564516129033,92.79,0
2022,NYH3,Jun,54317.33433333333,382.895,24.357,12.545,1475.654,91.03999999999999,0
2022,NYH3,Jul,53229.24935483871,390.1516129032258,27.81774193548387,15.248387096774193,1747.4048387096775,53.5,0
2022,NYH3,Aug,49273.224516129034,349.83354838709676,27.331935483870968,15.649032258064516,1808.4903225806452,122.86,0
2022,NYH3,Sep,44088.96366666667,268.559,20.860333333333333,11.837666666666667,1433.3216666666667,149.68,0
2022,NYH3,Oct,38753.1,299.3764516129032,16.58451612903226,4.095483870967742,837.6125806451613,20.02,0
2022,NYH3,Nov,34259.789333333334,161.778,10.663,1.487,727.0523333333333,96.33,0
2022,NYH3,Dec,32072.295483870967,158.42483870967743,2.912258064516129,-4.908064516129032,453.68,65.52,240.41
2022,OHH1,Jan,34294.94935483871,235.83483870967743,0.1990322580645161,-9.511612903225807,321.3641935483871,53.68,537.78
2022,OHH1,Feb,37710.790357142854,271.69,4.020714285714286,-6.080357142857143,409.63107142857143,165.76,467.18
2022,OHH1,Mar,42237.10451612903,330.69774193548386,12.733870967741936,0.026774193548387122,645.3945161290322,84.81,4.34
2022,OHH1,Apr,47066.57133333333,368.5826666666667,14.724,3.4496666666666664,816.3016666666666,81.91,0
2022,OHH1,May,51141.57870967742,378.3832258064516,23.766451612903225,12.198064516129032,1447.1370967741934,153.04,0
2022,OHH1,Jun,53197.566666666666,412.85366666666664,28.394000000000002,15.341666666666667,1788.3943333333334,90.39,0
2022,OHH1,Jul,52227.56935483871,328.83096774193547,28.546774193548387,18.250967741935483,2106.9890322580645,192.78,0
2022,OHH1,Aug,48680.70419354839,382.5635483870968,27.565483870967743,16.69225806451613,1924.7367741935484,68.58,0
2022,OHH1,Sep,44003.393000000004,344.214,24.151666666666667,12.895666666666667,1535.121,57.129999999999995,0
2022,OHH1,Oct,39184.22903225807,302.1832258064516,18.240967741935485,4.375806451612903,851.2448387096774,38.5,0
2022,OHH1,Nov,35145.871666666666,189.49233333333333,11.727666666666666,0.9233333333333333,699.7246666666667,54.37,0
2022,OHH1,Dec,33193.19935483871,173.9883870967742,4.603225806451613,-4.039354838709677,511.18806451612903,39.93,66.18
2022,SCH1,Jan,35872.61096774194,251.17064516129034,10.665806451612903,-0.5858064516129032,622.7267741935484,87.04,0
2022,SCH1,Feb,38667.874285714286,305.68142857142857,15.64857142857143,2.295357142857143,756.9639285714286,107.38,0
2022,SCH1,Mar,42403.47548387097,354.78193548387094,19.704516129032257,5.735483870967742,949.7290322580645,173.67,0
2022,SCH1,Apr,46395.55933333333,428.181,22.507,8.005333333333333,1101.8356666666666,110.47,0
2022,SCH1,May,49741.850967741935,389.71354838709675,28.26,15.430967741935484,1775.4590322580646,72.97,0
2022,SCH1,Jun,51414.734,411.87466666666666,32.148,19.322666666666667,2242.614666666667,24.57,0
2022,SCH1,Jul,50627.08774193548,371.5509677419355,32.880967741935486,21.776129032258066,2416.5203225806454,51.31,0
2022,SCH1,Aug,47724.85032258064,362.4983870967742,30.878709677419355,20.68225806451613,2295.4954838709677,71.92999999999999,0
2022,SCH1,Sep,43864.61233333333,378.60433333333333,27.597333333333335,15.974333333333334,1852.5040000000001,135.85,0
2022,SCH1,Oct,39881.47709677419,337.76032258064515,22.263548387096773,7.49483870967742,1069.6564516129033,32.480000000000004,0
2022,SCH1,Nov,36566.169,240.82333333333332,18.191333333333333,6.168666666666667,1029.6696666666667,143.51999999999998,0
2022,SCH1,Dec,34977.78064516129,201.14322580645162,10.78483870967742,1.4219354838709677,742.2825806451613,145.66,0
2022,TXH1,Jan,36955.68096774194,281.91709677419357,16.66225806451613,2.770967741935484,768.4667741935484,93.02000000000001,0
2022,TXH1,Feb,39330.294642857145,327.0707142857143,16.387857142857143,2.6225,779.0467857142858,41.36,0
2022,TXH1,Mar,42519.14709677419,401.84967741935486,23.06290322580645,8.175161290322581,1145.0403225806451,69.36,0
2022,TXH1,Apr,45930.045,379.7526666666667,28.244666666666667,15.996333333333334,1882.7376666666667,65.76,0
2022,TXH1,May,48778.375483870965,417.89774193548385,32.825806451612905,21.339032258064517,2419.8093548387096,51.54,0
2022,TXH1,Jun,50194.97,417.379,36.575,24.219333333333335,2666.378,16.810000000000002,0
2022,TXH1,Jul,49528.746451612904,435.3090322580645,38.99354838709677,25.28258064516129,2323.5403225806454,0,0
2022,TXH1,Aug,47063.36935483871,401.82032258064515,36.56935483870968,24.50967741935484,1525.951935483871,101.16,0
2022,TXH1,Sep,43768.112,397.7083333333333,33.79233333333333,20.543666666666667,2398.379,77.17,0
2022,TXH1,Oct,40365.07419354839,340.9290322580645,28.753870967741936,13.804193548387097,1612.612258064516,49.67,0
2022,TXH1,Nov,37543.54666666667,244.98566666666667,20.246333333333332,9.758666666666667,1279.3113333333333,118.47,0
2022,TXH1,Dec,36198.70580645162,260.1074193548387,18.038387096774194,7.146451612903226,1172.4612903225807,135.14,0
2022,TXH2,Jan,36955.68096774194,281.91709677419357,16.66225806451613,2.770967741935484,768.4667741935484,93.02000000000001,0
2022,TXH2,Feb,39330.294642857145,327.0707142857143,16.387857142857143,2.6225,779.0467857142858,41.36,0
2022,TXH2,Mar,42519.14709677419,401.84967741935486,23.06290322580645,8.175161290322581,1145.0403225806451,69.36,0
2022,TXH2,Apr,45930.045,379.7526666666667,28.244666666666667,15.996333333333334,1882.7376666666667,65.76,0
2022,TXH2,May,48778.375483870965,417.89774193548385,32.825806451612905,21.339032258064517,2419.8093548387096,51.54,0
2022,TXH2,Jun,50194.97,417.379,36.575,24.219333333333335,2666.378,16.810000000000002,0
2022,TXH2,Jul,49528.746451612904,435.3090322580645,38.99354838709677,25.28258064516129,2323.5403225806454,0,0
2022,TXH2,Aug,47063.36935483871,401.82032258064515,36.56935483870968,24.50967741935484,1525.951935483871,101.16,0
2022,TXH2,Sep,43768.112,397.7083333333333,33.79233333333333,20.543666666666667,2398.379,77.17,0
2022,TXH2,Oct,40365.07419354839,340.9290322580645,28.753870967741936,13.804193548387097,1612.612258064516,49.67,0
2022,TXH2,Nov,37543.54666666667,244.98566666666667,20.246333333333332,9.758666666666667,1279.3113333333333,118.47,0
2022,TXH2,Dec,36198.70580645162,260.1074193548387,18.038387096774194,7.146451612903226,1172.4612903225807,135.14,0
2022,TXH3,Jan,36955.68096774194,281.91709677419357,16.66225806451613,2.770967741935484,768.4667741935484,93.02000000000001,0
2022,TXH3,Feb,39330.294642857145,327.0707142857143,16.387857142857143,2.6225,779.0467857142858,41.36,0
2022,TXH3,Mar,42519.14709677419,401.84967741935486,23.06290322580645,8.175161290322581,1145.0403225806451,69.36,0
2022,TXH3,Apr,45930.045,379.7526666666667,28.244666666666667,15.996333333333334,1882.7376666666667,65.76,0
2022,TXH3,May,48778.375483870965,417.89774193548385,32.825806451612905,21.339032258064517,2419.8093548387096,51.54,0
2022,TXH3,Jun,50194.97,417.379,36.575,24.219333333333335,2666.378,16.810000000000002,0
2022,TXH3,Jul,49528.746451612904,435.3090322580645,38.99354838709677,25.28258064516129,2323.5403225806454,0,0
2022,TXH3,Aug,47063.36935483871,401.82032258064515,36.56935483870968,24.50967741935484,1525.951935483871,101.16,0
2022,TXH3,Sep,43768.112,397.7083333333333,33.79233333333333,20.543666666666667,2398.379,77.17,0
2022,TXH3,Oct,40365.07419354839,340.9290322580645,28.753870967741936,13.804193548387097,1612.612258064516,49.67,0
2022,TXH3,Nov,37543.54666666667,244.98566666666667,20.246333333333332,9.758666666666667,1279.3113333333333,118.47,0
2022,TXH3,Dec,36198.70580645162,260.1074193548387,18.038387096774194,7.146451612903226,1172.4612903225807,135.14,0
2022,WIH1,Jan,33182.52387096774,204.9174193548387,-5.316774193548387,-16.502903225806453,182.37709677419355,15.08,440.46
2022,WIH1,Feb,37042.55,277.7082142857143,-1.0175,-12.503571428571428,246.75071428571428,11.84,676.23
2022,WIH1,Mar,42121.56193548387,310.22903225806454,6.053225806451613,-4.356774193548387,443.46096774193546,110.51,461.07
2022,WIH1,Apr,47533.77566666667,348.09366666666665,10.876333333333333,0.5196666666666666,652.7023333333333,86.64,7.300000000000001
2022,WIH1,May,52125.35129032258,396.2016129032258,21.831290322580646,9.97483870967742,1289.491935483871,70.37,0
2022,WIH1,Jun,54459.93233333333,405.00266666666664,26.535666666666668,13.587,1583.5723333333333,95.48,0
2022,WIH1,Jul,53356.58483870968,376.3370967741935,27.99483870967742,16.070645161290322,1839.8648387096775,107.75,0
2022,WIH1,Aug,49348.195806451615,350.3158064516129,26.45709677419355,15.23,1744.406451612903,143.47,0
2022,WIH1,Sep,44099.764,326.05066666666664,22.158333333333335,11.147666666666666,1374.4736666666668,101.65,0
2022,WIH1,Oct,38698.61483870968,276.8190322580645,16.364838709677418,2.5187096774193547,759.5487096774193,27.73,0
2022,WIH1,Nov,34147.323333333334,173.206,8.296666666666667,-2.233,560.76,93.12,7.41
2022,WIH1,Dec,31929.549677419353,146.34193548387097,-1.3796774193548387,-9.341612903225807,348.2235483870968,82.63,97.53
2022,WIH2,Jan,33097.98483870968,197.82290322580644,-5.553870967741935,-16.891290322580645,177.93870967741935,9.049999999999999,335.61
2022,WIH2,Feb,36992.017857142855,269.5078571428571,-1.2517857142857143,-12.873928571428571,239.8557142857143,12.520000000000001,510.71000000000004
2022,WIH2,Mar,42112.847096774196,301.078064516129,5.614193548387097,-4.718709677419355,436.86290322580646,114.04,389.94
2022,WIH2,Apr,47569.05766666667,348.8546666666667,10.882666666666667,0.457,647.83,91.33,6.380000000000001
2022,WIH2,May,52199.99129032258,403.51354838709676,21.75032258064516,9.62483870967742,1266.3148387096774,64.7,0
2022,WIH2,Jun,54556.068333333336,385.24033333333335,26.264333333333333,13.363333333333333,1563.458,151.4,0
2022,WIH2,Jul,53442.4035483871,366.948064516129,27.912903225806453,15.763870967741935,1810.8616129032257,95.6,0
2022,WIH2,Aug,49398.67677419355,344.0593548387097,26.36774193548387,15.018064516129032,1724.1058064516128,151.69,0
2022,WIH2,Sep,44107.033,317.65,22.014333333333333,10.965,1361.277,124.49,0
2022,WIH2,Oct,38661.937741935486,270.731935483871,16.16516129032258,2.463225806451613,756.6751612903225,32.97,0
2022,WIH2,Nov,34071.55233333333,166.11666666666667,8.319333333333333,-2.2096666666666667,564.7933333333333,81.06,3.3499999999999996
2022,WIH2,Dec,31833.312903225808,141.7883870967742,-1.471290322580645,-9.353548387096774,347.7138709677419,75,93.88
2022,WIH3,Jan,32796.1564516129,198.97548387096774,-6.080645161290323,-17.990645161290324,164.03967741935483,10.67,630.24
2022,WIH3,Feb,36811.90535714286,266.7010714285714,-2.6210714285714287,-14.489642857142858,210.13357142857143,9.59,767.98
2022,WIH3,Mar,42081.813870967744,309.95516129032256,3.9348387096774196,-5.630645161290323,403.0941935483871,103.13,1530.46
2022,WIH3,Apr,47694.75433333333,377.21566666666666,9.764666666666667,-0.5226666666666666,593.0213333333334,82.44,462.45
2022,WIH3,May,52466.32677419355,385.861935483871,20.90258064516129,8.843870967741935,1198.4693548387097,81.04,0
2022,WIH3,Jun,54899.560666666664,400.6193333333333,25.365333333333332,12.334666666666667,1467.8986666666667,117.59,0
2022,WIH3,Jul,53748.82548387097,373.63354838709677,27.349354838709676,14.77258064516129,1700.761935483871,98.66,0
2022,WIH3,Aug,49578.60870967742,339.9125806451613,25.836774193548386,14.23741935483871,1637.8609677419356,140.29,0
2022,WIH3,Sep,44132.914666666664,302.504,21.499333333333333,10.004,1277.883,100.93,0
2022,WIH3,Oct,38531.26258064516,263.41967741935485,15.306129032258065,2.0425806451612902,734.833870967742,30.61,0
2022,WIH3,Nov,33801.15666666667,171.53766666666667,7.322666666666667,-3.1976666666666667,528.3506666666667,76.22,9.84
2022,WIH3,Dec,31489.463548387095,136.4732258064516,-2.5780645161290323,-9.887419354838709,330.37709677419355,49.1,185.31
2023,COH1,Jan,34028.47387096774,235.66516129032257,2.844193548387097,-8.530322580645162,305.0825806451613,21.529999999999998,32.3
2023,COH1,Feb,37550.18142857143,343.0732142857143,7.0946428571428575,-8.829285714285714,224.65607142857144,10.559999999999999,40.1
2023,COH1,Mar,42209.28548387097,376.5758064516129,8.549032258064516,-5.80741935483871,232.30064516129033,24.52,78.32
2023,COH1,Apr,47178.96833333333,459.297,16.55366666666667,-0.4116666666666667,296.82166666666666,17.86,32.68
2023,COH1,May,51377.49741935484,414.9441935483871,22.134193548387096,7.580967741935484,756.2464516129032,88.78,0
2023,COH1,Jun,53499.52533333333,410.9753333333333,24.701333333333334,11.068666666666667,1262.5776666666666,137.69,0
2023,COH1,Jul,52497.97774193549,438.2393548387097,30.479032258064517,13.689032258064517,1562.2164516129033,104.46,0
2023,COH1,Aug,48841.12516129032,399.8748387096774,29.916129032258066,13.284193548387098,1541.5129032258064,71.56,0
2023,COH1,Sep,44026.599,389.654,27.536333333333335,9.17,1180.3136666666667,12.68,0
2023,COH1,Oct,39067.41516129032,305.8677419354839,19.071612903225805,1.6851612903225806,728.5812903225807,19.41,8.82
2023,COH1,Nov,34906.43666666667,245.80966666666666,13.477666666666666,-3.7096666666666667,446.536,14.63,31.05
2023,COH1,Dec,32890.93838709677,200.61290322580646,9.66258064516129,-4.6,393.6364516129032,3.58,16.35
2023,DEH1,Jan,34681.64387096774,213.52064516129033,11.873870967741935,2.346774193548387,747.1735483870967,60.02,0
2023,DEH1,Feb,37944.42428571429,290.0307142857143,12.656785714285714,1.5967857142857143,707.8814285714286,46.16,0
2023,DEH1,Mar,42277.62774193548,347.31193548387097,13.872903225806452,2.7241935483870967,755.5109677419355,41.12,0
2023,DEH1,Apr,46902.960333333336,387.287,21.659,9.470333333333333,1195.2943333333333,158.76,0
2023,DEH1,May,50798.95483870968,401.0377419354839,22.183870967741935,11.253870967741936,1358.4312903225807,84.65,0
2023,DEH1,Jun,52759.836,388.60833333333335,26.946666666666665,16.295666666666666,1880.652,76.4,0
2023,DEH1,Jul,51835.21161290322,345.32516129032257,31.038064516129033,21.670322580645163,2603.2629032258064,210.73,0
2023,DEH1,Aug,48447.35612903226,345.61967741935484,29.23,20.29935483870968,2399.764193548387,86.86,0
2023,DEH1,Sep,43969.59333333333,297.265,26.556333333333335,17.233999999999998,2005.2273333333333,182.65,0
2023,DEH1,Oct,39354.256129032256,320.39709677419353,22.11935483870968,10.454516129032259,1294.9125806451614,49.61,0
2023,DEH1,Nov,35493.57633333333,235.85866666666666,14.811666666666667,2.8263333333333334,771.489,54.64,0
2023,DEH1,Dec,33631.367741935486,178.92741935483872,12.178387096774193,2.5729032258064515,758.3916129032258,225.18,0
2023,GAH1,Jan,36720.92451612903,266.8493548387097,18.88806451612903,5.134838709677419,928.6390322580645,172.78,0
2023,GAH1,Feb,39186.38642857143,317.4139285714286,22.513214285714287,8.978214285714285,1218.5564285714286,104.95,0
2023,GAH1,Mar,42493.9864516129,377.721935483871,23.258709677419354,9.647096774193548,1272.5967741935483,79.04,0
2023,GAH1,Apr,46031.244333333336,407.688,25.756666666666668,12.174333333333333,1446.4543333333334,81.23,0
2023,GAH1,May,48987.36387096774,400.1125806451613,28.18225806451613,15.820967741935483,1829.8909677419356,75.99,0
2023,GAH1,Jun,50459.106,396.7063333333333,31.207333333333334,19.453666666666667,2257.0383333333334,198.12,0
2023,GAH1,Jul,49766.79,376.11967741935484,33.601290322580645,22.669677419354837,2754.0793548387096,96.26,0
2023,GAH1,Aug,47207.06967741936,391.73225806451615,34.45322580645161,22.606129032258064,2744.234193548387,128.07999999999998,0
2023,GAH1,Sep,43789.10433333334,366.08366666666666,30.40566666666667,18.665333333333333,2167.934333333333,63.8,0
2023,GAH1,Oct,40259.951290322584,359.99387096774194,26.08967741935484,12.000967741935485,1429.9267741935485,36.6,0
2023,GAH1,Nov,37331.556666666664,269.42833333333334,20.577666666666666,7.5456666666666665,1080.9886666666666,22.46,0
2023,GAH1,Dec,35934.32064516129,253.68032258064517,17.480967741935483,4.8106451612903225,906.3283870967742,145.46,0
2023,GAH2,Jan,36126.467741935485,240.23129032258063,15.814516129032258,4.272258064516129,867.1129032258065,218.75,0
2023,GAH2,Feb,38822.77785714286,302.10571428571427,19.605,7.127857142857143,1070.7632142857142,101.32000000000001,0
2023,GAH2,Mar,42430.49,364.75870967741935,20.593548387096774,7.437096774193549,1101.1867741935484,203.5,0
2023,GAH2,Apr,46286.774333333335,385.86266666666666,23.33866666666667,9.96,1256.31,226.16,0
2023,GAH2,May,49516.194193548385,391.6941935483871,25.899677419354838,14.624516129032259,1706.0851612903225,96.99,0
2023,GAH2,Jun,51128.564666666665,416.45633333333336,29.927666666666667,17.892333333333333,2062.1993333333335,256.28000000000003,0
2023,GAH2,Jul,50369.62483870968,385.7945161290323,33.48806451612903,21.308387096774194,2536.4709677419355,99.99000000000001,0
2023,GAH2,Aug,47570.16032258065,359.08870967741933,33.119032258064514,21.04032258064516,2497.164516129032,344.61,0
2023,GAH2,Sep,43842.07633333333,388.25333333333333,29.532666666666668,16.687,1914.887,1.8,0
2023,GAH2,Oct,39994.49677419355,333.65354838709675,24.629354838709677,10.803225806451612,1324.7354838709678,56.050000000000004,0
2023,GAH2,Nov,36795.098666666665,252.23133333333334,18.944333333333333,6.006666666666667,975.0406666666667,72.26,0
2023,GAH2,Dec,35264.22483870968,241.9841935483871,15.542903225806452,3.066774193548387,799.78,44.7,0
2023,IAH1,Jan,33833.60709677419,175.9158064516129,1.7332258064516128,-5.740645161290322,419.82129032258064,55.54,23.560000000000002
2023,IAH1,Feb,37432.938571428575,282.60214285714284,5.895,-7.1674999999999995,385.6607142857143,82.67999999999999,26.04
2023,IAH1,Mar,42188.99612903226,311.1667741935484,8.336129032258064,-2.549032258064516,520.3367741935484,70.26,0
2023,IAH1,Apr,47260.973333333335,400.952,17.798333333333332,2.7616666666666667,765.7176666666667,32.92,0
2023,IAH1,May,51549.918387096775,426.79903225806453,24.68225806451613,10.307419354838709,1219.5548387096774,54.38,0
2023,IAH1,Jun,53720.509,389.4153333333333,28.894333333333332,14.965333333333334,1503.423,63.98,0
2023,IAH1,Jul,52695.73806451613,394.0683870967742,29.393225806451614,17.08290322580645,1857.9145161290323,59.5,0
2023,IAH1,Aug,48958.2335483871,363.8167741935484,28.67225806451613,17.049032258064514,1972.9361290322581,87.11,0
2023,IAH1,Sep,44043.521,337.40866666666665,26.720333333333333,13.127666666666666,1529.6413333333333,41.23,0
2023,IAH1,Oct,38982.180645161294,240.71903225806452,18.017741935483873,6.625806451612903,1045.7983870967741,76.24000000000001,0
2023,IAH1,Nov,34731.435666666664,222.40733333333333,11.001,-2.3873333333333333,534.959,17.34,0
2023,IAH1,Dec,32669.730967741936,132.11870967741936,6.4716129032258065,-1.6025806451612905,567.77,80.28,0
2023,IAH2,Jan,33533.82129032258,173.12064516129033,-1.0580645161290323,-9.770967741935484,321.458064516129,54.769999999999996,47.74
2023,IAH2,Feb,37252.92821428571,290.8257142857143,2.4514285714285715,-10.214285714285714,307.3725,55.309999999999995,251.61
2023,IAH2,Mar,42157.87870967742,352.48806451612904,6.2458064516129035,-5.101935483870967,427.3274193548387,35.94,601.67
2023,IAH2,Apr,47386.814666666665,389.7803333333333,16.702666666666666,1.8163333333333334,675.3713333333334,54.47,19.18
2023,IAH2,May,51814.99806451613,423.208064516129,24.806774193548385,9.960967741935484,1138.9387096774194,49.92,0
2023,IAH2,Jun,54060.756,392.3756666666667,28.524333333333335,15.215,1566.0706666666667,71.6,0
2023,IAH2,Jul,52999.99741935484,389.2696774193548,28.09193548387097,15.887096774193548,1795.9229032258065,104.75999999999999,0
2023,IAH2,Aug,49138.04451612903,368.6583870967742,28.721290322580646,16.357096774193547,1898.639677419355,70.86999999999999,0
2023,IAH2,Sep,44069.475333333336,341.8686666666667,26.75,11.885666666666667,1422.0076666666666,68.7,0
2023,IAH2,Oct,38851.379677419354,237.06645161290322,16.90967741935484,5.228709677419355,964.4516129032259,54.089999999999996,0
2023,IAH2,Nov,34462.371333333336,230.462,11.355333333333334,-3.832,482.42266666666666,3.98,19.119999999999997
2023,IAH2,Dec,32329.137741935483,144.4916129032258,5.750645161290323,-4.083548387096774,464.54064516129034,50.42,5.96
2023,IAH3,Jan,33574.33,178.78516129032258,-0.710967741935484,-8.124516129032259,357.9393548387097,57.48,67.04
2023,IAH3,Feb,37277.22607142857,297.57,3.5160714285714287,-9.170357142857142,332.6607142857143,58.59,358.65
2023,IAH3,Mar,42162.07548387097,349.0977419354839,7.132258064516129,-4.193548387096774,462.7058064516129,42.86,581.43
2023,IAH3,Apr,47369.83433333333,399.3643333333333,16.923000000000002,1.7133333333333334,681.144,39.800000000000004,0
2023,IAH3,May,51779.193225806455,419.59419354838707,24.74451612903226,9.360322580645162,1127.9148387096775,69.23,0
2023,IAH3,Jun,54014.759666666665,372.21133333333336,28.42,14.203,1544.5873333333334,81.5,0
2023,IAH3,Jul,52958.88483870968,399.19,28.806774193548385,15.549677419354838,1736.2451612903226,56.4,0
2023,IAH3,Aug,49113.77225806451,377.7058064516129,28.928064516129034,15.904193548387097,1819.4825806451613,50.16,0
2023,IAH3,Sep,44065.975333333336,339.751,26.806,11.967333333333332,1411.7753333333333,44.03,0
2023,IAH3,Oct,38869.03129032258,236.18903225806451,17.306451612903224,5.429354838709678,971.3938709677419,101.86,0
2023,IAH3,Nov,34498.71566666666,224.77066666666667,10.245,-3.5203333333333333,495.3756666666667,11.329999999999998,36.6
2023,IAH3,Dec,32375.180322580643,139.45741935483872,5.593548387096774,-3.035806451612903,512.2422580645161,44.58,5.96
2023,IAH4,Jan,33554.0964516129,181.58193548387098,-0.5461290322580645,-8.94516129032258,340.9496774193548,71.45,49.559999999999995
2023,IAH4,Feb,37265.08857142857,301.2925,3.3310714285714287,-9.194285714285714,330.26142857142855,62.379999999999995,321.84
2023,IAH4,Mar,42159.97903225807,359.12193548387097,7.080322580645161,-4.2383870967741935,458.47483870967744,49.55,741.18
2023,IAH4,Apr,47378.316333333336,390.13166666666666,16.952333333333332,2.4303333333333335,732.867,80.05,13.59
2023,IAH4,May,51797.07677419355,406.4467741935484,24.666774193548388,10.27483870967742,1282.0512903225806,97.84,0
2023,IAH4,Jun,54037.73333333334,378.00733333333335,28.407666666666668,15.307666666666666,1751.517,97.15,0
2023,IAH4,Jul,52979.42,396.19354838709677,28.322903225806453,16.151290322580646,1861.756129032258,109.94,0
2023,IAH4,Aug,49125.89580645161,371.70032258064515,28.893548387096775,16.701290322580647,1940.248064516129,116.88,0
2023,IAH4,Sep,44067.723333333335,345.90866666666665,27.161333333333335,12.452333333333334,1468.2963333333335,46.87,0
2023,IAH4,Oct,38860.213548387095,241.63516129032257,17.703225806451613,5.885806451612903,998.6948387096774,77.16,0
2023,IAH4,Nov,34480.56166666667,230.14,11.555333333333333,-2.6633333333333336,527.527,4.34,20.09
2023,IAH4,Dec,32352.182903225807,143.52193548387098,6.159354838709677,-3.167741935483871,502.05709677419355,43.35,1.6199999999999999
2023,ILH1,Jan,34219.54774193549,184.59290322580645,4.718709677419355,-2.1790322580645163,546.4441935483871,55.82,0
2023,ILH1,Feb,37665.311785714286,293.0317857142857,8.6025,-3.9410714285714286,480.8203571428571,55.07,0
2023,ILH1,Mar,42229.224516129034,324.7493548387097,10.28,-0.6454838709677418,598.8829032258064,100.76,0
2023,ILH1,Apr,47098.405,418.83733333333333,19.004,4.093333333333334,840.6313333333334,38.78,0
2023,ILH1,May,51208.35064516129,432.96451612903223,25.509354838709676,11.045806451612902,1321.7993548387096,54.06,0
2023,ILH1,Jun,53282.983,402.4873333333333,28.712,14.606333333333334,1485.669,49.67,0
2023,ILH1,Jul,52304.082903225804,397.3667741935484,29.473870967741934,17.624193548387098,1892.048064516129,66.65,0
2023,ILH1,Aug,48726.13032258065,372.5858064516129,28.34967741935484,16.894516129032258,1933.2448387096774,101.61,0
2023,ILH1,Sep,44009.96666666667,354.1003333333333,26.619333333333334,13.192666666666666,1546.666,76.72,0
2023,ILH1,Oct,39151.144838709675,251.15870967741935,19.06451612903226,7.288064516129032,1070.7593548387097,113.99,0
2023,ILH1,Nov,35078.107,228.96333333333334,12.341333333333333,-0.6286666666666666,605.9933333333333,39.47,0
2023,ILH1,Dec,33107.69741935484,149.85129032258064,7.531612903225806,0.03419354838709681,634.5054838709677,70.23,0
2023,INH1,Jan,34086.18709677419,171.6341935483871,4.137096774193548,-1.9703225806451614,555.5409677419354,61.769999999999996,5.369999999999999
2023,INH1,Feb,37584.9375,290.5439285714286,8.361071428571428,-4.073571428571428,476.57678571428573,102.73,6.869999999999999
2023,INH1,Mar,42215.30225806452,306.4022580645161,9.427096774193549,-1.2225806451612904,573.9716129032258,146.75,0
2023,INH1,Apr,47154.65,400.303,17.866666666666667,3.8706666666666667,835.1516666666666,48.42,0
2023,INH1,May,51326.415483870966,425.8567741935484,24.294838709677418,10.16258064516129,1276.893870967742,47.209999999999994,0
2023,INH1,Jun,53434.104999999996,407.601,27.967333333333332,13.88,1481.1773333333333,43.269999999999996,0
2023,INH1,Jul,52439.41129032258,374.3545161290323,29.290967741935482,17.153548387096773,1925.0087096774193,156.18,0
2023,INH1,Aug,48806.40935483871,358.9458064516129,27.61,16.40032258064516,1903.776129032258,109.77,0
2023,INH1,Sep,44021.579666666665,357.031,26.359666666666666,12.609333333333334,1498.3306666666667,16.19,0
2023,INH1,Oct,39092.68935483871,242.10064516129032,18.620645161290323,7.274838709677419,1071.4103225806452,88.97,0
2023,INH1,Nov,34958.281,223.633,11.911333333333333,-0.6936666666666667,604.3986666666667,21.01,0
2023,INH1,Dec,32956.423548387094,140.42129032258063,7.344838709677419,0.021612903225806456,635.5477419354838,59.35,0
2023,MIH1,Jan,33307.96709677419,151.28096774193548,2.330967741935484,-2.7361290322580647,518.7022580645162,53.44,24.61
2023,MIH1,Feb,37117.60178571429,269.53964285714284,4.571428571428571,-5.226428571428571,433.17571428571426,88.26,39.21
2023,MIH1,Mar,42134.51096774194,310.7548387096774,6.573225806451613,-3.079032258064516,496.981935483871,128.82,16.13
2023,MIH1,Apr,47481.362,367.198,15.641333333333334,3.1576666666666666,805.0333333333333,101.37,3.43
2023,MIH1,May,52014.56612903226,446.30709677419355,21.919677419354837,6.604193548387097,998.77,29.11,0
2023,MIH1,Jun,54317.33433333333,388.62466666666666,26.635333333333335,12.381333333333334,1442.147,32.44,0
2023,MIH1,Jul,53229.24935483871,360.8190322580645,27.84516129032258,16.051935483870967,1760.9429032258065,180.01999999999998,0
2023,MIH1,Aug,49273.224516129034,359.2345161290323,25.666451612903227,14.225806451612904,1645.203870967742,141.18,0
2023,MIH1,Sep,44088.96366666667,315.159,23.082333333333334,11.988,1438.72,49.49,0
2023,MIH1,Oct,38753.1,210.07838709677418,15.508387096774193,6.784516129032258,1033.8151612903225,130.52,0
2023,MIH1,Nov,34259.789333333334,212.16633333333334,9.02,-1.6546666666666667,559.8833333333333,48.31,13.58
2023,MIH1,Dec,32072.295483870967,119.45516129032258,6.327419354838709,0.3925806451612903,643.6916129032259,63.43,0
2023,MNH1,Jan,32796.1564516129,169.89129032258063,-3.9558064516129035,-11.902258064516129,274.02193548387095,63.08,96.82000000000001
2023,MNH1,Feb,36811.90535714286,284.0339285714286,-1.8746428571428573,-13.790357142857143,232.6017857142857,68.59,381.39
2023,MNH1,Mar,42081.813870967744,323.3567741935484,1.729032258064516,-7.292258064516129,369.2777419354839,93.07,1533.51
2023,MNH1,Apr,47694.75433333333,380.0606666666667,12.535666666666668,1.5286666666666666,703.3046666666667,45.5,647.7
2023,MNH1,May,52466.32677419355,401.9458064516129,23.23741935483871,10.082258064516129,1272.3548387096773,169.17,0
2023,MNH1,Jun,54899.560666666664,384.48633333333333,28.335,15.745666666666667,1819.36,47.46,0
2023,MNH1,Jul,53748.82548387097,396.35064516129034,27.513870967741937,14.752903225806453,1699.8164516129032,37.04,0
2023,MNH1,Aug,49578.60870967742,351.04,27.683225806451613,16.142903225806453,1846.0287096774193,82.01,0
2023,MNH1,Sep,44132.914666666664,311.29,25.423333333333332,13.252,1538.112,54.89,0
2023,MNH1,Oct,38531.26258064516,224.95322580645163,14.948064516129032,4.870967741935484,947.3835483870968,105.42,3.34
2023,MNH1,Nov,33801.15666666667,208.248,8.554666666666666,-3.6346666666666665,496.83233333333334,2.61,13.82
2023,MNH1,Dec,31489.463548387095,126.38548387096775,4.029677419354838,-3.9780645161290322,472.1635483870968,44.49,9.27
2023,MOH1,Jan,34609.142258064516,204.72451612903225,7.252903225806452,-2.0406451612903225,548.101935483871,29.38,0
2023,MOH1,Feb,37900.56964285714,297.1635714285714,11.199642857142857,-1.8964285714285714,562.2217857142857,74.81,0
2023,MOH1,Mar,42270.017096774194,305.23870967741937,11.885483870967741,0.9948387096774193,677.8667741935484,75.01,0
2023,MOH1,Apr,46933.681333333334,425.4286666666667,20.660666666666668,6.224666666666667,946.1026666666667,12.76,0
2023,MOH1,May,50863.217419354834,421.43774193548387,25.967096774193546,12.933548387096774,1392.9051612903227,55.019999999999996,0
2023,MOH1,Jun,52841.86866666667,429.48133333333334,30.662,17.052666666666667,1648.862,74.18,0
2023,MOH1,Jul,51908.77225806451,367.93064516129033,32.07064516129032,19.94225806451613,2250.8064516129034,118.35,0
2023,MOH1,Aug,48491.15612903226,337.1783870967742,29.683548387096774,19.799032258064518,2352.1387096774192,197.67000000000002,0
2023,MOH1,Sep,43975.941,375.01366666666667,28.348666666666666,14.801666666666666,1704.2676666666666,13.69,0
2023,MOH1,Oct,39322.33225806452,256.94,20.538064516129033,8.738387096774193,1201.205806451613,73.24,0
2023,MOH1,Nov,35428.363,238.197,14.065666666666667,0.9216666666666666,687.0593333333334,36.22,0
2023,MOH1,Dec,33549.25322580645,156.44290322580645,9.606451612903225,1.1822580645161291,690.1590322580645,57.93,0
2023,MOH2,Jan,34590.93322580645,199.46483870967742,7.606774193548387,-1.6709677419354838,561.1261290322581,38.03,0
2023,MOH2,Feb,37889.56,297.71785714285716,11.642857142857142,-1.6075,572.79,68.65,2.18
2023,MOH2,Mar,42268.10677419355,305.77193548387095,12.422903225806452,1.4496774193548387,698.1616129032258,66.28,0
2023,MOH2,Apr,46941.39366666666,421.917,21.203666666666667,6.666,964.2883333333333,15.700000000000001,0
2023,MOH2,May,50879.35580645161,416.48548387096776,26.530645161290323,13.27,1404.2270967741936,56.28,0
2023,MOH2,Jun,52862.473,424.1276666666667,30.949333333333332,17.398333333333333,1612.8783333333333,59.580000000000005,0
2023,MOH2,Jul,51927.24612903226,377.1693548387097,32.156129032258065,20.193870967741937,2162.2345161290323,80.75,0
2023,MOH2,Aug,48502.152903225804,339.3806451612903,30.13806451612903,20.206129032258065,2408.353870967742,122.5,0
2023,MOH2,Sep,43977.53566666666,376.84366666666665,28.866333333333333,15.063666666666666,1731.9826666666668,8.11,0
2023,MOH2,Oct,39314.31838709678,252.64709677419356,21.17,9.234516129032258,1238.4525806451613,70.34,0
2023,MOH2,Nov,35411.986,237.38566666666665,14.612,1.0756666666666668,691.1586666666667,39.5,0
2023,MOH2,Dec,33528.62806451613,158.07612903225808,10.100967741935484,1.491290322580645,705.5245161290322,53.67,0
2023,NCH1,Jan,35579.40903225807,228.41032258064516,14.660322580645161,2.668064516129032,773.4506451612904,92.44,0
2023,NCH1,Feb,38489.25428571428,288.2110714285714,17.434642857142858,4.910714285714286,915.5357142857143,70.37,0
2023,NCH1,Mar,42372.355161290325,360.98387096774195,18.486451612903227,5.403548387096774,943.1312903225806,88.23,0
2023,NCH1,Apr,46520.94066666667,385.63266666666664,23.696,9.692,1237.1306666666667,188.25,0
2023,NCH1,May,50002.342903225806,387.5329032258064,24.571290322580644,12.902258064516129,1513.3364516129031,84.25999999999999,0
2023,NCH1,Jun,51745.484,415.208,28.877,16.675666666666668,1922.377,90.57,0
2023,NCH1,Jul,50924.47548387097,365.0158064516129,32.464838709677416,21.79741935483871,2617.606129032258,114.97,0
2023,NCH1,Aug,47903.22774193549,374.62612903225806,31.865806451612904,20.7,2451.202580645161,137.11,0
2023,NCH1,Sep,43890.57366666666,341.5566666666667,27.773666666666667,16.469,1900.4496666666666,107.63,0
2023,NCH1,Oct,39751.21193548387,334.98645161290324,23.070645161290322,10.111290322580645,1266.943870967742,35.379999999999995,0
2023,NCH1,Nov,36301.884,256.909,17.368,3.1823333333333332,798.001,53.089999999999996,0
2023,NCH1,Dec,34646.71290322581,213.75193548387097,14.781935483870967,1.4493548387096773,721.6587096774193,154.79,0
2023,NEH1,Jan,33950.99161290323,203.64870967741936,2.299032258064516,-6.7464516129032255,387.43129032258065,28.96,26.07
2023,NEH1,Feb,37503.54178571428,314.5985714285714,6.670714285714285,-8.389285714285714,347.62964285714287,42.61,123.41
2023,NEH1,Mar,42201.212258064515,336.2893548387097,9.602903225806452,-3.769032258064516,455.97806451612905,21.98,41.56
2023,NEH1,Apr,47211.594,420.44233333333335,20.026,2.761,577.0753333333333,27.41,0
2023,NEH1,May,51446.06580645161,439.4751612903226,26.840645161290322,11.14741935483871,786.6335483870968,17.48,0
2023,NEH1,Jun,53587.375,429.4016666666667,31.150666666666666,15.861333333333333,976.0576666666667,77.5,0
2023,NEH1,Jul,52576.60806451613,329.35483870967744,29.66709677419355,17.981935483870966,2052.374516129032,160.18,0
2023,NEH1,Aug,48887.71032258064,387.1809677419355,30.719677419354838,17.900967741935485,2094.3851612903227,126.1,0
2023,NEH1,Sep,44033.33266666667,350.7703333333333,29.260666666666665,13.385333333333334,1568.818,18.33,0
2023,NEH1,Oct,39033.50580645161,255.49935483870968,19.483548387096775,6.02483870967742,1017.9832258064516,38.51,0
2023,NEH1,Nov,34836.843,227.48166666666665,13.654,-2.0636666666666668,546.251,13.42,0
2023,NEH1,Dec,32802.99967741936,164.4741935483871,7.414193548387097,-3.8374193548387097,468.28225806451616,49.41,14.41
2023,NEH3,Jan,33892.47516129032,237.07967741935482,-0.48580645161290326,-10.008064516129032,305.28709677419357,47.97,121.61
2023,NEH3,Feb,37468.33714285714,339.9139285714286,2.925357142857143,-10.498928571428571,291.4042857142857,1.85,82.93
2023,NEH3,Mar,42195.12129032258,369.2345161290323,7.2138709677419355,-6.281612903225806,351.54387096774195,24.490000000000002,16.96
2023,NEH3,Apr,47236.217,465.15166666666664,18.432333333333332,-1.0043333333333333,257.2216666666667,2.4000000000000004,1.6
2023,NEH3,May,51497.83967741935,364.79225806451615,23.029032258064515,8.571290322580644,999.1003225806452,193.7,0
2023,NEH3,Jun,53653.736,411.4273333333333,27.290333333333333,13.345333333333333,1528.8716666666667,85.23,0
2023,NEH3,Jul,52635.993870967744,388.02354838709675,29.859032258064516,15.519677419354839,1778.6241935483872,98.31,0
2023,NEH3,Aug,48922.87387096774,395.81612903225806,31.06032258064516,15.209999999999999,1760.1241935483872,86.36,0
2023,NEH3,Sep,44038.41333333333,361.04266666666666,28.274,10.248333333333333,1266.944,56.3,0
2023,NEH3,Oct,39007.91322580645,275.708064516129,17.421612903225807,1.904516129032258,763.9435483870968,19.79,10.04
2023,NEH3,Nov,34784.293666666665,242.046,13.447666666666667,-3.996,478.99966666666666,12.11,59.5
2023,NEH3,Dec,32736.572258064516,196.02548387096775,7.833225806451613,-5.81,390.48225806451615,28.650000000000002,147.21
2023,NYH2,Jan,33307.96709677419,155.07354838709676,3.2016129032258065,-2.4612903225806453,522.554193548387,85.98,5
2023,NYH2,Feb,37117.60178571429,278.79357142857145,5.013214285714286,-6.192142857142858,413.6146428571429,34.62,23.52
2023,NYH2,Mar,42134.51096774194,310.7796774193548,5.7787096774193545,-3.4541935483870967,478.88612903225805,84.92,63.07
2023,NYH2,Apr,47481.362,367.0683333333333,16.575,3.143666666666667,798.9723333333334,117.36,0
2023,NYH2,May,52014.56612903226,441.98967741935485,19.598709677419354,5.355483870967742,911.5806451612904,29.62,0
2023,NYH2,Jun,54317.33433333333,332.2126666666667,23.435666666666666,12.845,1506.7273333333333,158.9,0
2023,NYH2,Jul,53229.24935483871,356.3906451612903,27.224516129032256,16.986451612903224,1949.0164516129032,120.57,0
2023,NYH2,Aug,49273.224516129034,337.6925806451613,24.116129032258065,14.370967741935484,1653.7432258064516,105.55,0
2023,NYH2,Sep,44088.96366666667,329.0203333333333,22.254666666666665,11.382666666666667,1396.9046666666666,58.660000000000004,0
2023,NYH2,Oct,38753.1,212.21,16.36806451612903,7.995483870967742,1102.6883870967742,79.72,0
2023,NYH2,Nov,34259.789333333334,194.167,7.735,-0.892,583.0883333333334,44.76,0
2023,NYH2,Dec,32072.295483870967,124.19580645161291,5.916774193548387,0.01129032258064517,634.0093548387097,123.59,4.22
2023,NYH3,Jan,33307.96709677419,155.07354838709676,3.2016129032258065,-2.4612903225806453,522.554193548387,85.98,5
2023,NYH3,Feb,37117.60178571429,278.79357142857145,5.013214285714286,-6.192142857142858,413.6146428571429,34.62,23.52
2023,NYH3,Mar,42134.51096774194,310.7796774193548,5.7787096774193545,-3.4541935483870967,478.88612903225805,84.92,63.07
2023,NYH3,Apr,47481.362,367.0683333333333,16.575,3.143666666666667,798.9723333333334,117.36,0
2023,NYH3,May,52014.56612903226,441.98967741935485,19.598709677419354,5.355483870967742,911.5806451612904,29.62,0
2023,NYH3,Jun,54317.33433333333,332.2126666666667,23.435666666666666,12.845,1506.7273333333333,158.9,0
2023,NYH3,Jul,53229.24935483871,356.3906451612903,27.224516129032256,16.986451612903224,1949.0164516129032,120.57,0
2023,NYH3,Aug,49273.224516129034,337.6925806451613,24.116129032258065,14.370967741935484,1653.7432258064516,105.55,0
2023,NYH3,Sep,44088.96366666667,329.0203333333333,22.254666666666665,11.382666666666667,1396.9046666666666,58.660000000000004,0
2023,NYH3,Oct,38753.1,212.21,16.36806451612903,7.995483870967742,1102.6883870967742,79.72,0
2023,NYH3,Nov,34259.789333333334,194.167,7.735,-0.892,583.0883333333334,44.76,0
2023,NYH3,Dec,32072.295483870967,124.19580645161291,5.916774193548387,0.01129032258064517,634.0093548387097,123.59,4.22
2023,OHH1,Jan,34294.94935483871,178.32806451612902,5.901290322580645,-1.4032258064516128,577.9948387096774,100.27,14.17
2023,OHH1,Feb,37710.790357142854,292.3417857142857,10.355,-2.6574999999999998,526.1578571428571,52.36,0
2023,OHH1,Mar,42237.10451612903,312.35,10.79258064516129,-1.0554838709677419,581.8232258064517,154.35,0
2023,OHH1,Apr,47066.57133333333,384.598,17.654,4.543,873.6813333333333,88.69,0
2023,OHH1,May,51141.57870967742,418.1496774193548,22.398709677419355,9.351612903225806,1211.8645161290322,65.59,0
2023,OHH1,Jun,53197.566666666666,373.46233333333333,25.698,13.851666666666667,1605.3233333333333,90.88,0
2023,OHH1,Jul,52227.56935483871,383.74225806451614,28.24258064516129,17.71258064516129,2039.4035483870966,143.43,0
2023,OHH1,Aug,48680.70419354839,376.0758064516129,26.903870967741934,15.869354838709677,1824.2193548387097,116.69,0
2023,OHH1,Sep,44003.393000000004,361.38933333333335,25.206,12.792666666666667,1507.836,15.48,0
2023,OHH1,Oct,39184.22903225807,257.6583870967742,18.780967741935484,7.370322580645161,1071.8251612903225,67.14,0
2023,OHH1,Nov,35145.871666666666,223.551,12.179333333333334,-0.4630000000000001,610.5843333333333,46.2,0
2023,OHH1,Dec,33193.19935483871,149.41193548387096,8.541612903225806,0.23322580645161295,639.7345161290323,55.47,0
2023,SCH1,Jan,35872.61096774194,236.82870967741937,14.112580645161291,2.509677419354839,760.6574193548387,220.55,0
2023,SCH1,Feb,38667.874285714286,290.58964285714285,18.068571428571428,5.640357142857143,968.8635714285714,93.35,0
2023,SCH1,Mar,42403.47548387097,375.02774193548385,19.225483870967743,5.376774193548387,944.9225806451612,108.89,0
2023,SCH1,Apr,46395.55933333333,375.3163333333333,22.328,8.83,1169.5383333333334,228.46,0
2023,SCH1,May,49741.850967741935,389.3151612903226,24.809032258064516,13.796451612903226,1617.6209677419354,78.55,0
2023,SCH1,Jun,51414.734,415.643,28.093333333333334,16.729666666666667,1915.6673333333333,178.60999999999999,0
2023,SCH1,Jul,50627.08774193548,406.83677419354837,32.58870967741935,20.630967741935482,2434.57,49.77,0
2023,SCH1,Aug,47724.85032258064,364.57935483870966,31.648387096774194,20.525483870967744,2423.793548387097,147.85,0
2023,SCH1,Sep,43864.61233333333,372.5903333333333,28.672,16.565333333333335,1900.8646666666666,63.29,0
2023,SCH1,Oct,39881.47709677419,338.36225806451614,23.813225806451612,9.852903225806452,1250.147741935484,37.26,0
2023,SCH1,Nov,36566.169,253.59933333333333,17.800666666666668,4.4526666666666666,883.644,23.29,0
2023,SCH1,Dec,34977.78064516129,233.09032258064516,14.419354838709678,1.4506451612903226,715.945806451613,127.43,0
2023,TXH1,Jan,36955.68096774194,260.77612903225804,18.719032258064516,7.101612903225806,1062.159677419355,59.53,0
2023,TXH1,Feb,39330.294642857145,340.3825,20.464285714285715,7.888571428571429,1146.0117857142857,63.77,0
2023,TXH1,Mar,42519.14709677419,377.1025806451613,24.23774193548387,12.359677419354838,1481.473870967742,30.740000000000002,0
2023,TXH1,Apr,45930.045,398.13033333333334,25.015333333333334,13.882666666666667,1603.4023333333332,233.99,0
2023,TXH1,May,48778.375483870965,380.1109677419355,29.861290322580643,19.500967741935483,2276.7990322580645,105.73,0
2023,TXH1,Jun,50194.97,394.6913333333333,35.03933333333333,23.822333333333333,2986.2283333333335,44.769999999999996,0
2023,TXH1,Jul,49528.746451612904,408.68387096774194,37.659677419354836,25.510967741935485,3203.628064516129,22.03,0
2023,TXH1,Aug,47063.36935483871,435.85,40.222903225806455,25.658709677419356,2224.970322580645,0,0
2023,TXH1,Sep,43768.112,394.73066666666665,36.394666666666666,23.476,1233.7163333333333,31.299999999999997,0
2023,TXH1,Oct,40365.07419354839,320.0006451612903,28.29806451612903,16.234516129032258,1652.3548387096773,95.6,0
2023,TXH1,Nov,37543.54666666667,276.585,20.913,10.107,1297.641,27.61,0
2023,TXH1,Dec,36198.70580645162,274.82935483870966,19.77225806451613,6.57258064516129,1026.953870967742,52.67,0
2023,TXH2,Jan,36955.68096774194,260.77612903225804,18.719032258064516,7.101612903225806,1062.159677419355,59.53,0
2023,TXH2,Feb,39330.294642857145,340.3825,20.464285714285715,7.888571428571429,1146.0117857142857,63.77,0
2023,TXH2,Mar,42519.14709677419,377.1025806451613,24.23774193548387,12.359677419354838,1481.473870967742,30.740000000000002,0
2023,TXH2,Apr,45930.045,398.13033333333334,25.015333333333334,13.882666666666667,1603.4023333333332,233.99,0
2023,TXH2,May,48778.375483870965,380.1109677419355,29.861290322580643,19.500967741935483,2276.7990322580645,105.73,0
2023,TXH2,Jun,50194.97,394.6913333333333,35.03933333333333,23.822333333333333,2986.2283333333335,44.769999999999996,0
2023,TXH2,Jul,49528.746451612904,408.68387096774194,37.659677419354836,25.510967741935485,3203.628064516129,22.03,0
2023,TXH2,Aug,47063.36935483871,435.85,40.222903225806455,25.658709677419356,2224.970322580645,0,0
2023,TXH2,Sep,43768.112,394.73066666666665,36.394666666666666,23.476,1233.7163333333333,31.299999999999997,0
2023,TXH2,Oct,40365.07419354839,320.0006451612903,28.29806451612903,16.234516129032258,1652.3548387096773,95.6,0
2023,TXH2,Nov,37543.54666666667,276.585,20.913,10.107,1297.641,27.61,0
2023,TXH2,Dec,36198.70580645162,274.82935483870966,19.77225806451613,6.57258064516129,1026.953870967742,52.67,0
2023,TXH3,Jan,36955.68096774194,260.77612903225804,18.719032258064516,7.101612903225806,1062.159677419355,59.53,0
2023,TXH3,Feb,39330.294642857145,340.3825,20.464285714285715,7.888571428571429,1146.0117857142857,63.77,0
2023,TXH3,Mar,42519.14709677419,377.1025806451613,24.23774193548387,12.359677419354838,1481.473870967742,30.740000000000002,0
2023,TXH3,Apr,45930.045,398.13033333333334,25.015333333333334,13.882666666666667,1603.4023333333332,233.99,0
2023,TXH3,May,48778.375483870965,380.1109677419355,29.861290322580643,19.500967741935483,2276.7990322580645,105.73,0
2023,TXH3,Jun,50194.97,394.6913333333333,35.03933333333333,23.822333333333333,2986.2283333333335,44.769999999999996,0
2023,TXH3,Jul,49528.746451612904,408.68387096774194,37.659677419354836,25.510967741935485,3203.628064516129,22.03,0
2023,TXH3,Aug,47063.36935483871,435.85,40.222903225806455,25.658709677419356,2224.970322580645,0,0
2023,TXH3,Sep,43768.112,394.73066666666665,36.394666666666666,23.476,1233.7163333333333,31.299999999999997,0
2023,TXH3,Oct,40365.07419354839,320.0006451612903,28.29806451612903,16.234516129032258,1652.3548387096773,95.6,0
2023,TXH3,Nov,37543.54666666667,276.585,20.913,10.107,1297.641,27.61,0
2023,TXH3,Dec,36198.70580645162,274.82935483870966,19.77225806451613,6.57258064516129,1026.953870967742,52.67,0
2023,WIH1,Jan,33182.52387096774,161.99483870967742,-0.6170967741935484,-6.4393548387096775,403.4309677419355,56.26,68.15
2023,WIH1,Feb,37042.55,282.8732142857143,1.8635714285714287,-9.125714285714286,331.9685714285714,92.59,473.55
2023,WIH1,Mar,42121.56193548387,351.4277419354839,5.299354838709678,-4.713225806451613,443.38354838709677,90.78,1055.65
2023,WIH1,Apr,47533.77566666667,387.50233333333335,14.611666666666666,1.9903333333333333,734.864,58.7,175.35
2023,WIH1,May,52125.35129032258,441.851935483871,22.831935483870968,7.829032258064516,1050.531935483871,23.61,0
2023,WIH1,Jun,54459.93233333333,407.4286666666667,27.584,12.631,1252.876,20.13,0
2023,WIH1,Jul,53356.58483870968,370.11870967741936,28.35322580645161,15.491290322580646,1602.7103225806452,190.1,0
2023,WIH1,Aug,49348.195806451615,369.73645161290324,27.526129032258066,15.272903225806452,1770.7958064516129,70.7,0
2023,WIH1,Sep,44099.764,290.94966666666664,24.323999999999998,12.795333333333334,1511.8916666666667,89.45,0
2023,WIH1,Oct,38698.61483870968,237.49806451612903,15.724516129032258,5.582903225806452,969.6770967741935,86.52,0
2023,WIH1,Nov,34147.323333333334,210.02266666666668,8.603,-3.005333333333333,508.82433333333336,20.91,13.78
2023,WIH1,Dec,31929.549677419353,123.54290322580646,4.288064516129032,-2.4096774193548387,533.1529032258064,48.63,3.12
2023,WIH2,Jan,33097.98483870968,155.07548387096773,-0.7851612903225806,-6.5364516129032255,400.9677419354839,45.81,42.349999999999994
2023,WIH2,Feb,36992.017857142855,276.7114285714286,1.7289285714285714,-9.555714285714286,323.6867857142857,87.51,362.67
2023,WIH2,Mar,42112.847096774196,348.3454838709677,5.115483870967742,-5.07483870967742,432.13935483870966,108.32,757.44
2023,WIH2,Apr,47569.05766666667,373.269,14.470333333333333,1.9443333333333335,735.587,73.89,106.67
2023,WIH2,May,52199.99129032258,433.8938709677419,22.608064516129033,7.601612903225806,1060.4935483870968,31.36,0
2023,WIH2,Jun,54556.068333333336,399.856,27.44033333333333,12.716666666666667,1385.4373333333333,23.72,0
2023,WIH2,Jul,53442.4035483871,388.8016129032258,28.21677419354839,15.210322580645162,1568.7948387096774,122.21000000000001,0
2023,WIH2,Aug,49398.67677419355,369.8822580645161,27.25548387096774,14.848709677419354,1681.0212903225806,104.43,0
2023,WIH2,Sep,44107.033,296.87,24.381,12.659666666666666,1505.251,56.4,0
2023,WIH2,Oct,38661.937741935486,238.56774193548387,15.66709677419355,5.513548387096774,967.8670967741936,77.49,0
2023,WIH2,Nov,34071.55233333333,207.84366666666668,8.482333333333333,-3.194,502.77166666666665,20.55,20.55
2023,WIH2,Dec,31833.312903225808,120.67645161290322,4.343548387096774,-2.514516129032258,528.6848387096774,45.53,8.53
2023,WIH3,Jan,32796.1564516129,151.2632258064516,-1.812258064516129,-7.256451612903226,382.1893548387097,41.25,3.73
2023,WIH3,Feb,36811.90535714286,263.8203571428571,0.9978571428571429,-10.287857142857144,309.0628571428571,54.87,217.41
2023,WIH3,Mar,42081.813870967744,350.93870967741935,3.905806451612903,-6.016451612903226,403.76451612903224,103.73,1295.37
2023,WIH3,Apr,47694.75433333333,376.03499999999997,13.061333333333334,1.1616666666666666,698.9453333333333,82.7,498.38
2023,WIH3,May,52466.32677419355,430.05,21.578387096774193,6.8261290322580646,1012.4896774193548,47.33,0
2023,WIH3,Jun,54899.560666666664,376.48133333333334,27.198333333333334,12.886666666666667,1499.635,64.13,0
2023,WIH3,Jul,53748.82548387097,390.1325806451613,27.786129032258064,14.008387096774193,1523.3158064516128,88.94,0
2023,WIH3,Aug,49578.60870967742,361.71612903225804,26.909032258064517,14.181935483870967,1624.1116129032257,62.300000000000004,0
2023,WIH3,Sep,44132.914666666664,286.7803333333333,23.600666666666665,12.108333333333334,1452.6543333333334,86.05,0
2023,WIH3,Oct,38531.26258064516,235.65645161290323,14.841290322580646,4.848709677419355,915.0732258064517,112.76,0
2023,WIH3,Nov,33801.15666666667,204.818,7.6129999999999995,-4.037333333333334,476.66066666666666,8.67,25.220000000000002
2023,WIH3,Dec,31489.463548387095,125.47354838709677,3.971290322580645,-3.2958064516129033,501.2609677419355,35.63,41.74
2024,DEH1,Jan,34681.64387096774,206.93612903225807,8.963225806451613,-0.24935483870967737,632.7267741935484,160.11,4.33
2024,DEH1,Feb,38014.87655172414,286.94965517241377,10.148275862068965,0.11068965517241384,637.2493103448276,49.84,0
2024,DEH1,Mar,42431.080322580645,328.95032258064515,14.98516129032258,4.441935483870967,858.5083870967742,213.9,0
2024,DEH1,Apr,47047.988333333335,402.906,19.474666666666668,8.544333333333334,1148.932,35.85,0
2024,DEH1,May,50901.16612903226,358.4274193548387,23.63967741935484,13.825806451612904,1610.0748387096774,81.13,0
2024,DEH1,Jun,52777.03866666667,416.891,29.893333333333334,18.381666666666668,2091.907,53.61,0
2024,DEH1,Jul,51758.080322580645,345.1825806451613,30.698064516129033,21.427741935483873,2489.8332258064515,205.64,0
2024,DEH1,Aug,48311.86258064516,375.7122580645161,29.410645161290322,19.18258064516129,2269.5364516129034,84.85,0
2024,DEH1,Sep,43815.937333333335,297.43533333333335,25.690666666666665,17.008666666666667,1969.4756666666667,28.78,0
2024,DEH1,Oct,39210.088387096774,339.0248387096774,22.52806451612903,9.08741935483871,1198.5351612903225,0,0
2024,DEH1,Nov,35393.38333333333,203.77666666666667,16.887,5.932666666666667,972.9246666666667,47.34,0
2024,DEH1,Dec,33615.613333333335,188.61533333333333,9.333666666666666,-0.3933333333333333,622.9083333333333,69.78,0
2024,GAH1,Jan,36720.92451612903,273.60709677419356,16.608387096774194,2.606451612903226,796.3119354838709,87.71,0
2024,GAH1,Feb,39240.02620689655,347.06310344827585,19.304137931034482,4.637931034482759,876.5,91.87,0
2024,GAH1,Mar,42611.430645161294,354.0516129032258,22.870967741935484,9.404838709677419,1210.8058064516129,194.71,0
2024,GAH1,Apr,46141.846666666665,437.2153333333333,26.304333333333332,11.519,1389.9056666666668,119.41000000000001,0
2024,GAH1,May,49064.396129032255,383.3116129032258,29.864838709677418,18.008709677419354,2072.6312903225808,210.52,0
2024,GAH1,Jun,50471.95533333333,412.6936666666667,33.614,21.210666666666665,2529.3836666666666,35.04,0
2024,GAH1,Jul,49708.89870967742,341.5083870967742,33.512903225806454,23.020967741935483,2815.781935483871,112.76,0
2024,GAH1,Aug,47104.085483870964,394.4793548387097,33.019354838709674,21.903225806451612,2634.6329032258063,109.55000000000001,0
2024,GAH1,Sep,43671.49333333333,315.181,29.180333333333333,20.166666666666668,2366.814,319.35,0
2024,GAH1,Oct,40150.03935483871,377.2548387096774,27.09774193548387,12.875806451612902,1547.3383870967741,0,0
2024,GAH1,Nov,37256.081,255.64,23.414,11.860666666666667,1490.091,94.72,0
2024,GAH1,Dec,35922.556333333334,256.388,17.218,4.133333333333333,869.5396666666667,51.86,0
2024,GAH2,Jan,36126.467741935485,250.85870967741937,13.129677419354838,0.6012903225806452,699.7341935483871,274.49,0
2024,GAH2,Feb,38881.324137931035,317.0741379310345,17.285172413793102,3.7062068965517243,826.7410344827587,182.25,0
2024,GAH2,Mar,42558.50064516129,368.63129032258064,20.72258064516129,7.642258064516129,1074.7096774193549,150.96,0
2024,GAH2,Apr,46407.44066666667,403.7126666666667,24.658,11.063333333333333,1362.8276666666666,155.16,0
2024,GAH2,May,49600.49709677419,404.6035483870968,28.348709677419354,16.353548387096772,1875.1961290322581,39.62,0
2024,GAH2,Jun,51142.65933333333,434.89933333333335,33.282666666666664,19.65,2274.3713333333335,25.79,0
2024,GAH2,Jul,50306.20193548387,348.42,33.630322580645164,21.97741935483871,2549.1793548387095,229.85,0
2024,GAH2,Aug,47457.70516129032,419.5270967741935,33.21064516129032,20.39032258064516,2415.595806451613,39.94,0
2024,GAH2,Sep,43713.88766666667,325.61266666666666,29.188,18.451333333333334,2132.497,135.68,0
2024,GAH2,Oct,39874.57322580645,362.59000000000003,25.993548387096773,11.153548387096775,1379.7403225806452,0,0
2024,GAH2,Nov,36712.48966666667,233.414,20.754666666666665,9.153666666666666,1227.113,123.92999999999999,0
2024,GAH2,Dec,35251.31933333333,226.38066666666666,14.250333333333334,2.299,761.9023333333333,183.85999999999999,0
2024,IAH2,Jan,33533.82129032258,187.42193548387095,-3.446774193548387,-11.119354838709677,317.89870967741933,35.97,593.3199999999999
2024,IAH2,Feb,37332.81413793103,309.5127586206897,9.498965517241379,-5.116896551724138,414.88068965517243,7,120.08
2024,IAH2,Mar,42331.267096774194,318.15161290322584,11.199677419354838,-3.5432258064516127,443.94774193548386,93.03,201.43
2024,IAH2,Apr,47551.077666666664,388.80766666666665,17.405333333333335,3.2536666666666667,744.1433333333333,87.45,59.22
2024,IAH2,May,51931.71580645161,380.8238709677419,23.011612903225807,9.737741935483871,1225.9129032258065,197.74,0
2024,IAH2,Jun,54080.526,385.78433333333334,28.487333333333332,16.028,1848.8890000000001,78.02,0
2024,IAH2,Jul,52911.66193548387,391.79967741935485,28.29290322580645,16.37,1879.2725806451613,105.23,0
2024,IAH2,Aug,48984.22774193549,370.26129032258063,27.392258064516128,15.574193548387097,1799.0919354838709,63.519999999999996,0
2024,IAH2,Sep,43895.86866666667,386.342,27.499666666666666,11.282666666666668,1367.288,0.26,0
2024,IAH2,Oct,38688.055806451615,278.6893548387097,21.932903225806452,5.111290322580645,911.2464516129032,32.8,0
2024,IAH2,Nov,34347.920333333335,163.04033333333334,9.063,-1.1760000000000002,595.9746666666666,101.63,0
2024,IAH2,Dec,32311.028666666665,167.87566666666666,2.639,-7.440666666666667,374.7103333333333,24.64,16.41
2024,IAH4,Jan,33574.33,191.56612903225806,-2.617741935483871,-10.098064516129032,342.0216129032258,44.81,245.5
2024,IAH4,Feb,37356.77931034483,306.2727586206897,10.275172413793102,-4.496206896551724,448.5289655172414,3.1599999999999997,0
2024,IAH4,Mar,42334.76516129032,299.9638709677419,12.019354838709678,-2.1016129032258064,523.4680645161291,86.37,0
2024,IAH4,Apr,47533.420333333335,366.00466666666665,17.719,3.922,805.3566666666667,140.23,0
2024,IAH4,May,51895.39451612903,370.648064516129,23.599032258064515,10.130645161290323,1257.6609677419356,224.98,0
2024,IAH4,Jun,54034.437333333335,374.45733333333334,28.739,16.408666666666665,1898.3906666666667,126.60000000000001,0
2024,IAH4,Jul,52870.95,364.67387096774195,28.15516129032258,16.94483870967742,1948.5329032258064,131.04,0
2024,IAH4,Aug,48960.60258064516,374.448064516129,27.871612903225806,16.12451612903226,1867.7874193548387,67.35,0
2024,IAH4,Sep,43893.068,371.186,27.427,11.958,1424.371,28.37,0
2024,IAH4,Oct,38706.38161290323,283.68612903225807,22.378064516129033,5.678709677419355,953.0132258064516,43.71,0
2024,IAH4,Nov,34384.772666666664,165.615,9.522,-0.040666666666666663,646.368,91.61,0
2024,IAH4,Dec,32357.156,162.157,2.753,-6.429,406.08633333333336,43.48,52.2
2024,ILH1,Jan,34219.54774193549,188.3258064516129,0.1261290322580644,-6.382258064516129,437.51193548387096,132.6,141.37
2024,ILH1,Feb,37739.564827586204,318.8910344827586,9.847931034482759,-2.452758620689655,533.4037931034483,16.98,0
2024,ILH1,Mar,42390.73483870968,338.731935483871,14.818387096774194,1.7312903225806453,717.3583870967742,50.53,0
2024,ILH1,Apr,47251.19033333333,363.3193333333333,18.098666666666666,6.347333333333333,1005.7393333333333,173.16,0
2024,ILH1,May,51316.36967741935,401.58838709677417,25.736451612903227,13.31516129032258,1544.903870967742,142.79,0
2024,ILH1,Jun,53301.20766666667,391.6673333333333,29.378666666666668,17.332333333333334,2017.7576666666666,64.33,0
2024,ILH1,Jul,52222.47774193549,369.7074193548387,28.51516129032258,17.38483870967742,2008.716129032258,207.46,0
2024,ILH1,Aug,48583.26225806452,383.518064516129,28.33258064516129,16.80516129032258,1952.6812903225807,126.48,0
2024,ILH1,Sep,43848.246666666666,337.14,26.865666666666666,13.375666666666667,1561.068,69.14,0
2024,ILH1,Oct,38999.25258064516,315.16806451612905,22.77,6.226129032258064,992.7809677419355,21,0
2024,ILH1,Nov,34972.20766666667,163.63,12.073,3.1816666666666666,815.2909999999999,164.2,0
2024,ILH1,Dec,33091.005666666664,188.64333333333335,5.089333333333333,-3.6766666666666667,509.82666666666665,80.69,47.61
2024,INH1,Jan,34086.18709677419,171.0274193548387,-0.18548387096774197,-6.353225806451613,441.11451612903227,137.6,136.18
2024,INH1,Feb,37660.28655172414,301.80689655172415,9.409310344827587,-2.636896551724138,527.2865517241379,28.4,0
2024,INH1,Mar,42379.13032258065,324.1416129032258,13.992258064516129,1.3451612903225807,701.79419354838706,69.96,0
2024,INH1,Apr,47309.670666666665,353.04466666666667,17.706333333333333,6.056333333333333,987.189,147.54999999999998,0
2024,INH1,May,51436.118709677416,404.41548387096776,25.341612903225805,12.826451612903226,1499.316129032258,57.559999999999995,0
2024,INH1,Jun,53452.62733333333,377.7816666666667,28.646666666666665,16.798666666666666,1960.0973333333334,78.49,0
2024,INH1,Jul,52356.506129032256,377.29709677419356,27.991290322580646,16.79774193548387,1937.5609677419354,144.12,0
2024,INH1,Aug,48661.41225806452,382.5983870967742,28.245806451612903,16.178709677419356,1883.8083870967741,103.35,0
2024,INH1,Sep,43857.54033333333,341.7103333333333,27.281,12.768666666666666,1506.7463333333333,43.24,0
2024,INH1,Oct,38938.57129032258,306.88516129032257,22.504516129032258,5.895161290322581,978.3470967741936,10.13,0
2024,INH1,Nov,34850.72633333333,155.017,11.956333333333333,3.1736666666666666,815.5873333333333,78.73,0
2024,INH1,Dec,32939.458666666666,180.048,4.609333333333334,-4.064,501.68266666666665,96.93,88.59
2024,MIH1,Jan,33307.96709677419,147.89161290322582,-0.9474193548387096,-5.846451612903226,438.54483870967744,98.35,30.419999999999998
2024,MIH1,Feb,37199.340689655175,281.00448275862067,7.027931034482759,-3.799655172413793,475.67931034482757,33.76,0
2024,MIH1,Mar,42311.790322580644,301.86225806451614,9.771612903225806,-0.7158064516129031,604.6467741935484,63.949999999999996,45.03
2024,MIH1,Apr,47649.39566666666,367.378,16.071,4.168333333333333,849.1626666666666,98.91,0
2024,MIH1,May,52134.17129032258,390.70935483870966,23.28,10.196129032258064,1257.3841935483872,69.68,0
2024,MIH1,Jun,54337.621333333336,365.273,26.700666666666667,14.987666666666668,1744.2943333333333,133.10999999999999,0
2024,MIH1,Jul,53138.67161290323,387.97161290322583,27.363548387096774,15.692580645161291,1809.3432258064515,155.20000000000002,0
2024,MIH1,Aug,49115.80064516129,353.4125806451613,26.723225806451612,15.350967741935484,1780.8109677419354,134.98,0
2024,MIH1,Sep,43911.46333333333,342.85566666666665,25.301333333333332,11.672333333333333,1389.277,23.56,0
2024,MIH1,Oct,38586.019677419354,278.7277419354839,19.459032258064518,5.0209677419354835,909.6054838709678,33.33,0
2024,MIH1,Nov,34142.49866666667,127.85366666666667,10.132666666666667,2.851,783.528,70.05,0
2024,MIH1,Dec,32053.712,149.839,2.589,-4.233,477.507,64.46,13.7
2024,MNH1,Jan,32796.1564516129,166.09032258064516,-4.245161290322581,-10.620967741935484,325.5316129032258,11.639999999999999,144.9
2024,MNH1,Feb,36897.839655172414,269.1448275862069,5.706551724137931,-6.009310344827586,395.83620689655174,12.84,0
2024,MNH1,Mar,42267.867741935486,308.7574193548387,8.431290322580645,-4.657741935483871,379.37129032258065,61.2,290.63
2024,MNH1,Apr,47871.314333333336,353.35966666666667,14.237,2.975,733.0563333333333,135.6,176.32999999999998
2024,MNH1,May,52592.518387096774,369.4596774193548,22.033225806451615,9.468064516129033,1204.3093548387096,235.78,0
2024,MNH1,Jun,54921.035,337.2133333333333,25.287333333333333,14.939333333333334,1717.016,278.74,0
2024,MNH1,Jul,53653.117419354836,380.2303225806452,27.169354838709676,16.866774193548387,1938.5474193548387,130.72,0
2024,MNH1,Aug,49413.007741935486,354.0403225806452,25.874193548387098,15.592903225806452,1796.523870967742,102.4,0
2024,MNH1,Sep,43946.634666666665,355.0373333333333,26.022,12.340666666666667,1465.396,15.790000000000001,0
2024,MNH1,Oct,38355.68548387097,255.5258064516129,19.697741935483872,5.585483870967742,945.2741935483871,21.63,0
2024,MNH1,Nov,33677.386333333336,140.41566666666668,6.185333333333333,-1.3416666666666666,589.4116666666666,64.33,0
2024,MNH1,Dec,31469.790333333334,153.82566666666668,-0.4216666666666667,-9.058,343.901,33.86,75.78999999999999
2024,MOH1,Jan,34609.142258064516,207.40387096774194,1.0374193548387096,-7.209354838709677,408.89677419354837,78.39,231.18
2024,MOH1,Feb,37971.61827586207,320.4486206896552,14.009310344827586,-0.3499999999999999,619.0868965517242,9.35,4.28
2024,MOH1,Mar,42424.73677419355,332.72258064516126,16.649032258064516,3.1580645161290324,794.7848387096774,69.75,0
2024,MOH1,Apr,47079.92766666667,373.19599999999997,20.718666666666667,8.525666666666666,1129.4416666666666,127.78,0
2024,MOH1,May,50966.337096774194,389.8,25.629354838709677,14.447096774193549,1658.3096774193548,92.19,0
2024,MOH1,Jun,52859.23066666666,385.14033333333333,30.380333333333333,19.099333333333334,2234.4636666666665,94.44,0
2024,MOH1,Jul,51830.94225806452,363.34483870967745,29.488709677419354,19.410645161290322,2275.741612903226,323.32,0
2024,MOH1,Aug,48354.50580645161,378.98870967741937,29.518709677419356,18.848387096774193,2209.208387096774,90,0
2024,MOH1,Sep,43821.017,353.1136666666667,27.305666666666667,14.714,1707.7723333333333,80.26,0
2024,MOH1,Oct,39176.951290322584,317.138064516129,23.85225806451613,8.358709677419355,1139.2887096774193,35.73,0
2024,MOH1,Nov,35327.27766666667,183.40066666666667,13.547,3.5536666666666665,836.3056666666666,136,10.62
2024,MOH1,Dec,33533.352666666666,204.107,7.380333333333334,-2.075,557.612,72.66,264.75
2024,NCH1,Jan,35579.40903225807,234.17451612903227,12.578387096774193,-0.8825806451612904,624.3945161290322,110.06,0
2024,NCH1,Feb,38552.31206896552,311.2306896551724,15.317241379310344,1.579655172413793,710.4562068965517,29.31,0
2024,NCH1,Mar,42510.04096774194,360.18290322580646,19.988709677419354,5.760322580645162,949.9545161290323,106.98,0
2024,NCH1,Apr,46650.848666666665,403.9273333333333,23.737333333333332,9.979333333333333,1230.5516666666667,24.86,0
2024,NCH1,May,50093.38483870968,375.83903225806455,27.670645161290324,15.724193548387097,1781.2364516129032,140.06,0
2024,NCH1,Jun,51760.741,412.507,32.27766666666667,19.147,2234.424666666667,63.03,0
2024,NCH1,Jul,50855.90870967742,335.79387096774195,32.130322580645164,21.74483870967742,2603.6890322580643,168.6,0
2024,NCH1,Aug,47782.052903225805,382.74548387096775,30.550645161290323,19.67258064516129,2333.0125806451615,165.48000000000002,0
2024,NCH1,Sep,43752.69966666667,304.746,27.108666666666668,17.494,2020.5413333333333,315.55,0
2024,NCH1,Oct,39622.09322580645,358.3535483870968,23.62290322580645,9.180967741935484,1216.4829032258065,5.99,0
2024,NCH1,Nov,36212.66033333333,244.744,19.216666666666665,5.686333333333334,960.519,40.95,0
2024,NCH1,Dec,34632.742,226.642,13.357,-0.5243333333333333,625.0363333333333,47.12,0
2024,NEH1,Jan,33950.99161290323,209.55354838709678,-1.79,-10.669677419354839,327.16096774193545,34.09,264.9
2024,NEH1,Feb,37580.002068965514,314.5689655172414,12.608620689655172,-3.2993103448275862,447.35689655172416,8.74,1.42
2024,NEH1,Mar,42367.38580645161,325.7074193548387,13.739032258064515,-1.4538709677419355,457.0716129032258,33.45,0
2024,NEH1,Apr,47368.87966666667,409.9676666666667,20.259,4.394666666666667,602.8580000000001,73.82,0
2024,NEH1,May,51557.47967741935,392.67483870967743,24.826451612903227,10.532903225806452,1232.3116129032258,109.3,0
2024,NEH1,Jun,53606.200666666664,372.96233333333333,30.466,17.181,1979.1896666666667,99.1,0
2024,NEH1,Jul,52492.38032258065,394.2567741935484,30.50032258064516,17.749032258064517,2052.174193548387,155.17000000000002,0
2024,NEH1,Aug,48740.55516129032,366.05645161290323,30.156774193548387,17.484193548387097,2024.3806451612904,49.82,0
2024,NEH1,Sep,43866.94566666667,383.598,29.794,12.855666666666666,1510.48,4.66,0
2024,NEH1,Oct,38877.132258064514,291.8983870967742,24.08258064516129,6.776774193548387,934.4506451612903,27.75,0
2024,NEH1,Nov,34727.60633333334,184.855,11.990666666666666,0.45899999999999996,664.935,115.5,0
2024,NEH1,Dec,32785.757,180.62566666666666,6.474666666666667,-5.765333333333333,414.65999999999997,13.02,4.319999999999999
2024,NEH2,Jan,33892.47516129032,232.80064516129033,0.6012903225806453,-12.471612903225806,266.5709677419355,13.85,219.41
2024,NEH2,Feb,37545.277931034485,294.2310344827586,10.77551724137931,-4.848275862068966,340.1772413793103,31.470000000000002,12.61
2024,NEH2,Mar,42362.30935483871,345.52677419354836,11.986774193548387,-4.485161290322581,372.4670967741935,45.03,0.74
2024,NEH2,Apr,47394.481999999996,389.7393333333333,17.943666666666665,1.435,597.0336666666667,90.2,0
2024,NEH2,May,51609.99548387097,422.2674193548387,22.685806451612905,7.315483870967742,1003.0509677419354,118.2,0
2024,NEH2,Jun,53672.693333333336,396.0826666666667,29.604,14.598666666666666,1674.6236666666666,114.12,0
2024,NEH2,Jul,52551.19258064516,406.2654838709677,30.850967741935484,15.215806451612902,1743.9993548387097,90.64,0
2024,NEH2,Aug,48774.78451612903,357.98129032258066,29.357741935483872,15.808387096774194,1812.713870967742,80.14,0
2024,NEH2,Sep,43871.011333333336,392.291,29.192333333333334,10.951333333333334,1334.5246666666667,11.57,0
2024,NEH2,Oct,38850.563870967744,296.73225806451615,22.052258064516128,3.6012903225806454,802.8064516129032,25.99,0
2024,NEH2,Nov,34674.328,211.78033333333335,11.143,-3.0020000000000002,508.9583333333333,46.339999999999996,0
2024,NEH2,Dec,32719.208666666666,193.429,9.423,-6.959,373.9843333333333,0,0
2024,NEH3,Jan,33872.89161290322,235.56387096774193,1.216774193548387,-12.206451612903226,263.6541935483871,6.6499999999999995,97.39
2024,NEH3,Feb,37533.66241379311,291.47137931034484,11.182068965517242,-4.695862068965517,306.8941379310345,32.339999999999996,4.29
2024,NEH3,Mar,42360.60967741936,352.04645161290324,12.220645161290323,-4.357741935483871,356.65354838709675,43.67,2.0700000000000003
2024,NEH3,Apr,47403.045666666665,397.16433333333333,18.325666666666667,1.4796666666666667,573.7376666666667,77.88,0
2024,NEH3,May,51627.56935483871,421.5106451612903,22.965806451612902,7.424193548387096,979.7093548387097,99.66,0
2024,NEH3,Jun,53694.948,401.827,29.758666666666667,14.803333333333333,1679.588,101.53,0
2024,NEH3,Jul,52570.875483870965,418.3470967741936,30.97,15.365806451612903,1763.1851612903226,80.7,0
2024,NEH3,Aug,48786.23612903226,361.57516129032257,29.659354838709678,15.99258064516129,1834.3858064516128,60.730000000000004,0
2024,NEH3,Sep,43872.371666666666,390.387,29.471333333333334,11.138666666666667,1345.7396666666666,11.4,0
2024,NEH3,Oct,38841.67548387097,296.541935483871,22.364193548387096,3.779677419354839,796.3187096774194,23.77,0
2024,NEH3,Nov,34656.49833333334,214.51833333333335,11.608666666666666,-2.9883333333333333,509.832,42.39,0
2024,NEH3,Dec,32696.933333333334,192.11433333333332,9.863,-6.753,379.9696666666667,0,0
2024,NYH2,Jan,33307.96709677419,160.44225806451612,0.8819354838709678,-4.794838709677419,454.39193548387095,100.63,63.41
2024,NYH2,Feb,37199.340689655175,261.6548275862069,4.7475862068965515,-4.821034482758621,451.53275862068966,27.63,29.34
2024,NYH2,Mar,42311.790322580644,306.7590322580645,8.743870967741936,-1.261290322580645,579.4032258064516,77.33,118.46
2024,NYH2,Apr,47649.39566666666,376.08666666666664,13.772,2.719666666666667,768.3373333333334,87.55,0
2024,NYH2,May,52134.17129032258,366.77,21.879032258064516,10.403870967741936,1280.1661290322581,76.37,0
2024,NYH2,Jun,54337.621333333336,362.38233333333335,25.268,13.794666666666666,1608.533,109.4,0
2024,NYH2,Jul,53138.67161290323,374.53645161290325,27.70774193548387,16.27258064516129,1869.9512903225807,81.83,0
2024,NYH2,Aug,49115.80064516129,329.62225806451613,24.708709677419353,15.048064516129033,1733.5154838709677,152.21,0
2024,NYH2,Sep,43911.46333333333,318.672,23.09466666666667,11.874,1406.3533333333332,49.24,0
2024,NYH2,Oct,38586.019677419354,267.4225806451613,16.955161290322582,4.68,877.9516129032259,47.98,0
2024,NYH2,Nov,34142.49866666667,153.62,9.846333333333334,1.2103333333333333,688.9193333333334,89.91000000000001,0
2024,NYH2,Dec,32053.712,151.77566666666667,2.118,-5.257666666666667,447.00866666666667,62.02,33.24
2024,NYH3,Jan,33307.96709677419,160.44225806451612,0.8819354838709678,-4.794838709677419,454.39193548387095,100.63,63.41
2024,NYH3,Feb,37199.340689655175,261.6548275862069,4.7475862068965515,-4.821034482758621,451.53275862068966,27.63,29.34
2024,NYH3,Mar,42311.790322580644,306.7590322580645,8.743870967741936,-1.261290322580645,579.4032258064516,77.33,118.46
2024,NYH3,Apr,47649.39566666666,376.08666666666664,13.772,2.719666666666667,768.3373333333334,87.55,0
2024,NYH3,May,52134.17129032258,366.77,21.879032258064516,10.403870967741936,1280.1661290322581,76.37,0
2024,NYH3,Jun,54337.621333333336,362.38233333333335,25.268,13.794666666666666,1608.533,109.4,0
2024,NYH3,Jul,53138.67161290323,374.53645161290325,27.70774193548387,16.27258064516129,1869.9512903225807,81.83,0
2024,NYH3,Aug,49115.80064516129,329.62225806451613,24.708709677419353,15.048064516129033,1733.5154838709677,152.21,0
2024,NYH3,Sep,43911.46333333333,318.672,23.09466666666667,11.874,1406.3533333333332,49.24,0
2024,NYH3,Oct,38586.019677419354,267.4225806451613,16.955161290322582,4.68,877.9516129032259,47.98,0
2024,NYH3,Nov,34142.49866666667,153.62,9.846333333333334,1.2103333333333333,688.9193333333334,89.91000000000001,0
2024,NYH3,Dec,32053.712,151.77566666666667,2.118,-5.257666666666667,447.00866666666667,62.02,33.24
2024,OHH1,Jan,33989.81032258065,172.65612903225806,1.572258064516129,-4.580967741935484,478.7945161290323,75.47,12.14
2024,OHH1,Feb,37603.04551724138,297.75586206896554,8.552068965517241,-3.100344827586207,509.07620689655175,41.01,0
2024,OHH1,Mar,42370.75548387097,312.77612903225804,11.483548387096775,0.45774193548387093,656.2874193548387,71.59,0
2024,OHH1,Apr,47351.88733333333,375.2486666666667,17.667333333333332,6.212666666666666,995.2953333333334,122.39,0
2024,OHH1,May,51522.63741935484,380.74387096774194,23.935483870967744,12.139677419354838,1447.6087096774195,126.89,0
2024,OHH1,Jun,53562.098333333335,401.54533333333336,27.480666666666668,15.375666666666667,1799.2086666666667,54.12,0
2024,OHH1,Jul,52453.36838709677,387.0722580645161,28.77,16.53451612903226,1909.2374193548387,96.4,0
2024,OHH1,Aug,48717.83903225807,364.4622580645161,27.924193548387098,15.835161290322581,1846.5493548387096,127.91,0
2024,OHH1,Sep,43864.24566666667,313.646,25.751666666666665,12.98,1530.828,72.83,0
2024,OHH1,Oct,38894.764516129035,304.24451612903226,19.771612903225805,5.502903225806452,943.0629032258064,14.25,0
2024,OHH1,Nov,34762.95366666667,157.15966666666665,11.7,2.9183333333333334,789.13,78.29,0
2024,OHH1,Dec,32829.89666666667,178.43133333333333,4.490666666666667,-3.2703333333333333,508.845,78.95,23.56
2024,ONH3,Jan,32278.90129032258,163.50451612903225,-2.445483870967742,-9.686451612903225,319.411935483871,70.75,1251.31
2024,ONH3,Feb,36594.5475862069,276.7286206896552,1.4127586206896552,-8.73,345.3644827586207,18.41,1299.12
2024,ONH3,Mar,42223.79096774194,335.0312903225807,7.1812903225806455,-3.195483870967742,506.13129032258064,36.72,652.46
2024,ONH3,Apr,48094.29866666667,344.80066666666664,12.512333333333334,1.1123333333333334,665.677,112.89,0
2024,ONH3,May,53055.10612903226,381.96290322580643,21.056129032258063,9.628387096774194,1202.5770967741935,80.14,0
2024,ONH3,Jun,55511.87533333333,358.50466666666665,24.632,13.427666666666667,1570.0149999999999,165.82999999999998,0
2024,ONH3,Jul,54173.07548387097,364.16806451612905,27.23483870967742,16.08774193548387,1849.9625806451613,112.05,0
2024,ONH3,Aug,49711.974516129034,335.0106451612903,25.56064516129032,14.483225806451612,1677.5790322580644,140.02,0
2024,ONH3,Sep,43981.924333333336,323.09133333333335,23.502,10.740333333333334,1307.3443333333332,44.74,0
2024,ONH3,Oct,38124.213548387095,242.79,15.93741935483871,3.3129032258064517,806.046129032258,57.15,0
2024,ONH3,Nov,33207.905666666666,142.308,8.368,-0.04966666666666667,629.6483333333333,65.09,0
2024,ONH3,Dec,30878.427333333333,142.476,-1.7026666666666668,-8.851333333333333,340.1046666666667,81.34,573.03
2024,SCH1,Jan,35872.61096774194,250.22612903225806,11.425161290322581,-1.0541935483870966,616.5448387096774,263.14,1.89
2024,SCH1,Feb,38728.51448275862,328.8141379310345,16.46,2.018965517241379,734.5317241379311,91.44,0
2024,SCH1,Mar,42535.98193548387,365.47129032258067,19.91741935483871,6,959.6612903225806,185.14,0
2024,SCH1,Apr,46520.51666666667,394.556,23.475,10.316666666666666,1292.5096666666666,49.01,0
2024,SCH1,May,49829.27483870968,383.7935483870968,27.171290322580646,15.837741935483871,1816.9029032258065,160.48,0
2024,SCH1,Jun,51429.366,415.53166666666664,31.350666666666665,19.301,2260.994,51.64,0
2024,SCH1,Jul,50561.28451612903,361.3487096774194,32.69935483870968,21.693548387096772,2596.346129032258,116.85000000000001,0
2024,SCH1,Aug,47608.349677419355,421.65806451612906,32.355483870967745,19.845806451612905,2275.8606451612904,30.259999999999998,0
2024,SCH1,Sep,43731.923,302.50466666666665,27.984333333333332,18.105,2060.25,273.53,0
2024,SCH1,Oct,39757.28451612903,363.5832258064516,24.788387096774194,10.241290322580646,1304.0116129032258,1.29,0
2024,SCH1,Nov,36480.496666666666,227.015,19.36766666666667,8.209,1161.9296666666667,72.42,0
2024,SCH1,Dec,34964.382666666665,224.141,12.894666666666668,0.8119999999999999,684.1373333333333,145.27,0
2024,TXH1,Jan,36955.68096774194,266.0725806451613,14.859032258064516,2.9038709677419354,800.49,204.7,0
2024,TXH1,Feb,39381.995517241376,326.9886206896552,21.36,9.261034482758621,1226.781724137931,94.42,0
2024,TXH1,Mar,42632.404516129034,370.43451612903226,23.82677419354839,12.814516129032258,1529.5003225806452,51.3,0
2024,TXH1,Apr,46036.667,384.02166666666665,27.309666666666665,16.57133333333333,1950.0006666666666,198.93,0
2024,TXH1,May,48852.55064516129,376.26290322580644,30.86516129032258,21.363870967741935,2568.6670967741934,276.18,0
2024,TXH1,Jun,50207.332,389.1766666666667,34.25666666666667,23.926,2977.9196666666667,68.11,0
2024,TXH1,Jul,49473.02451612903,358.22645161290325,33.55225806451613,23.92967741935484,2975.461935483871,171.67,0
2024,TXH1,Aug,46964.12387096774,402.80548387096775,35.91903225806452,24.56193548387097,3089.8487096774193,10.68,0
2024,TXH1,Sep,43654.69266666667,391.26166666666666,33.836666666666666,21.092,2534.0153333333333,21.75,0
2024,TXH1,Oct,40259.12096774194,358.90032258064514,32.44225806451613,16.977096774193548,1547.5012903225806,0,0
2024,TXH1,Nov,37470.874,290.457,26.084,11.683666666666667,1249.6836666666666,62.269999999999996,0
2024,TXH1,Dec,36187.38766666667,228.66966666666667,20.784333333333333,9.009333333333334,1205.0363333333335,87.7,0
2024,WIH1,Jan,33182.52387096774,163.87225806451613,-2.741290322580645,-8.840967741935485,369.48290322580647,65.28999999999999,18.85
2024,WIH1,Feb,37125.317931034486,312.9593103448276,7.13103448275862,-5.346896551724138,423.53620689655173,19.07,172.47
2024,WIH1,Mar,42300.9970967742,293.36290322580646,9.841935483870968,-2.047741935483871,535.2854838709677,113.46,9.459999999999999
2024,WIH1,Apr,47703.901666666665,379.0233333333333,15.107666666666667,3.0893333333333333,785.123,122.36999999999999,0
2024,WIH1,May,52246.565161290324,386.4858064516129,22.857419354838708,9.427741935483871,1193.004193548387,179.71,0
2024,WIH1,Jun,54480.508,349.99533333333335,26.304000000000002,15.027000000000001,1745.2963333333332,195.29,0
2024,WIH1,Jul,53264.756451612906,378.95612903225805,27.52225806451613,15.98741935483871,1832.744193548387,223.29,0
2024,WIH1,Aug,49188.76774193548,371.25387096774193,27.153548387096773,15.307419354838709,1783.7509677419355,72.47,0
2024,WIH1,Sep,43920.10666666667,361.88033333333334,26.059,10.694333333333333,1299.5546666666667,104.72,0
2024,WIH1,Oct,38529.449677419354,261.5993548387097,19.598387096774193,4.8832258064516125,900.8632258064516,76.79,0
2024,WIH1,Nov,34028.450333333334,145.459,8.778333333333332,0.727,683.0939999999999,88.39,0
2024,WIH1,Dec,31910.701,161.231,0.902,-7.788666666666667,375.1666666666667,33.56,85.89
2024,WIH2,Jan,33097.98483870968,164.05354838709678,-2.631290322580645,-8.834193548387097,368.24870967741936,61.58,88.86
2024,WIH2,Feb,37075.47896551724,306.11034482758623,6.8227586206896556,-5.549655172413793,417.2010344827586,16.83,130.97
2024,WIH2,Mar,42293.73322580645,299.49806451612903,9.692258064516128,-2.6393548387096772,511.84548387096777,92.39,31.63
2024,WIH2,Apr,47740.592666666664,373.016,15.097,2.7466666666666666,760.3996666666667,111.49,0
2024,WIH2,May,52322.29129032258,377.8238709677419,22.645806451612902,9.289354838709677,1182.168064516129,199.04999999999998,0
2024,WIH2,Jun,54576.83966666667,355.37333333333333,26.086666666666666,14.797333333333333,1719.9163333333333,255.73,0
2024,WIH2,Jul,53349.72967741935,385.25129032258064,27.517096774193547,15.802903225806451,1811.8754838709679,137.13,0
2024,WIH2,Aug,49237.89838709677,361.1,26.97967741935484,15.064193548387097,1757.998064516129,65.44,0
2024,WIH2,Sep,43925.92333333333,359.539,25.915666666666667,10.592666666666666,1291.9986666666666,71.8,0
2024,WIH2,Oct,38491.36870967742,257.1835483870968,19.504516129032258,4.699354838709677,890.6112903225807,99.5,0
2024,WIH2,Nov,33951.61066666667,141.04966666666667,8.816333333333333,0.7316666666666667,682.4673333333333,90.32,0
2024,WIH2,Dec,31814.285,159.13433333333333,0.876,-8.122666666666667,369.3396666666667,33.79,138.41
2024,WIH3,Jan,32796.1564516129,147.36741935483872,-2.596774193548387,-8.144838709677419,385.1425806451613,42.57,18.7
2024,WIH3,Feb,36897.839655172414,273.4455172413793,6.134137931034483,-6.146896551724138,400.1803448275862,8.120000000000001,0
2024,WIH3,Mar,42267.867741935486,309.1258064516129,8.798709677419355,-3.954516129032258,450.68967741935484,52.88,147.35
2024,WIH3,Apr,47871.314333333336,362.988,14.077666666666667,1.8976666666666666,676.609,139.01,37.88
2024,WIH3,May,52592.518387096774,369.22064516129035,21.484516129032258,8.533548387096774,1123.2296774193549,192.32,0
2024,WIH3,Jun,54921.035,358.85433333333333,24.953,13.61,1589.451,130.39000000000001,0
2024,WIH3,Jul,53653.117419354836,383.9793548387097,26.960967741935484,15.189677419354839,1746.8709677419356,145.91,0
2024,WIH3,Aug,49413.007741935486,357.111935483871,26.171935483870968,14.59258064516129,1698.088064516129,138.52,0
2024,WIH3,Sep,43946.634666666665,360.07933333333335,25.638,10.317,1270.8306666666667,46.61,0
2024,WIH3,Oct,38355.68548387097,254.77225806451614,18.638709677419357,3.5706451612903227,819.5941935483871,52.53,0
2024,WIH3,Nov,33677.386333333336,130.129,7.889,-0.09533333333333324,636.532,111.4,0
2024,WIH3,Dec,31469.790333333334,156.08866666666665,-0.29233333333333333,-8.601666666666667,355.936,33.49,107.62
